jenjang,asal,angkatan,institusi,n,disamarkan
S1,sma,0,SMAN 1 YOGYAKARTA,64.0,False
S1,sma,0,SMAN 3 YOGYAKARTA,64.0,False
S1,sma,0,SMAN 8 YOGYAKARTA,51.0,False
S1,sma,0,SMAN 5 YOGYAKARTA,49.0,False
S1,sma,0,SMAN 6 YOGYAKARTA,49.0,False
S1,sma,0,SMAN 2 YOGYAKARTA,39.0,False
S1,sma,0,SMAN 7 YOGYAKARTA,35.0,False
S1,sma,0,SMA NEGERI 1 BANTUL,29.0,False
S1,sma,0,SMAN 1 GODEAN,29.0,False
S1,sma,0,MAN 1 YOGYAKARTA,28.0,False
S1,sma,0,SMAN 9 YOGYAKARTA,28.0,False
S1,sma,0,SMAN 1 PURWOREJO,26.0,False
S1,sma,0,SMA NEGERI 1 PEKALONGAN,25.0,False
S1,sma,0,SMAN 1 SLEMAN,25.0,False
S1,sma,0,SMAS MUHAMMADIYAH 1 YOGYAKARTA,25.0,False
S1,sma,0,SMKN 2 DEPOK,25.0,False
S1,sma,0,SMA NEGERI 1 CILACAP,23.0,False
S1,sma,0,SMA NEGERI 1 PATI,23.0,False
S1,sma,0,SMA NEGERI 2 BANTUL,23.0,False
S1,sma,0,SMK SMTI YOGYAKARTA,23.0,False
S1,sma,0,SMA NEGERI 1 WONOSOBO,22.0,False
S1,sma,0,SMAN 1 KALASAN,22.0,False
S1,sma,0,SMA PRADITA DIRGANTARA,21.0,False
S1,sma,0,SMAN 1 KLATEN,21.0,False
S1,sma,0,SMAS KOLESE DE BRITTO DEPOK,21.0,False
S1,sma,0,SMAN 11 YOGYAKARTA,20.0,False
S1,sma,0,SMAN 1 DEPOK,19.0,False
S1,sma,0,SMAN 1 KEBUMEN,19.0,False
S1,sma,0,SMA N 1 SRAGEN,18.0,False
S1,sma,0,SMA NEGERI 1 TEMANGGUNG,18.0,False
S1,sma,0,SMAN 1 GOMBONG,18.0,False
S1,sma,0,SMAN 1 SURAKARTA,18.0,False
S1,sma,0,SMAN 2 KEDIRI,18.0,False
S1,sma,0,MAN 2 KOTA MALANG,17.0,False
S1,sma,0,SMAN 1 BOYOLALI,17.0,False
S1,sma,0,SMAS TARUNA NUSANTARA,17.0,False
S1,sma,0,SMAN 78 JAKARTA,16.0,False
S1,sma,0,SMAN 1 PURWOKERTO,15.0,False
S1,sma,0,MAS UNGGULAN AMANATUL UMMAH SURABAYA,14.0,False
S1,sma,0,SMA NEGERI 1 WATES,14.0,False
S1,sma,0,SMA NEGERI 2 YOGYAKARTA,14.0,False
S1,sma,0,SMAN 2 PURWOKERTO,14.0,False
S1,sma,0,SMA NEGERI 8 PEKANBARU,13.0,False
S1,sma,0,SMAN 1 KUDUS,13.0,False
S1,sma,0,SMAN 3 SURAKARTA,13.0,False
S1,sma,0,SMAS SUTOMO 1,13.0,False
S1,sma,0,SMA NEGERI 1 PURWOREJO,12.0,False
S1,sma,0,SMAN 1 BUKITTINGGI,12.0,False
S1,sma,0,SMAN 1 MUNTILAN,12.0,False
S1,sma,0,SMAN 3 MEDAN,12.0,False
S1,sma,0,MAN 4 JAKARTA,11.0,False
S1,sma,0,SMA LABSCHOOL JAKARTA,11.0,False
S1,sma,0,SMA NEGERI 3 CILACAP,11.0,False
S1,sma,0,SMAN 1 PAKEM,11.0,False
S1,sma,0,SMAN 1 SALATIGA,11.0,False
S1,sma,0,SMAN 1 SUKOHARJO,11.0,False
S1,sma,0,SMAS STELLA DUCE 1,11.0,False
S1,sma,0,SMA DARUL ULUM 2 UNGGULAN BPPT,10.0,False
S1,sma,0,SMA LABSCHOOL KEBAYORAN,10.0,False
S1,sma,0,SMA NEGERI 1 MATARAM,10.0,False
S1,sma,0,SMA NEGERI 1 MUNTILAN,10.0,False
S1,sma,0,SMA NEGERI 1 PURWOKERTO,10.0,False
S1,sma,0,SMA NEGERI 1 YOGYAKARTA,10.0,False
S1,sma,0,SMA PANGUDI LUHUR VAN LITH MUNTILAN,10.0,False
S1,sma,0,SMA ISLAM AL AZHAR 9 YOGYAKARTA,9.0,False
S1,sma,0,SMA KESATUAN BANGSA,9.0,False
S1,sma,0,SMA LABSCHOOL CIBUBUR,9.0,False
S1,sma,0,SMA LABSCHOOL CIRENDEU,9.0,False
S1,sma,0,SMA N 1 CAWAS,9.0,False
S1,sma,0,SMA NEGERI 1 BANGUNTAPAN,9.0,False
S1,sma,0,SMA NEGERI 1 BANYUMAS,9.0,False
S1,sma,0,SMA NEGERI 1 KASIHAN,9.0,False
S1,sma,0,SMA NEGERI 1 KLATEN,9.0,False
S1,sma,0,SMAN 1 BALIKPAPAN,9.0,False
S1,sma,0,SMAN 1 BANJARNEGARA,9.0,False
S1,sma,0,SMAN 1 CIREBON,9.0,False
S1,sma,0,SMAN 1 MAGELANG,9.0,False
S1,sma,0,SMAN 1 WONOSARI,9.0,False
S1,sma,0,SMAN 2 KOTA TANGERANG SELATAN,9.0,False
S1,sma,0,SMAN 2 MADIUN,9.0,False
S1,sma,0,SMAN 3 JAKARTA,9.0,False
S1,sma,0,MAN 1 SURAKARTA,8.0,False
S1,sma,0,MAS HUSNUL KHOTIMAH,8.0,False
S1,sma,0,SMA NEGERI 02,8.0,False
S1,sma,0,SMA NEGERI 1 TASIKMALAYA,8.0,False
S1,sma,0,SMA NEGERI 1 UNGARAN,8.0,False
S1,sma,0,SMA NEGERI 2 PURWOKERTO,8.0,False
S1,sma,0,SMA NEGERI 7 YOGYAKARTA,8.0,False
S1,sma,0,SMA SEMESTA,8.0,False
S1,sma,0,SMAN 1 KARANGANYAR,8.0,False
S1,sma,0,SMAN 1 KOTA SERANG,8.0,False
S1,sma,0,SMAN 1 TAMBUN SELATAN,8.0,False
S1,sma,0,SMAN 2 PAYAKUMBUH,8.0,False
S1,sma,0,SMAN 5 PURWOKERTO,8.0,False
S1,sma,0,SMAS LABSCHOOL CIBUBUR,8.0,False
S1,sma,0,SEKOLAH MENENGAH TEKNOLOGI INDUSTRI YOGYAKARTA,7.0,False
S1,sma,0,SMA BUDI MULIA DUA,7.0,False
S1,sma,0,SMA N 1 PACITAN,7.0,False
S1,sma,0,SMA NEGERI 04,7.0,False
S1,sma,0,SMA NEGERI 1 JEPARA,7.0,False
S1,sma,0,SMA NEGERI 1 MAOS,7.0,False
S1,sma,0,SMA NEGERI 1 SANDEN,7.0,False
S1,sma,0,SMA NEGERI 1 SEWON,7.0,False
S1,sma,0,SMA NEGERI 11 YOGYAKARTA,7.0,False
S1,sma,0,SMA NEGERI 2 JOMBANG,7.0,False
S1,sma,0,SMA NEGERI 6 YOGYAKARTA,7.0,False
S1,sma,0,SMA TARUNA NUSANTARA,7.0,False
S1,sma,0,SMAN 1 AJIBARANG,7.0,False
S1,sma,0,SMAN 1 BATAM,7.0,False
S1,sma,0,SMAN 1 BOJONEGORO,7.0,False
S1,sma,0,SMAN 1 KEDIRI,7.0,False
S1,sma,0,SMAN 1 MEDAN,7.0,False
S1,sma,0,SMAN 1 PEMALANG,7.0,False
S1,sma,0,SMAN 1 WONOGIRI,7.0,False
S1,sma,0,SMAN 10 YOGYAKARTA,7.0,False
S1,sma,0,SMAN 2 NGAGLIK,7.0,False
S1,sma,0,SMAN 2 TAMBUN SELATAN,7.0,False
S1,sma,0,SMAN 3 PADANG,7.0,False
S1,sma,0,SMAN 3 TEGAL,7.0,False
S1,sma,0,SMAN 4 SURAKARTA,7.0,False
S1,sma,0,SMAN 61 JAKARTA,7.0,False
S1,sma,0,SMAS IT ABU BAKAR,7.0,False
S1,sma,0,SMAS MUHAMMADIYAH BOARDING SCHOOL (MBS) SLEMAN,7.0,False
S1,sma,0,SMAS UNGGUL DEL,7.0,False
S1,sma,0,MAN 2 KUDUS,6.0,False
S1,sma,0,MAN INSAN CENDEKIA PEKALONGAN,6.0,False
S1,sma,0,SMA AVICENNA JAGAKARSA,6.0,False
S1,sma,0,SMA IT AL IRSYAD AL ISLAMIYYAH PURWOKERTO,6.0,False
S1,sma,0,SMA LABSCHOOL RAWAMANGUN,6.0,False
S1,sma,0,SMA NEGERI 01,6.0,False
S1,sma,0,SMA NEGERI 1 PEKANBARU,6.0,False
S1,sma,0,SMA NEGERI 2 SEMARANG,6.0,False
S1,sma,0,SMA NEGERI 2 TEMANGGUNG,6.0,False
S1,sma,0,SMA NEGERI 4 SURAKARTA,6.0,False
S1,sma,0,SMA NEGERI AGAM CENDEKIA,6.0,False
S1,sma,0,SMA UNGGULAN CT ARSA FOUNDATION SUKOHARJO,6.0,False
S1,sma,0,SMAN 1 KARTASURA,6.0,False
S1,sma,0,SMAN 1 PADANG,6.0,False
S1,sma,0,SMAN 1 PURBALINGGA,6.0,False
S1,sma,0,SMAN 1 SOOKO,6.0,False
S1,sma,0,SMAN 2 CIREBON,6.0,False
S1,sma,0,SMAN 2 KLATEN,6.0,False
S1,sma,0,SMAN 3 BOGOR,6.0,False
S1,sma,0,SMAN 3 KLATEN,6.0,False
S1,sma,0,SMAN 4 MAGELANG,6.0,False
S1,sma,0,SMAN 4 YOGYAKARTA,6.0,False
S1,sma,0,SMAN 8 JAKARTA,6.0,False
S1,sma,0,SMAS BOPKRI 1,6.0,False
S1,sma,0,SMAS ISLAM AL-AZHAR 4,6.0,False
S1,sma,0,SMAS ISLAM TERPADU NURUL FIKRI,6.0,False
S1,sma,0,SMAS IT IBNU ABBAS,6.0,False
S1,sma,0,SMAS KOLESE LOYOLA,6.0,False
S1,sma,0,SMAS SANTO THOMAS 1 MEDAN,6.0,False
S1,sma,0,AL KHOR INTERNATIONAL SCHOOL,5.0,False
S1,sma,0,LUAR NEGERI,5.0,False
S1,sma,0,MAN 1 KOTA BEKASI,5.0,False
S1,sma,0,MAN 2 KOTA KEDIRI,5.0,False
S1,sma,0,MAN 2 PEKANBARU,5.0,False
S1,sma,0,MAN INSAN CENDEKIA SERPONG,5.0,False
S1,sma,0,MAS ALI MAKSUM,5.0,False
S1,sma,0,PKBM HOME SCHOOLING PRIMAGAMA,5.0,False
S1,sma,0,SMA BINA NUSANTARA BEKASI,5.0,False
S1,sma,0,SMA BUDI CENDEKIA ISLAMIC SCHOOL,5.0,False
S1,sma,0,SMA GARUDA CENDEKIA,5.0,False
S1,sma,0,SMA ISLAM AL-AZHAR BUMI SERPONG DAMAI,5.0,False
S1,sma,0,SMA N 1 KLATEN,5.0,False
S1,sma,0,SMA NEGERI 05,5.0,False
S1,sma,0,SMA NEGERI 1 BATANG,5.0,False
S1,sma,0,SMA NEGERI 1 KARANGANYAR,5.0,False
S1,sma,0,SMA NEGERI 1 MAGELANG,5.0,False
S1,sma,0,SMA NEGERI 1 PURBALINGGA,5.0,False
S1,sma,0,SMA NEGERI 1 SALATIGA,5.0,False
S1,sma,0,SMA NEGERI 1 SURAKARTA,5.0,False
S1,sma,0,SMA NEGERI 17 PALEMBANG,5.0,False
S1,sma,0,SMA NEGERI 2 BANGUNTAPAN,5.0,False
S1,sma,0,SMA NEGERI 3 SURAKARTA,5.0,False
S1,sma,0,SMA NEGERI 7 PURWOREJO,5.0,False
S1,sma,0,SMA S CENDANA MANDAU,5.0,False
S1,sma,0,SMA TRENSAINS MUHAMMADIYAH SRAGEN,5.0,False
S1,sma,0,SMAN 1 KEDUNGWARU,5.0,False
S1,sma,0,SMAN 1 KOTA MUNGKID,5.0,False
S1,sma,0,SMAN 1 MLATI,5.0,False
S1,sma,0,SMAN 1 PADANG PANJANG,5.0,False
S1,sma,0,SMAN 1 PRAMBANAN,5.0,False
S1,sma,0,SMAN 10 BEKASI,5.0,False
S1,sma,0,SMAN 2 BEKASI,5.0,False
S1,sma,0,SMAN 2 PONOROGO,5.0,False
S1,sma,0,SMAN 3 BOYOLALI,5.0,False
S1,sma,0,SMAN 3 MALANG,5.0,False
S1,sma,0,SMAN 39 JAKARTA,5.0,False
S1,sma,0,SMAN 5 MAGELANG,5.0,False
S1,sma,0,SMAN 81 JAKARTA,5.0,False
S1,sma,0,SMAN 90 JAKARTA,5.0,False
S1,sma,0,SMAN KEBAKKRAMAT,5.0,False
S1,sma,0,SMAS AL IRSYAD AL ISLAMIYYAH,5.0,False
S1,sma,0,SMK ANALIS KIMIA BOGOR (SMAKBO),5.0,False
S1,sma,0,MAN 1 JEMBER,4.0,False
S1,sma,0,MAN 1 KOTA MALANG,4.0,False
S1,sma,0,MAN 1 WONOSOBO,4.0,False
S1,sma,0,MAN INSAN CENDEKIA PASURUAN,4.0,False
S1,sma,0,MAN INSAN CENDEKIA TANAH LAUT,4.0,False
S1,sma,0,MAS MUHARRIKUN NAJAAH,4.0,False
S1,sma,0,SMA EDU GLOBAL,4.0,False
S1,sma,0,SMA KATOLIK ST. ALBERTUS,4.0,False
S1,sma,0,SMA MUHAMMADIYAH 1 YOGYAKARTA,4.0,False
S1,sma,0,SMA N 1 YOGYAKARTA,4.0,False
S1,sma,0,SMA N 2 SUMATERA BARAT,4.0,False
S1,sma,0,SMA N 3 YOGYAKARTA,4.0,False
S1,sma,0,SMA NEGERI 01 PALEMBANG,4.0,False
S1,sma,0,SMA NEGERI 1 BOYOLALI,4.0,False
S1,sma,0,SMA NEGERI 1 GOMBONG,4.0,False
S1,sma,0,SMA NEGERI 1 JETIS,4.0,False
S1,sma,0,SMA NEGERI 1 KEBUMEN,4.0,False
S1,sma,0,SMA NEGERI 1 KROYA,4.0,False
S1,sma,0,SMA NEGERI 1 PARAKAN,4.0,False
S1,sma,0,SMA NEGERI 1 PENGASIH,4.0,False
S1,sma,0,SMA NEGERI 1 REMBANG,4.0,False
S1,sma,0,SMA NEGERI 1 SEMARANG,4.0,False
S1,sma,0,SMA NEGERI 1 SUKOHARJO,4.0,False
S1,sma,0,SMA NEGERI 1 TAYU,4.0,False
S1,sma,0,SMA NEGERI 2 KOTA KEDIRI,4.0,False
S1,sma,0,SMA NEGERI 2 TASIKMALAYA,4.0,False
S1,sma,0,SMA NEGERI 2 WATES,4.0,False
S1,sma,0,SMA NEGERI 3 SEMARANG,4.0,False
S1,sma,0,SMA NEGERI 3 YOGYAKARTA,4.0,False
S1,sma,0,SMA NEGERI 4 YOGYAKARTA,4.0,False
S1,sma,0,SMA NEGERI 8 YOGYAKARTA,4.0,False
S1,sma,0,SMA NEGERI 81 JAKARTA,4.0,False
S1,sma,0,SMA OLIFANT,4.0,False
S1,sma,0,SMA SWASTA SUTOMO 1 MEDAN,4.0,False
S1,sma,0,SMAIT INSANTAMA PLUS,4.0,False
S1,sma,0,SMAN 1 BEKASI,4.0,False
S1,sma,0,SMAN 1 CIKARANG PUSAT,4.0,False
S1,sma,0,SMAN 1 DENPASAR,4.0,False
S1,sma,0,SMAN 1 DUKUN,4.0,False
S1,sma,0,SMAN 1 GARUT,4.0,False
S1,sma,0,SMAN 1 JATINOM,4.0,False
S1,sma,0,SMAN 1 KARANGNONGKO,4.0,False
S1,sma,0,SMAN 1 KARAWANG,4.0,False
S1,sma,0,SMAN 1 KENDAL,4.0,False
S1,sma,0,SMAN 1 LAWANG,4.0,False
S1,sma,0,SMAN 1 MAGETAN,4.0,False
S1,sma,0,SMAN 1 SEWON,4.0,False
S1,sma,0,SMAN 1 SIDIKALANG,4.0,False
S1,sma,0,SMAN 1 SIMO,4.0,False
S1,sma,0,SMAN 1 SLAWI,4.0,False
S1,sma,0,SMAN 1 SUMBAWA BESAR,4.0,False
S1,sma,0,SMAN 1 TEGAL,4.0,False
S1,sma,0,SMAN 1 TUALANG,4.0,False
S1,sma,0,SMAN 11 BEKASI,4.0,False
S1,sma,0,SMAN 2 CIBINONG,4.0,False
S1,sma,0,SMAN 2 KOTA DEPOK,4.0,False
S1,sma,0,SMAN 2 PURWOREJO,4.0,False
S1,sma,0,SMAN 2 SLEMAN,4.0,False
S1,sma,0,SMAN 21 JAKARTA,4.0,False
S1,sma,0,SMAN 3 BATAM,4.0,False
S1,sma,0,SMAN 38 JAKARTA,4.0,False
S1,sma,0,SMAN 4 BEKASI,4.0,False
S1,sma,0,SMAN 4 DENPASAR,4.0,False
S1,sma,0,SMAN 4 JEMBER,4.0,False
S1,sma,0,SMAN 4 KENDARI,4.0,False
S1,sma,0,SMAN 47 JAKARTA,4.0,False
S1,sma,0,SMAN 68 JAKARTA,4.0,False
S1,sma,0,SMAN 7 PURWOREJO,4.0,False
S1,sma,0,SMAN 70 JAKARTA,4.0,False
S1,sma,0,SMAN 71 JAKARTA,4.0,False
S1,sma,0,SMAN PLUS PROP RIAU,4.0,False
S1,sma,0,SMAS AL IZHAR JAKARTA,4.0,False
S1,sma,0,SMAS ISLAM AL-AZHAR 3 JAKARTA,4.0,False
S1,sma,0,SMAS ISLAM AL-AZHAR BSD,4.0,False
S1,sma,0,SMAS METHODIST 2 MEDAN,4.0,False
S1,sma,0,SMAS MTA SURAKARTA,4.0,False
S1,sma,0,SMAS PESANTREN UNGGUL AL BAYAN,4.0,False
S1,sma,0,SMAS PLUS PEMBANGUNAN JAYA,4.0,False
S1,sma,0,SMAS REGINA PACIS SURAKARTA,4.0,False
S1,sma,0,SMKN 3 MADIUN,4.0,False
S1,sma,0,MAN 1 KARANGANYAR,3.0,False
S1,sma,0,MAN 1 PEKANBARU,3.0,False
S1,sma,0,MAN 2 KEBUMEN,3.0,False
S1,sma,0,MAN 2 KOTA SERANG,3.0,False
S1,sma,0,MAN 2 WONOSOBO,3.0,False
S1,sma,0,MAN 7 JAKARTA,3.0,False
S1,sma,0,MAN BATAM,3.0,False
S1,sma,0,MAN INSAN CENDEKIA JAMBI,3.0,False
S1,sma,0,MAN INSAN CENDEKIA PASER,3.0,False
S1,sma,0,MAN YOGYAKARTA 3,3.0,False
S1,sma,0,MAS MUALLIMIN MUHAMMADIYAH,3.0,False
S1,sma,0,MENTARI INTERCULTURAL SCHOOL BINTARO,3.0,False
S1,sma,0,PKBM P3K SI LUAR NEGERI SINGAPURA,3.0,False
S1,sma,0,SEKOLAH GLOBAL MANDIRI,3.0,False
S1,sma,0,SMA AL-ABIDIN BILINGUAL BOARDING SCHOOL,3.0,False
S1,sma,0,SMA BINA NUSANTARA SERPONG (BINUS),3.0,False
S1,sma,0,SMA BUDI UTAMA,3.0,False
S1,sma,0,SMA CENDANA PEKANBARU,3.0,False
S1,sma,0,SMA FITRAH ISLAMIC WORLD ACADEMY,3.0,False
S1,sma,0,SMA IBNU HAJAR BOARDING SCHOOL,3.0,False
S1,sma,0,SMA INSAN CENDEKIA AL KAUSAR,3.0,False
S1,sma,0,SMA ISLAM AL-AZHAR 8,3.0,False
S1,sma,0,SMA ISLAM TERPADU AULIYA,3.0,False
S1,sma,0,SMA IT AL ITTIHAD,3.0,False
S1,sma,0,SMA JAKARTA ISLAMIC SCHOOL,3.0,False
S1,sma,0,SMA KATOLIK ST. LOUIS 1 SURABAYA,3.0,False
S1,sma,0,SMA MARSUDIRINI BEKASI,3.0,False
S1,sma,0,SMA MUTIARA BUNDA,3.0,False
S1,sma,0,SMA N 1 BOYOLALI,3.0,False
S1,sma,0,SMA N 1 PURWOREJO,3.0,False
S1,sma,0,SMA N 1 TEMANGGUNG,3.0,False
S1,sma,0,SMA N 1 WONOSARI,3.0,False
S1,sma,0,SMA N 5 YOGYAKARTA,3.0,False
S1,sma,0,SMA N 6 YOGYAKARTA,3.0,False
S1,sma,0,SMA NEGERI 03,3.0,False
S1,sma,0,SMA NEGERI 09,3.0,False
S1,sma,0,SMA NEGERI 1 AMBARAWA,3.0,False
S1,sma,0,SMA NEGERI 1 DEPOK,3.0,False
S1,sma,0,SMA NEGERI 1 KUDUS,3.0,False
S1,sma,0,SMA NEGERI 1 LASEM,3.0,False
S1,sma,0,SMA NEGERI 1 MAJENANG,3.0,False
S1,sma,0,SMA NEGERI 1 SENTOLO,3.0,False
S1,sma,0,SMA NEGERI 1 SLEMAN,3.0,False
S1,sma,0,SMA NEGERI 1 TRENGGALEK,3.0,False
S1,sma,0,SMA NEGERI 1 WONOGIRI,3.0,False
S1,sma,0,SMA NEGERI 2 CIREBON,3.0,False
S1,sma,0,SMA NEGERI 3 BANDUNG,3.0,False
S1,sma,0,SMA NEGERI 4 PEKALONGAN,3.0,False
S1,sma,0,SMA NEGERI 47 JAKARTA,3.0,False
S1,sma,0,SMA NEGERI 5 KOTA BEKASI,3.0,False
S1,sma,0,SMA NEGERI 5 PEKAN BARU,3.0,False
S1,sma,0,SMA NEGERI 70 JAKARTA,3.0,False
S1,sma,0,SMA NEGERI 78 JAKARTA,3.0,False
S1,sma,0,SMA PLUS AR RAHMAT,3.0,False
S1,sma,0,SMA S AL KAUTSAR,3.0,False
S1,sma,0,SMA SAHABATQU,3.0,False
S1,sma,0,SMA SCIENCE PLUS BAITUL QURAN BOARDING SCHOOL,3.0,False
S1,sma,0,SMA/SMK/MA LAIN-LAIN,3.0,False
S1,sma,0,SMAN 01 TALUN,3.0,False
S1,sma,0,SMAN 1 BAE KUDUS,3.0,False
S1,sma,0,SMAN 1 BANTUL,3.0,False
S1,sma,0,SMAN 1 BOGOR,3.0,False
S1,sma,0,SMAN 1 BOYOLANGU,3.0,False
S1,sma,0,SMAN 1 CIANJUR,3.0,False
S1,sma,0,SMAN 1 CIKARANG UTARA,3.0,False
S1,sma,0,SMAN 1 JAKARTA,3.0,False
S1,sma,0,SMAN 1 KARANGANOM,3.0,False
S1,sma,0,SMAN 1 MALANG,3.0,False
S1,sma,0,SMAN 1 NGAWI,3.0,False
S1,sma,0,SMAN 1 PACITAN,3.0,False
S1,sma,0,SMAN 1 PASURUAN,3.0,False
S1,sma,0,SMAN 1 PATI,3.0,False
S1,sma,0,SMAN 1 PONOROGO,3.0,False
S1,sma,0,SMAN 1 PONTIANAK,3.0,False
S1,sma,0,SMAN 1 PRINGSEWU,3.0,False
S1,sma,0,SMAN 1 PURWAKARTA,3.0,False
S1,sma,0,SMAN 1 REJANG LEBONG,3.0,False
S1,sma,0,SMAN 1 SETU,3.0,False
S1,sma,0,SMAN 1 SRAGEN,3.0,False
S1,sma,0,SMAN 1 TALUN,3.0,False
S1,sma,0,SMAN 2 BALIGE,3.0,False
S1,sma,0,SMAN 2 LUMAJANG,3.0,False
S1,sma,0,SMAN 2 PARE,3.0,False
S1,sma,0,SMAN 2 SALATIGA,3.0,False
S1,sma,0,SMAN 2 SURAKARTA,3.0,False
S1,sma,0,SMAN 22 JAKARTA,3.0,False
S1,sma,0,SMAN 28 JAKARTA,3.0,False
S1,sma,0,SMAN 3 KOTA JAMBI,3.0,False
S1,sma,0,SMAN 3 MAGELANG,3.0,False
S1,sma,0,SMAN 3 SUKOHARJO,3.0,False
S1,sma,0,SMAN 4 JAYAPURA,3.0,False
S1,sma,0,SMAN 43 JAKARTA,3.0,False
S1,sma,0,SMAN 5 BANDAR LAMPUNG,3.0,False
S1,sma,0,SMAN 77 JAKARTA,3.0,False
S1,sma,0,SMAN 99 JAKARTA,3.0,False
S1,sma,0,SMAS AL-IZZAH BATU,3.0,False
S1,sma,0,SMAS ANGKASA 1 H PERDANAKUSUMA,3.0,False
S1,sma,0,SMAS BATIK 1 SURAKARTA,3.0,False
S1,sma,0,SMAS GLOBAL MANDIRI,3.0,False
S1,sma,0,SMAS GLOBAL PRESTASI,3.0,False
S1,sma,0,SMAS ISLAM PANGLIMA BESAR SOEDIRMAN,3.0,False
S1,sma,0,SMAS IT AL BINAA,3.0,False
S1,sma,0,SMAS IT AS-SYIFA BOARDING SCHOOL,3.0,False
S1,sma,0,SMAS MARSUDIRINI,3.0,False
S1,sma,0,SMAS MUHAMMADIYAH 2 YOGYAKARTA,3.0,False
S1,sma,0,SMAS MUHAMMADIYAH WONOSOBO,3.0,False
S1,sma,0,SMAS MUTIARA HARAPAN,3.0,False
S1,sma,0,SMAS PANGUDI LUHUR,3.0,False
S1,sma,0,SMAS SANTA URSULA BSD,3.0,False
S1,sma,0,SMAS SULUH JAKARTA,3.0,False
S1,sma,0,SMAS YAYASAN PENDIDIKAN VIDYA DAHANA PATRA,3.0,False
S1,sma,0,SMK NEGERI 1 BANTUL,3.0,False
S1,sma,0,SMKN 13 BANDUNG,3.0,False
S1,sma,0,SMKN 2 CILEGON,3.0,False
S1,sma,0,"SMU DWIWARNA, PARUNG",3.0,False
S1,sma,0,AL AZHAR 28 IIBS SENIOR HIGH,,True
S1,sma,0,"AL KHOR INTERNATIONAL SCHOOL, STATE OF QATAR",,True
S1,sma,0,AL-IZHAR PONDOK LABU,,True
S1,sma,0,ALPHA CAMBRIDGE SCHOOL,,True
S1,sma,0,ASSIUT SECONDARY MECHANICAL SCHOOL EGYPTIAN,,True
S1,sma,0,BINUS SCHOOL BEKASI,,True
S1,sma,0,BINUS SCHOOL SERPONG,,True
S1,sma,0,BUDI MULIA DUA,,True
S1,sma,0,CITRA ISLAMI,,True
S1,sma,0,COLUMBIA INTERNATIONAL COLLEGE,,True
S1,sma,0,DALIAN ROYAL SCHOOL,,True
S1,sma,0,DARUL QURAN MULIA,,True
S1,sma,0,DEIRA INTERNATIONAL SCHOOL,,True
S1,sma,0,DUKHAN ENGLISH SCHOOL,,True
S1,sma,0,DWIWARNA HIGH SCHOOL,,True
S1,sma,0,ENGLISH MODERN SCHOOL DOHA,,True
S1,sma,0,FITRAH ISLAMIC WORLD ACADEMY,,True
S1,sma,0,GANDHI MEMORIAL INTERCONTINENTAL SCHOOL,,True
S1,sma,0,HIGHFIELD SECONDARY SCHOOL,,True
S1,sma,0,HSPG YOGYAKARTA,,True
S1,sma,0,INDIANA UNIVERSITY HIGH SCHOOL,,True
S1,sma,0,INTERNATIONAL ISLAMIC BOARDING SCHOOL,,True
S1,sma,0,INTERNATIONAL ISLAMIC HIGH SCHOOL,,True
S1,sma,0,"ISLAMIA COLLEGE, CAPE TOWN, SOUTH AFRICA",,True
S1,sma,0,JAPAN,,True
S1,sma,0,JEPANG,,True
S1,sma,0,KOREA SCIENCE ACADEMY OF KAIST,,True
S1,sma,0,KULLIYATUL MU'ALLIMIN AL-ISLAMIYAH (KMI) PP MODERN GONTOR PONOROGO,,True
S1,sma,0,KULLIYATUL MU`ALLIMIN AL-ISLAMIYAH (KMI) PP MODERN GONTOR PONOROGO,,True
S1,sma,0,LABSCHOOL CIBUBUR,,True
S1,sma,0,LABSCHOOL KEBAYORAN,,True
S1,sma,0,MA AL HIJRAH,,True
S1,sma,0,MA AL IRSYAD TENGARAN,,True
S1,sma,0,MA AL TSAQAFAH,,True
S1,sma,0,MA AL- AZHAR ASY-SYARIF SUMATERA UTARA,,True
S1,sma,0,MA AS'ADIYAH SUNGAI NYAMUK,,True
S1,sma,0,MA HUSNUL KHOTIMAH,,True
S1,sma,0,MA ISLAM TERPADU DARUL FIKRI,,True
S1,sma,0,MA ISLAMIC CENTRE BIN BAZ,,True
S1,sma,0,MA I`ANATUTH-THULLAB,,True
S1,sma,0,MA JAMILURRAHMAN WIROKERTEN BANGUNTAPAN BANTUL,,True
S1,sma,0,MA MA,,True
S1,sma,0,MA MATHALIBUL HUDA MLONGGO,,True
S1,sma,0,MA MATHOLI'UL ANWAR,,True
S1,sma,0,MA MATHOLI'UL HUDA BUGEL,,True
S1,sma,0,MA MIFTAHUNNAJAH SLEMAN,,True
S1,sma,0,MA MILBOS ( MAGHFIRAH ISLAMIC LEADERSHIP BOARDING SCHOOL),,True
S1,sma,0,MA NEGERI 1 KOTA SEMARANG,,True
S1,sma,0,MA NEGERI 1 PASURUAN,,True
S1,sma,0,"MA NEGERI 1, YOGYAKARTA",,True
S1,sma,0,MA NEGERI 10 JAKARTA,,True
S1,sma,0,MA NEGERI 2 PATI,,True
S1,sma,0,MA NEGERI 3 KULON PROGO,,True
S1,sma,0,MA NEGERI PURBALINGGA,,True
S1,sma,0,MA NEGERI SIDOARJO,,True
S1,sma,0,MA NEGERI WONOSOBO,,True
S1,sma,0,MA NU BANAT,,True
S1,sma,0,MA RAUDLATUL ULUM,,True
S1,sma,0,MA UNGGULAN AMANATUL UMMAH 03,,True
S1,sma,0,MA UNGGULAN AMANTUL UMMAH,,True
S1,sma,0,MADRASAH ALIYAH NEGERI 1 YOGYAKARTA,,True
S1,sma,0,MADRASAH ALIYAH NEGERI 2 KOTA MALANG,,True
S1,sma,0,MADRASAH ALIYAH NEGERI 2 KOTA MALANG (MAN 2 KOTA MALANG),,True
S1,sma,0,MADRASAH ALIYAH TECHNONATURA,,True
S1,sma,0,MAHATMA GANDHI KEMAYORAN,,True
S1,sma,0,MAN 1 BANDAR LAMPUNG,,True
S1,sma,0,MAN 1 BANYUMAS,,True
S1,sma,0,MAN 1 BOGOR,,True
S1,sma,0,MAN 1 BOYOLALI,,True
S1,sma,0,MAN 1 CILACAP,,True
S1,sma,0,MAN 1 GROBOGAN,,True
S1,sma,0,MAN 1 GUNUNGKIDUL,,True
S1,sma,0,MAN 1 HULU SUNGAI TENGAH,,True
S1,sma,0,MAN 1 JEPARA,,True
S1,sma,0,MAN 1 KOTA BUKITTINGGI,,True
S1,sma,0,MAN 1 KOTA KEDIRI,,True
S1,sma,0,MAN 1 KOTA MAGELANG,,True
S1,sma,0,MAN 1 KOTA PEKALONGAN,,True
S1,sma,0,MAN 1 KOTA TANGERANG SELATAN,,True
S1,sma,0,MAN 1 KUDUS,,True
S1,sma,0,MAN 1 LOMBOK TIMUR,,True
S1,sma,0,MAN 1 MAGETAN,,True
S1,sma,0,MAN 1 MANDAILING NATAL,,True
S1,sma,0,MAN 1 METRO,,True
S1,sma,0,MAN 1 NGAWI,,True
S1,sma,0,MAN 1 PALEMBANG,,True
S1,sma,0,MAN 1 PASURUAN,,True
S1,sma,0,MAN 1 PESISIR BARAT,,True
S1,sma,0,MAN 1 PONOROGO,,True
S1,sma,0,MAN 1 SLEMAN,,True
S1,sma,0,MAN 11 JAKARTA,,True
S1,sma,0,MAN 12 JAKARTA,,True
S1,sma,0,MAN 13 JAKARTA,,True
S1,sma,0,MAN 2 BANJARNEGARA,,True
S1,sma,0,MAN 2 BANYUMAS,,True
S1,sma,0,MAN 2 BANYUWANGI,,True
S1,sma,0,MAN 2 BLITAR,,True
S1,sma,0,MAN 2 CIAMIS,,True
S1,sma,0,MAN 2 CIREBON,,True
S1,sma,0,MAN 2 DELI SERDANG,,True
S1,sma,0,MAN 2 JAKARTA,,True
S1,sma,0,MAN 2 JEPARA,,True
S1,sma,0,MAN 2 KARANGANYAR,,True
S1,sma,0,MAN 2 KEDIRI,,True
S1,sma,0,MAN 2 KLATEN,,True
S1,sma,0,MAN 2 KOTA BEKASI,,True
S1,sma,0,MAN 2 KOTA BIMA,,True
S1,sma,0,MAN 2 KOTA MADIUN,,True
S1,sma,0,MAN 2 KOTA PADANG,,True
S1,sma,0,MAN 2 KOTA PEKANBARU,,True
S1,sma,0,MAN 2 LAMONGAN,,True
S1,sma,0,MAN 2 MODEL MEDAN,,True
S1,sma,0,MAN 2 PONOROGO,,True
S1,sma,0,MAN 2 PONTIANAK,,True
S1,sma,0,MAN 2 SURAKARTA,,True
S1,sma,0,MAN 2 WATES KULON PROGO,,True
S1,sma,0,MAN 22 JAKARTA,,True
S1,sma,0,MAN 3 BANTUL,,True
S1,sma,0,MAN 3 BANYUWANGI,,True
S1,sma,0,MAN 3 CIREBON,,True
S1,sma,0,MAN 3 JOMBANG,,True
S1,sma,0,MAN 3 KEDIRI,,True
S1,sma,0,MAN 3 TANGERANG,,True
S1,sma,0,MAN 4 SLEMAN,,True
S1,sma,0,MAN 4 TANGERANG,,True
S1,sma,0,MAN 9 JAKARTA,,True
S1,sma,0,MAN BUNTET,,True
S1,sma,0,MAN CIBADAK KAB SUKABUMI,,True
S1,sma,0,MAN CIKARANG,,True
S1,sma,0,MAN I CIREBON,,True
S1,sma,0,MAN INSAN CENDEKIA BENGKULU TENGAH,,True
S1,sma,0,MAN INSAN CENDEKIA GORONTALO,,True
S1,sma,0,MAN INSAN CENDEKIA KOTA BATAM,,True
S1,sma,0,MAN INSAN CENDEKIA KOTA PEKALONGAN,,True
S1,sma,0,MAN INSAN CENDEKIA LAMPUNG TIMUR,,True
S1,sma,0,MAN INSAN CENDEKIA OGAN KOMERING ILIR,,True
S1,sma,0,MAN INSAN CENDEKIA TAPANULI SELATAN,,True
S1,sma,0,MAN KABUPATEN MAGELANG,,True
S1,sma,0,MAN KIARA KUDA CIAWI,,True
S1,sma,0,MAN KOTA BLITAR,,True
S1,sma,0,MAN KOTA MOJOKERTO,,True
S1,sma,0,MAN KOTO BARU PADANG PANJANG,,True
S1,sma,0,MAN LAB. UIN YOGYAKARTA,,True
S1,sma,0,MAN PAMEKASAN,,True
S1,sma,0,MAN PURBALINGGA,,True
S1,sma,0,MAN PURWOREJO,,True
S1,sma,0,MAN SURABAYA,,True
S1,sma,0,MAN TANGERANG,,True
S1,sma,0,MAN WONOGIRI,,True
S1,sma,0,MAN WONOKROMO,,True
S1,sma,0,MAN YK II,,True
S1,sma,0,MAN YOGYAKARTA III,,True
S1,sma,0,MAS AL ANWAR,,True
S1,sma,0,MAS AL HUDA,,True
S1,sma,0,MAS AL ISHLAH,,True
S1,sma,0,MAS AL MUAYYAD,,True
S1,sma,0,MAS AL-HIKMAH KARANGMOJO,,True
S1,sma,0,MAS AL-IHSAN,,True
S1,sma,0,MAS AL-ITTIHAD,,True
S1,sma,0,MAS AL-QUR`AN AL-AMANAH,,True
S1,sma,0,MAS ASSALAFIYYAH MLANGI SLEMAN,,True
S1,sma,0,MAS DAKWAH ISLAMIYYAH PUTRA KEDIRI,,True
S1,sma,0,MAS DARUL ARQAM,,True
S1,sma,0,MAS IBNUL QOYYIM,,True
S1,sma,0,MAS INSAN CENDIKIA SIAK,,True
S1,sma,0,MAS INTERNASIONAL TECHNO NATURA,,True
S1,sma,0,MAS ISLAMIC CENTRE BIN BAZ,,True
S1,sma,0,MAS ISTIQLAL,,True
S1,sma,0,MAS MAAHID,,True
S1,sma,0,MAS MIFTAHUNNAJAH,,True
S1,sma,0,MAS MUALLIMIN NW ANJANI,,True
S1,sma,0,MAS NIHAYATUL AMAL PURWASARI,,True
S1,sma,0,MAS NU AL-HIDAYAH,,True
S1,sma,0,MAS NU BANAT KUDUS,,True
S1,sma,0,MAS PERSIS SINDANGKASIH,,True
S1,sma,0,MAS PERSIS TAROGONG,,True
S1,sma,0,MAS PONPES IBNUL QOYYIM PUTRA,,True
S1,sma,0,MAS PPMI ASSALAAM,,True
S1,sma,0,MAS QUDSIYYAH KUDUS,,True
S1,sma,0,MAS RIYADLOTUT THALABAH,,True
S1,sma,0,MAS SAHID,,True
S1,sma,0,MAS UNGGULAN NURIS JEMBER,,True
S1,sma,0,MAS WALI SONGO PUTRI,,True
S1,sma,0,MAS WATHONIYAH ISLAMIYAH KARANGDUWUR,,True
S1,sma,0,MENTARI INTERCULTURAL SCHOOL JAKARTA,,True
S1,sma,0,MESAIEED INTERNATIONAL SCHOOL,,True
S1,sma,0,"MESAIEED INTERNATIONAL SCHOOL, QATAR",,True
S1,sma,0,MUHAMMADIYAH 1 YOGYAKARTA,,True
S1,sma,0,NATIONAL JUNIOR COLLEGE (SINGAPORE),,True
S1,sma,0,NEWTON BRITISH ACADEMY & NEWTON INTERNATIONAL ACADEMY,,True
S1,sma,0,NURUL FIKRI BOARDING SCHOOL LEMBANG,,True
S1,sma,0,OLIFANT HIGH SCHOOL,,True
S1,sma,0,PKBM AKSI,,True
S1,sma,0,PKBM HOMESCHOOLING PENA,,True
S1,sma,0,PKBM KAK SETO,,True
S1,sma,0,PKBM KEDONDONG,,True
S1,sma,0,PKBM PELANGI ABADI NUSANTARA,,True
S1,sma,0,PKBM SEKOLAH MURID MERDEKA,,True
S1,sma,0,PKBM WIJAYA KUSUMA,,True
S1,sma,0,QATAR INTERNATIONAL SCHOOL,,True
S1,sma,0,SABA,,True
S1,sma,0,SABIS INTERNATIONAL SCHOOL,,True
S1,sma,0,SABIS INTERNATIONAL SCHOOL - RUWAIS,,True
S1,sma,0,"SABIS INTERNATIONAL SCHOOL RUWAIS, ABU DHABI",,True
S1,sma,0,"SAFIR INTERNATIONAL SCHOOL, ISTANBUL, TURKEY",,True
S1,sma,0,SANTA URSULA,,True
S1,sma,0,SATUAN PENDIDIKAN MUADALAH ALIYAH PESANTREN MUSTHAFAWIYAH,,True
S1,sma,0,SEKOLAH DYATMIKA,,True
S1,sma,0,SEKOLAH HIGHSCOPE INDONESIA,,True
S1,sma,0,SEKOLAH HIGHSCOPE TB SIMAPUTANG,,True
S1,sma,0,SEKOLAH INDONESIA KOTA KINABALU TINGKAT SMA,,True
S1,sma,0,SEKOLAH KHARISMA BANGSA,,True
S1,sma,0,SEKOLAH MADANIA,,True
S1,sma,0,SEKOLAH MENENGAH ATAS KOLESE LOYOLA SEMARANG,,True
S1,sma,0,SEKOLAH MENENGAH ATAS NEGERI 7 YOGYAKARTA,,True
S1,sma,0,SEKOLAH MENENGAH ATAS NEGERI 8 YOGYAKARTA,,True
S1,sma,0,SEKOLAH MENENGAH ATAS NEGERI COLOMADU,,True
S1,sma,0,SEKOLAH NEGERI KHUSUS SAINS DAN BAHASA PAPUA,,True
S1,sma,0,SEKOLAH VICTORY PLUS,,True
S1,sma,0,SMA 1 KUDUS,,True
S1,sma,0,SMA 1 MOJOTENGAH,,True
S1,sma,0,SMA 1 PRAYA?,,True
S1,sma,0,SMA 1KUDUS,,True
S1,sma,0,SMA 2 PERGURUAN CIKINI,,True
S1,sma,0,SMA 7 PURWOREJO,,True
S1,sma,0,SMA AL AZHAR SYIFA BUDI PARAHYANGAN,,True
S1,sma,0,SMA AL HIKMAH KARANGGEDE,,True
S1,sma,0,SMA AL ISLAM 1 SURAKARTA,,True
S1,sma,0,SMA AL ISLAM BOARDING SCHOOL,,True
S1,sma,0,SMA AL IZZAH,,True
S1,sma,0,SMA AL KAUTSAR,,True
S1,sma,0,SMA AL MUTTAQIN FULLDAY SCHOOL,,True
S1,sma,0,SMA AL WAFI IBS,,True
S1,sma,0,SMA AL WILDAN 4 ISLAMIC SCHOOL JAKARTA,,True
S1,sma,0,SMA AL WILDAN ISLAMIC SCHOOL,,True
S1,sma,0,SMA AL WILDAN ISLAMIC SCHOOL 3 BSD CITY,,True
S1,sma,0,SMA AL-IZHAR PONDOK LABU,,True
S1,sma,0,SMA AL-MAAHIRA IIBS MALANG,,True
S1,sma,0,SMA AL-MUQODDASAH,,True
S1,sma,0,SMA ALEXANDRIA ISLAMIC SCHOOL,,True
S1,sma,0,SMA ALFA CENTAURI,,True
S1,sma,0,SMA ALI MAKSUM,,True
S1,sma,0,SMA AVICENNA CINERE,,True
S1,sma,0,SMA BAYT AL-HIKMAH,,True
S1,sma,0,SMA BINTANG PELAJAR ISLAMIC BOARDING SCHOOL,,True
S1,sma,0,SMA BINTARA DEPOK,,True
S1,sma,0,SMA BINUS BEKASI,,True
S1,sma,0,SMA BOGOR RAYA,,True
S1,sma,0,SMA BOSOWA AL AZHAR CILEGON,,True
S1,sma,0,SMA BUDI CENDIKIA ISLAMIC SCHOOL,,True
S1,sma,0,SMA BUDI MULIA,,True
S1,sma,0,SMA BUDI UTOMO PERAK,,True
S1,sma,0,SMA BUKIT ASAM TANJUNG ENIM,,True
S1,sma,0,SMA BUNDA HATI KUDUS,,True
S1,sma,0,SMA CAHAYA BANGSA UTAMA,,True
S1,sma,0,SMA CAKRA BUANA,,True
S1,sma,0,SMA CENDERAWASIH 1,,True
S1,sma,0,SMA CHARITAS,,True
S1,sma,0,SMA CIKAL,,True
S1,sma,0,SMA CINDERA MATA,,True
S1,sma,0,SMA CITA BUANA,,True
S1,sma,0,SMA DAARUSSALAM,,True
S1,sma,0,SMA DAARUT TAUHIID BOARDING SCHOOL,,True
S1,sma,0,SMA DAARUT TAUHIID BOARDING SCHOOL PUTRI,,True
S1,sma,0,SMA DARMA YUDHA,,True
S1,sma,0,SMA DARUL ULUM 1 PETERONGAN,,True
S1,sma,0,SMA DARUL ULUM 2 UNGGULAN BPPT JOMBANG,,True
S1,sma,0,SMA DARUL ULUM 2 UNGGULAN BPPT JOMBANG (CIS) ID 113,,True
S1,sma,0,SMA DARUL ULUM 2 UNGGULAN BPPT JOMBANG CAMBRIDGE INTERNATONAL SCHOOL ID 113,,True
S1,sma,0,SMA DHARMA LOKA,,True
S1,sma,0,SMA DHARMAWANGSA MEDAN,,True
S1,sma,0,SMA DWIWARNA (BOARDING SCHOOL),,True
S1,sma,0,SMA DWIWARNA BOGOR,,True
S1,sma,0,SMA DYATMIKA DENPASAR,,True
S1,sma,0,SMA EDUCATION,,True
S1,sma,0,SMA FATIH BILINGUAL SCHOOL,,True
S1,sma,0,SMA FULLDAY AL-MUHAJIRIN,,True
S1,sma,0,SMA GANDHI ANCOL,,True
S1,sma,0,SMA GANDHI MEMORIAL INTERCONTINENTAL SCHOOL,,True
S1,sma,0,SMA GLOBAL ISLAMIC SCHOOL 2,,True
S1,sma,0,"SMA GLOBAL ISLAMIC SCHOOL, KRAMAT JATI",,True
S1,sma,0,SMA GLOBAL JAYA,,True
S1,sma,0,SMA GLOBAL MANDIRI,,True
S1,sma,0,SMA GLOBAL PRESTASI,,True
S1,sma,0,SMA GLOBAL SEVILLA PULOMAS,,True
S1,sma,0,SMA HANG TUAH 2 SIDOARJO,,True
S1,sma,0,SMA HIGH/SCOPE INDONESIA,,True
S1,sma,0,SMA HIGHFIELD,,True
S1,sma,0,SMA HIGHFIELD BEKASI,,True
S1,sma,0,SMA HIGHFIELD DUREN SAWIT,,True
S1,sma,0,SMA IGNATIUS GLOBAL SCHOOL (IGS) PALEMBANG,,True
S1,sma,0,SMA INDOCEMENT,,True
S1,sma,0,SMA INKLUSI SCHOOL OF HUMAN,,True
S1,sma,0,SMA INSAN CENDEKIA MADANI,,True
S1,sma,0,SMA INSAN CENDIKIA ALKAUSAR BOARDING SCHOOL,,True
S1,sma,0,SMA INSTITUT INDONESIA,,True
S1,sma,0,SMA INTERNASIONAL BUDI MULIA DUA,,True
S1,sma,0,SMA ISLAM AL AZHAR 1,,True
S1,sma,0,SMA ISLAM AL AZHAR 15,,True
S1,sma,0,SMA ISLAM AL AZHAR 15 SEMARANG,,True
S1,sma,0,SMA ISLAM AL AZHAR 19,,True
S1,sma,0,SMA ISLAM AL AZHAR 22,,True
S1,sma,0,SMA ISLAM AL AZHAR 24,,True
S1,sma,0,SMA ISLAM AL AZHAR 4 BEKASI,,True
S1,sma,0,SMA ISLAM AL AZHAR 7 SOLO BARU,,True
S1,sma,0,SMA ISLAM AL AZHAR 7 SUKOHARJO,,True
S1,sma,0,SMA ISLAM AL JABR,,True
S1,sma,0,SMA ISLAM AL-AZHAR 1,,True
S1,sma,0,SMA ISLAM AL-AZHAR 1 KEBAYORAN BARU,,True
S1,sma,0,SMA ISLAM AL-AZHAR 4,,True
S1,sma,0,SMA ISLAM AL-AZHAR 7 SUKOHARJO,,True
S1,sma,0,SMA ISLAM AL-AZHAR KELAPA GADING,,True
S1,sma,0,SMA ISLAM ASY SYUKRIYAH,,True
S1,sma,0,SMA ISLAM HIDAYATULLAH,,True
S1,sma,0,SMA ISLAM INSAN CENDEKIA BAITUL IZZAH,,True
S1,sma,0,SMA ISLAM LAZUARDI GIS,,True
S1,sma,0,SMA ISLAM PB SOEDIRMAN,,True
S1,sma,0,SMA ISLAM PB. SOEDIRMAN,,True
S1,sma,0,SMA ISLAM SINAR CENDEKIA,,True
S1,sma,0,SMA ISLAM SUDIRMAN AMBARAWA,,True
S1,sma,0,SMA ISLAM TERPADU ABU HURAIRAH MATARAM,,True
S1,sma,0,SMA ISLAM TERPADU AL KAHFI,,True
S1,sma,0,SMA ISLAM TERPADU ANAK SHOLEH MATARAM,,True
S1,sma,0,SMA ISLAM TERPADU AS-SYIFA BOARDING SCHOOL WANAREJA,,True
S1,sma,0,SMA ISLAM TERPADU BINA UMAT,,True
S1,sma,0,SMA ISLAM TERPADU HARAPAN UMAT KARAWANG,,True
S1,sma,0,SMA ISLAM TERPADU NUR HIDAYAH,,True
S1,sma,0,SMA ISLAM TERPADU NURUL FIKRI,,True
S1,sma,0,SMA ISLAM TERPADU UKHUWAH BANJARMASIN,,True
S1,sma,0,SMA ISTIQOMAH,,True
S1,sma,0,SMA IT AL FURQON PALEMBANG,,True
S1,sma,0,SMA IT AL HARAKI,,True
S1,sma,0,SMA IT AL-MULTAZAM,,True
S1,sma,0,SMA IT AS-SYIFA BOARDING SCHOOL,,True
S1,sma,0,SMA IT FITHRAH INSANI BALEENDAH,,True
S1,sma,0,SMA IT IBNU ABBAS KLATEN,,True
S1,sma,0,SMA IT IKHSANUL FIKRI MUNGKID,,True
S1,sma,0,SMA IT INSAN CENDEKIA,,True
S1,sma,0,SMA IT IQRA,,True
S1,sma,0,SMA IT PESANTREN NURURRAHMAN,,True
S1,sma,0,SMA IT PLUS BAZMA BRILLIANT,,True
S1,sma,0,SMA IT PUTRI AL HANIF,,True
S1,sma,0,SMA IT ROHMANIYAH,,True
S1,sma,0,SMA IZADA,,True
S1,sma,0,SMA JAC,,True
S1,sma,0,SMA KAIROS GRACIA,,True
S1,sma,0,SMA KANISIUS,,True
S1,sma,0,SMA KARANGTURI,,True
S1,sma,0,SMA KARYA DHARMA VETERAN SAMBI,,True
S1,sma,0,SMA KATOLIK SANTO FRANSISKUS ASSISI,,True
S1,sma,0,SMA KATOLIK SANTU PETRUS PONTIANAK,,True
S1,sma,0,SMA KATOLIK ST. ALBERTUS MALANG,,True
S1,sma,0,SMA KERTAJAYA,,True
S1,sma,0,SMA KESATRIAN 2,,True
S1,sma,0,SMA KHADIJAH SURABAYA,,True
S1,sma,0,SMA KHALIFA INSAN MADANI SEJAHTERA,,True
S1,sma,0,SMA KHARISMA BANGSA,,True
S1,sma,0,SMA KOLESE DE BRITTO,,True
S1,sma,0,SMA KOLESE GONZAGA,,True
S1,sma,0,SMA KOLESE KANISIUS,,True
S1,sma,0,SMA KOLESE LOYOLA,,True
S1,sma,0,SMA KOLESE LOYOLA SEMARANG,,True
S1,sma,0,SMA KORPRI BEKASI,,True
S1,sma,0,SMA KOSGORO KOTA BOGOR,,True
S1,sma,0,SMA KRISTA MITRA,,True
S1,sma,0,SMA KRISTEN 1 PENABUR,,True
S1,sma,0,SMA KRISTEN 2 BPK PENABUR,,True
S1,sma,0,SMA KRISTEN 6 BPK PENABUR,,True
S1,sma,0,SMA KRISTEN CALVIN,,True
S1,sma,0,SMA KRISTEN PELITA NUSANTARA KASIH SURAKARTA,,True
S1,sma,0,SMA KRISTEN PENABUR CIREBON,,True
S1,sma,0,SMA KRISTEN PENABUR KOTA WISATA,,True
S1,sma,0,SMA KRISTEN TIARA KASIH,,True
S1,sma,0,SMA KRISTEN TRI TUNGGAL,,True
S1,sma,0,SMA KRISTEN TRITUNGGAL,,True
S1,sma,0,SMA KRISTEN YSKI,,True
S1,sma,0,SMA KSATRYA,,True
S1,sma,0,SMA LABORATORIUM UM,,True
S1,sma,0,SMA LABSCHOOL,,True
S1,sma,0,SMA LABSCHOOL UNTAD,,True
S1,sma,0,SMA LABSHOOL RAWAMANGUN,,True
S1,sma,0,SMA LENTERA KASIH,,True
S1,sma,0,SMA LTI IGM PALEMBANG,,True
S1,sma,0,SMA MADANIA,,True
S1,sma,0,SMA MARGIE,,True
S1,sma,0,SMA MARSUDIRINI,,True
S1,sma,0,SMA MENTARI INTERCULTURAL SCHOOL BINTARO,,True
S1,sma,0,SMA MENTARI INTERCULTURAL SCHOOL JAKARTA,,True
S1,sma,0,SMA METHODIST 01 PALEMBANG,,True
S1,sma,0,SMA METHODIST SIDIKALANG,,True
S1,sma,0,SMA MUHAMADIYAH 1 YOGYAKARTA,,True
S1,sma,0,SMA MUHAMMADIYAH 1 KLATEN,,True
S1,sma,0,SMA MUHAMMADIYAH 1 TEMANGGUNG,,True
S1,sma,0,SMA MUHAMMADIYAH 3 JAKARTA,,True
S1,sma,0,SMA MUHAMMADIYAH 3 YOGYAKARTA,,True
S1,sma,0,SMA MUHAMMADIYAH 4,,True
S1,sma,0,SMA MUHAMMADIYAH 9,,True
S1,sma,0,SMA MUHAMMADIYAH 9 AEK KANOPAN,,True
S1,sma,0,SMA MUHAMMADIYAH AL MUJAHIDIN WONOSARI,,True
S1,sma,0,SMA MUHAMMADIYAH BOARDING SCHOOL SLEMAN YOGYAKARTA,,True
S1,sma,0,SMA MUHAMMADIYAH PROGRAM KHUSUS KOTTABARAT SURAKARTA,,True
S1,sma,0,SMA MUHAMMADIYAH WONOSOBO,,True
S1,sma,0,SMA N 1 BAMBANGLIPURO,,True
S1,sma,0,SMA N 1 BANGUNTAPAN,,True
S1,sma,0,SMA N 1 BANTUL,,True
S1,sma,0,SMA N 1 CICALENGKA,,True
S1,sma,0,SMA N 1 DEPOK,,True
S1,sma,0,SMA N 1 GODEAN,,True
S1,sma,0,SMA N 1 KALASAN,,True
S1,sma,0,SMA N 1 KARANGANOM,,True
S1,sma,0,SMA N 1 KELAPA KAMPIT,,True
S1,sma,0,SMA N 1 KUTOWINANGUN,,True
S1,sma,0,SMA N 1 METRO,,True
S1,sma,0,SMA N 1 PAKEM,,True
S1,sma,0,SMA N 1 PEKALONGAN,,True
S1,sma,0,SMA N 1 PLAYEN,,True
S1,sma,0,SMA N 1 SALATIGA,,True
S1,sma,0,SMA N 1 SEDAYU,,True
S1,sma,0,SMA N 1 SEMARANG,,True
S1,sma,0,SMA N 1 SLEMAN,,True
S1,sma,0,SMA N 1 WATES,,True
S1,sma,0,SMA N 1 WONOSOBO,,True
S1,sma,0,SMA N 11 KOTA TANGERANG SELATAN,,True
S1,sma,0,SMA N 11 YOGYAKARTA,,True
S1,sma,0,SMA N 14 PALEMBANG,,True
S1,sma,0,SMA N 2 BANTUL,,True
S1,sma,0,SMA N 2 KAIMANA,,True
S1,sma,0,SMA N 2 KENDAL,,True
S1,sma,0,SMA N 2 KLATEN,,True
S1,sma,0,SMA N 2 NGAGLIK,,True
S1,sma,0,SMA N 2 PAYAKUMBUH,,True
S1,sma,0,SMA N 2 PURWOKERTO,,True
S1,sma,0,SMA N 2 SRAGEN,,True
S1,sma,0,SMA N 2 WATES,,True
S1,sma,0,SMA N 2 WONOSARI,,True
S1,sma,0,SMA N 2 WONOSOBO,,True
S1,sma,0,SMA N 2 YOGYAKARTA,,True
S1,sma,0,SMA N 3 KLATEN,,True
S1,sma,0,SMA N 3 SOLOK SELATAN,,True
S1,sma,0,SMA N 4 PURWOREJO,,True
S1,sma,0,SMA N 4 SURAKARTA,,True
S1,sma,0,SMA N 5 SEMARANG,,True
S1,sma,0,SMA N 7 TAMBUN SELATAN,,True
S1,sma,0,SMA N 7 YOGYAKARTA,,True
S1,sma,0,SMA N KARANGPANDAN,,True
S1,sma,0,SMA NASIONAL,,True
S1,sma,0,SMA NASIONAL 3 BAHASA PUTERA HARAPAN,,True
S1,sma,0,SMA NASIONAL KPS,,True
S1,sma,0,SMA NEEGERI 8 YOGYAKARTA,,True
S1,sma,0,SMA NEGERI 03 PALEMBANG,,True
S1,sma,0,SMA NEGERI 05 SEMARANG,,True
S1,sma,0,SMA NEGERI 06,,True
S1,sma,0,SMA NEGERI 06 PALEMBANG,,True
S1,sma,0,SMA NEGERI 07,,True
S1,sma,0,SMA NEGERI 1 AJIBARANG,,True
S1,sma,0,SMA NEGERI 1 BALIKPAPAN,,True
S1,sma,0,SMA NEGERI 1 BAMBANGLIPURO,,True
S1,sma,0,SMA NEGERI 1 BANGSRI,,True
S1,sma,0,SMA NEGERI 1 BANJARNEGARA,,True
S1,sma,0,SMA NEGERI 1 BANTAENG,,True
S1,sma,0,SMA NEGERI 1 BASO,,True
S1,sma,0,SMA NEGERI 1 BEKASI,,True
S1,sma,0,SMA NEGERI 1 BERGAS,,True
S1,sma,0,SMA NEGERI 1 BLITAR,,True
S1,sma,0,SMA NEGERI 1 BLORA,,True
S1,sma,0,SMA NEGERI 1 BOGOR,,True
S1,sma,0,SMA NEGERI 1 BREBES,,True
S1,sma,0,SMA NEGERI 1 BUKITTINGGI,,True
S1,sma,0,SMA NEGERI 1 BUMIAYU,,True
S1,sma,0,SMA NEGERI 1 CAWAS,,True
S1,sma,0,SMA NEGERI 1 CERME,,True
S1,sma,0,SMA NEGERI 1 CILEGON,,True
S1,sma,0,SMA NEGERI 1 CILEUNGSI,,True
S1,sma,0,SMA NEGERI 1 CIRUAS,,True
S1,sma,0,SMA NEGERI 1 DEMAK,,True
S1,sma,0,SMA NEGERI 1 GIANYAR,,True
S1,sma,0,SMA NEGERI 1 GODEAN,,True
S1,sma,0,SMA NEGERI 1 JAKARTA,,True
S1,sma,0,SMA NEGERI 1 JAKENAN,,True
S1,sma,0,SMA NEGERI 1 JATISRONO,,True
S1,sma,0,SMA NEGERI 1 JERUKLEGI,,True
S1,sma,0,SMA NEGERI 1 KABANJAHE,,True
S1,sma,0,SMA NEGERI 1 KABUPATEN TANGERANG,,True
S1,sma,0,SMA NEGERI 1 KAJEN,,True
S1,sma,0,SMA NEGERI 1 KARANGANOM,,True
S1,sma,0,SMA NEGERI 1 KARANGNONGKO,,True
S1,sma,0,SMA NEGERI 1 KARTASURA,,True
S1,sma,0,SMA NEGERI 1 KEDIRI,,True
S1,sma,0,SMA NEGERI 1 KEDUNGWARU,,True
S1,sma,0,SMA NEGERI 1 KEDUNGWUNI,,True
S1,sma,0,SMA NEGERI 1 KEJOBONG,,True
S1,sma,0,SMA NEGERI 1 KENDAL,,True
S1,sma,0,SMA NEGERI 1 KERTEK,,True
S1,sma,0,SMA NEGERI 1 KERTOSONO,,True
S1,sma,0,SMA NEGERI 1 KETAPANG,,True
S1,sma,0,SMA NEGERI 1 KOTA MUNGKID,,True
S1,sma,0,SMA NEGERI 1 KOTA SERANG,,True
S1,sma,0,SMA NEGERI 1 KOTA TANGERANG SELATAN,,True
S1,sma,0,SMA NEGERI 1 KUTOWINANGUN,,True
S1,sma,0,SMA NEGERI 1 MAGETAN,,True
S1,sma,0,SMA NEGERI 1 MEDAN,,True
S1,sma,0,SMA NEGERI 1 MERTOYUDAN,,True
S1,sma,0,SMA NEGERI 1 MOJOTENGAH,,True
S1,sma,0,SMA NEGERI 1 PADANG,,True
S1,sma,0,SMA NEGERI 1 PAJANGAN,,True
S1,sma,0,SMA NEGERI 1 PAKEM,,True
S1,sma,0,SMA NEGERI 1 PECANGAAN,,True
S1,sma,0,SMA NEGERI 1 PEMALANG,,True
S1,sma,0,SMA NEGERI 1 PIYUNGAN,,True
S1,sma,0,SMA NEGERI 1 PONTIANAK,,True
S1,sma,0,SMA NEGERI 1 PRAMBANAN,,True
S1,sma,0,SMA NEGERI 1 PROBOLINGGO,,True
S1,sma,0,SMA NEGERI 1 PUNDONG,,True
S1,sma,0,SMA NEGERI 1 REJANG LEBONG,,True
S1,sma,0,SMA NEGERI 1 SALAMAN,,True
S1,sma,0,SMA NEGERI 1 SAMARINDA,,True
S1,sma,0,SMA NEGERI 1 SAMPIT,,True
S1,sma,0,SMA NEGERI 1 SEDAYU,,True
S1,sma,0,SMA NEGERI 1 SIDAREJA,,True
S1,sma,0,SMA NEGERI 1 SIDOARJO,,True
S1,sma,0,SMA NEGERI 1 SITUBONDO,,True
S1,sma,0,SMA NEGERI 1 SLAWI,,True
S1,sma,0,SMA NEGERI 1 SRAGEN,,True
S1,sma,0,SMA NEGERI 1 SUBANG,,True
S1,sma,0,SMA NEGERI 1 SUKOREJO,,True
S1,sma,0,SMA NEGERI 1 SUMATERA BARAT,,True
S1,sma,0,SMA NEGERI 1 SUMBAWA BESAR,,True
S1,sma,0,SMA NEGERI 1 SUMPIUH,,True
S1,sma,0,SMA NEGERI 1 TABANAN,,True
S1,sma,0,SMA NEGERI 1 TALUN,,True
S1,sma,0,SMA NEGERI 1 TEJAKULA,,True
S1,sma,0,SMA NEGERI 1 TEMPEL,,True
S1,sma,0,SMA NEGERI 1 TENGARAN,,True
S1,sma,0,SMA NEGERI 1 TUNTANG,,True
S1,sma,0,SMA NEGERI 1 WELAHAN,,True
S1,sma,0,SMA NEGERI 1 WIDODAREN,,True
S1,sma,0,SMA NEGERI 1 WIROSARI,,True
S1,sma,0,SMA NEGERI 1 WURYANTORO,,True
S1,sma,0,SMA NEGERI 10 PEKANBARU,,True
S1,sma,0,SMA NEGERI 10 PURWOREJO,,True
S1,sma,0,SMA NEGERI 10 YOGYAKARTA,,True
S1,sma,0,SMA NEGERI 106 JAKARTA,,True
S1,sma,0,SMA NEGERI 11 SEMARANG,,True
S1,sma,0,SMA NEGERI 12,,True
S1,sma,0,SMA NEGERI 13,,True
S1,sma,0,SMA NEGERI 16 BEKASI,,True
S1,sma,0,SMA NEGERI 2 BATAM,,True
S1,sma,0,SMA NEGERI 2 BATANG,,True
S1,sma,0,SMA NEGERI 2 BREBES,,True
S1,sma,0,SMA NEGERI 2 CILACAP,,True
S1,sma,0,SMA NEGERI 2 CIMAHI,,True
S1,sma,0,SMA NEGERI 2 DEPOK,,True
S1,sma,0,SMA NEGERI 2 JEMBER,,True
S1,sma,0,SMA NEGERI 2 KEBUMEN,,True
S1,sma,0,SMA NEGERI 2 KEDIRI,,True
S1,sma,0,SMA NEGERI 2 KLATEN,,True
S1,sma,0,SMA NEGERI 2 KOTA CIREBON,,True
S1,sma,0,SMA NEGERI 2 KOTA TANGERANG SELATAN,,True
S1,sma,0,SMA NEGERI 2 KUDUS,,True
S1,sma,0,SMA NEGERI 2 KUNINGAN,,True
S1,sma,0,SMA NEGERI 2 LAMONGAN,,True
S1,sma,0,SMA NEGERI 2 LUMAJANG,,True
S1,sma,0,SMA NEGERI 2 MAJENE,,True
S1,sma,0,SMA NEGERI 2 NGAGLIK,,True
S1,sma,0,SMA NEGERI 2 PATI,,True
S1,sma,0,SMA NEGERI 2 PEMALANG,,True
S1,sma,0,SMA NEGERI 2 PLAYEN,,True
S1,sma,0,SMA NEGERI 2 PONOROGO,,True
S1,sma,0,SMA NEGERI 2 PURBALINGGA,,True
S1,sma,0,SMA NEGERI 2 SRAGEN,,True
S1,sma,0,"SMA NEGERI 2, KOTA TANGERANG SELATAN",,True
S1,sma,0,SMA NEGERI 27 BANDUNG,,True
S1,sma,0,SMA NEGERI 27 JAKARTA,,True
S1,sma,0,SMA NEGERI 3 BANTUL,,True
S1,sma,0,SMA NEGERI 3 BATAM,,True
S1,sma,0,SMA NEGERI 3 BEKASI,,True
S1,sma,0,SMA NEGERI 3 BOGOR,,True
S1,sma,0,SMA NEGERI 3 BOYOLALI,,True
S1,sma,0,SMA NEGERI 3 CIREBON,,True
S1,sma,0,SMA NEGERI 3 DEPOK,,True
S1,sma,0,SMA NEGERI 3 JAKARTA,,True
S1,sma,0,SMA NEGERI 3 JOMBANG,,True
S1,sma,0,SMA NEGERI 3 KABUPATEN TANGERANG,,True
S1,sma,0,SMA NEGERI 3 KLATEN,,True
S1,sma,0,SMA NEGERI 3 KOTA JAMBI,,True
S1,sma,0,SMA NEGERI 3 KOTA SORONG,,True
S1,sma,0,SMA NEGERI 3 LAMONGAN,,True
S1,sma,0,SMA NEGERI 3 MALANG,,True
S1,sma,0,SMA NEGERI 3 MEDAN,,True
S1,sma,0,SMA NEGERI 3 PASURUAN,,True
S1,sma,0,SMA NEGERI 3 PATI,,True
S1,sma,0,SMA NEGERI 3 PEKALONGAN,,True
S1,sma,0,SMA NEGERI 3 PEKANBARU,,True
S1,sma,0,SMA NEGERI 3 SALATIGA,,True
S1,sma,0,SMA NEGERI 3 SAMARINDA,,True
S1,sma,0,SMA NEGERI 3 SUKABUMI,,True
S1,sma,0,SMA NEGERI 3 SUKOHARJO,,True
S1,sma,0,SMA NEGERI 3 TANGERANG SELATAN,,True
S1,sma,0,SMA NEGERI 3 TEGAL,,True
S1,sma,0,SMA NEGERI 3 TEMANGGUNG,,True
S1,sma,0,SMA NEGERI 39 JAKARTA,,True
S1,sma,0,SMA NEGERI 39 JAKARTA TIMUR,,True
S1,sma,0,SMA NEGERI 4 BEKASI,,True
S1,sma,0,SMA NEGERI 4 DENPASAR,,True
S1,sma,0,SMA NEGERI 4 DEPOK,,True
S1,sma,0,SMA NEGERI 4 JAYAPURA,,True
S1,sma,0,SMA NEGERI 4 PURWOKERTO,,True
S1,sma,0,SMA NEGERI 4 SEMARANG,,True
S1,sma,0,SMA NEGERI 48 JAKARTA,,True
S1,sma,0,SMA NEGERI 5 BEKASI,,True
S1,sma,0,SMA NEGERI 5 DENPASAR,,True
S1,sma,0,SMA NEGERI 5 DEPOK,,True
S1,sma,0,SMA NEGERI 5 MALANG,,True
S1,sma,0,SMA NEGERI 5 PURWOKERTO,,True
S1,sma,0,SMA NEGERI 5 SEMARANG,,True
S1,sma,0,SMA NEGERI 5 SURABAYA,,True
S1,sma,0,SMA NEGERI 5 SURAKARTA,,True
S1,sma,0,SMA NEGERI 5 YOGYAKARTA,,True
S1,sma,0,SMA NEGERI 54 JAKARTA,,True
S1,sma,0,SMA NEGERI 55 JAKARTA,,True
S1,sma,0,SMA NEGERI 6 CIMAHI,,True
S1,sma,0,SMA NEGERI 6 KOTA BOGOR,,True
S1,sma,0,SMA NEGERI 6 PEKANBARU,,True
S1,sma,0,SMA NEGERI 6 PURWOREJO,,True
S1,sma,0,SMA NEGERI 6 SEMARANG,,True
S1,sma,0,SMA NEGERI 6 SURABAYA,,True
S1,sma,0,SMA NEGERI 6 SURAKARTA,,True
S1,sma,0,SMA NEGERI 61 JAKARTA,,True
S1,sma,0,SMA NEGERI 63 JAKARTA,,True
S1,sma,0,SMA NEGERI 66 JAKARTA,,True
S1,sma,0,SMA NEGERI 67 JAKARTA,,True
S1,sma,0,SMA NEGERI 8 JAKARTA,,True
S1,sma,0,SMA NEGERI 8 PURWOREJO,,True
S1,sma,0,SMA NEGERI 9 BANDAR LAMPUNG,,True
S1,sma,0,SMA NEGERI 9 BOGOR,,True
S1,sma,0,SMA NEGERI 9 TAMBUN SELATAN,,True
S1,sma,0,SMA NEGERI 9 TASIKMALAYA,,True
S1,sma,0,SMA NEGERI 9 YOGYAKARTA,,True
S1,sma,0,SMA NEGERI JATIROGO,,True
S1,sma,0,SMA NEGERI KARANGPANDAN,,True
S1,sma,0,SMA NEGERI PINTAR PROVINSI RIAU,,True
S1,sma,0,SMA NEGRI 1 BUKITTINGGI,,True
S1,sma,0,SMA NEGRI 65 JAKARTA,,True
S1,sma,0,SMA NU AL MA,,True
S1,sma,0,SMA NURUL HAYAH KETANGGUNGAN,,True
S1,sma,0,SMA PAHOA,,True
S1,sma,0,SMA PANGUDI LUHUR II SERVASIUS,,True
S1,sma,0,SMA PANGUDI LUHUR SANTO YUSUP YOGYAKARTA,,True
S1,sma,0,SMA PANGUDI LUHUR SEDAYU,,True
S1,sma,0,SMA PERGURUAN RAKYAT 2,,True
S1,sma,0,SMA PERJUANGAN TERPADU,,True
S1,sma,0,SMA PESANTREN UNGGUL AL BAYAN ANYER,,True
S1,sma,0,SMA PGRI LAWANG,,True
S1,sma,0,SMA PJ GLOBAL SCHOOL,,True
S1,sma,0,SMA PLUS AR-RAHMAT,,True
S1,sma,0,SMA PLUS ARRAHMAT BOJONEGORO,,True
S1,sma,0,SMA PLUS CENDIKIA CIKEAS,,True
S1,sma,0,SMA PLUS ISLAMIC VILLAGE,,True
S1,sma,0,SMA PLUS PEMBANGUNAN JAYA,,True
S1,sma,0,SMA PLUS PGRI CIBINONG,,True
S1,sma,0,SMA PLUS SHAFIYYATUL AMALIYYAH,,True
S1,sma,0,SMA PLUS YPHB KOTA BOGOR,,True
S1,sma,0,SMA PRIBADI BANDUNG,,True
S1,sma,0,SMA PRIMBANA,,True
S1,sma,0,SMA PROGRESIF BUMI SHALAWAT,,True
S1,sma,0,SMA QURAN ASY SYAHID,,True
S1,sma,0,SMA REGENTS SCHOOL,,True
S1,sma,0,SMA REGINA PACIS BOGOR,,True
S1,sma,0,SMA REGINA PACIS KOTA BOGOR,,True
S1,sma,0,SMA RK BINTANG TIMUR,,True
S1,sma,0,SMA S CENDANA PEKANBARU,,True
S1,sma,0,SMA S MUHAMMADIYAH 1 PALANGKA RAYA,,True
S1,sma,0,SMA S YP UNILA,,True
S1,sma,0,SMA SAINS WAHID HASYIM,,True
S1,sma,0,SMA SAMPOERNA,,True
S1,sma,0,SMA SAMPOERNA ACADEMY JAKARTA,,True
S1,sma,0,SMA SANTA ANGELA,,True
S1,sma,0,SMA SANTA MARIA 2,,True
S1,sma,0,SMA SANTA MARIA 3,,True
S1,sma,0,SMA SANTA URSULA JAKARTA,,True
S1,sma,0,SMA SCIENCE PLUS BAITUL QURAN BOARDING SCHOOL SAMBIREJO,,True
S1,sma,0,SMA SEDES SAPIENTIAE JAMBU,,True
S1,sma,0,SMA SEKOLAH INDONESIA KUALA LUMPUR,,True
S1,sma,0,SMA SEMESTA BILINGUAL SCHOOL SEMARANG,,True
S1,sma,0,SMA SEMINARI PIUS XII KISOL,,True
S1,sma,0,SMA SINT LOUIS,,True
S1,sma,0,SMA SINT. CAROLUS,,True
S1,sma,0,SMA SIS KELAPA GADING,,True
S1,sma,0,SMA ST. THERESIA,,True
S1,sma,0,SMA STELLA DUCE 1,,True
S1,sma,0,SMA STRADA SANTO THOMAS AQUINO,,True
S1,sma,0,SMA STRADA ST. THOMAS AQUINO,,True
S1,sma,0,SMA SUTOMO 1 MEDAN,,True
S1,sma,0,SMA SWASTA F. TANDEAN,,True
S1,sma,0,SMA SWASTA ISLAM PLUS ADZKIA,,True
S1,sma,0,SMA SWASTA JABAL RAHMAH MULIA,,True
S1,sma,0,SMA SWASTA SANTO THOMAS 1 MEDAN,,True
S1,sma,0,SMA TAHFIDZUL QURAN (SMATQ) ABI-UMMI,,True
S1,sma,0,SMA TAMAN ISLAM,,True
S1,sma,0,SMA TAMAN RAMA DENPASAR,,True
S1,sma,0,SMA TEMASEK INDEPENDENT SCHOOL,,True
S1,sma,0,SMA TEUKU NYAK ARIF FATIH BILINGUAL BOARDING SCHOOL,,True
S1,sma,0,SMA THURSINA IIBS,,True
S1,sma,0,SMA TRIMURTI SURABAYA,,True
S1,sma,0,SMA TUMBUH,,True
S1,sma,0,SMA UNGGUL SAKTI,,True
S1,sma,0,SMA UNGGULAN RUSHD,,True
S1,sma,0,SMA VICTORY PLUS,,True
S1,sma,0,SMA W.R. SUPRATMAN 1,,True
S1,sma,0,SMA XAVERIUS 01 PALEMBANG,,True
S1,sma,0,SMA YADIKA 3,,True
S1,sma,0,SMA YAYASAN PENDIDIKAN VIDYA DAHANA PATRA,,True
S1,sma,0,SMA YAYASAN PUPUK KALTIM,,True
S1,sma,0,SMA YAYASAN PUPUK KALTIM BONTANG,,True
S1,sma,0,SMA YOS SUDARSO METRO,,True
S1,sma,0,SMA YPK NABIRE,,True
S1,sma,0,SMA YPPK ADHI LUHUR,,True
S1,sma,0,SMA YPVDP BONTANG,,True
S1,sma,0,SMAI AL AZHAR 17 GALUH MAS KARAWANG,,True
S1,sma,0,SMAI AL AZHAR 8 SUMMARECON BEKASI,,True
S1,sma,0,SMAI AL-IZHAR PONDOK LABU,,True
S1,sma,0,SMAI NURUL FIKRI BOARDING SCHOOL LEMBANG,,True
S1,sma,0,SMAIT ABU BAKAR BOARDING SCHOOL KULON PROGO,,True
S1,sma,0,SMAIT ABU BAKAR YOGYAKARTA,,True
S1,sma,0,SMAIT AL IRSYAD AL ISLAMIYYAH PURWOKERTO,,True
S1,sma,0,SMAIT AS-SYIFA BOARDING SCHOOL WANAREJA,,True
S1,sma,0,SMAIT BUAHATI ISLAMIC SCHOOL,,True
S1,sma,0,SMAIT CORDOVA,,True
S1,sma,0,SMAIT DARUL QUR,,True
S1,sma,0,SMAIT IBNU ABBAS,,True
S1,sma,0,SMAIT IBNU ABBAS KLATEN,,True
S1,sma,0,SMAIT NURUL FAJRI,,True
S1,sma,0,SMAIT NURUL IHSAN BOARDING SCHOOL CILACAP,,True
S1,sma,0,SMAK 1 BPK PENABUR JAKARTA,,True
S1,sma,0,SMAK 1 PENABUR JAKARTA,,True
S1,sma,0,SMAK 7 PENABUR JAKARTA,,True
S1,sma,0,SMAK BPK PENABUR GADING SERPONG,,True
S1,sma,0,SMAK FRATERAN MAUMERE,,True
S1,sma,0,SMAK PENABUR BINTARO JAYA,,True
S1,sma,0,SMAK PENABUR KOTA TANGERANG,,True
S1,sma,0,SMAK PENABUR SUMMARECON BEKASI,,True
S1,sma,0,SMAK TIRTAMARTA - BPK PENABUR,,True
S1,sma,0,SMAN 001 BATANG HARI,,True
S1,sma,0,SMAN 01 BANJAR AGUNG,,True
S1,sma,0,SMAN 01 KESAMBEN,,True
S1,sma,0,SMAN 01 KOTA BIMA,,True
S1,sma,0,SMAN 01 LINTAU BUO,,True
S1,sma,0,SMAN 01 SRENGAT,,True
S1,sma,0,SMAN 02 BANDAR LAMPUNG,,True
S1,sma,0,SMAN 02 JEMBER,,True
S1,sma,0,SMAN 03,,True
S1,sma,0,SMAN 03 JAMBI,,True
S1,sma,0,SMAN 04 KOTA BIMA,,True
S1,sma,0,SMAN 04 SEMARANG,,True
S1,sma,0,SMAN 05 BANDAR LAMPUNG,,True
S1,sma,0,SMAN 07 MANADO,,True
S1,sma,0,SMAN 09 MANADO,,True
S1,sma,0,SMAN 1,,True
S1,sma,0,SMAN 1 ALAS,,True
S1,sma,0,SMAN 1 AMBARAWA,,True
S1,sma,0,SMAN 1 AMPEL,,True
S1,sma,0,SMAN 1 ANDONG,,True
S1,sma,0,SMAN 1 ARJASA,,True
S1,sma,0,SMAN 1 ASEMBAGUS,,True
S1,sma,0,SMAN 1 AYAH,,True
S1,sma,0,SMAN 1 BABAKAN,,True
S1,sma,0,SMAN 1 BALEENDAH,,True
S1,sma,0,SMAN 1 BALUNG,,True
S1,sma,0,SMAN 1 BAMBANGLIPURO,,True
S1,sma,0,SMAN 1 BANDAR SRIBHAWONO,,True
S1,sma,0,SMAN 1 BANGIL,,True
S1,sma,0,SMAN 1 BANGKALAN,,True
S1,sma,0,SMAN 1 BANGOREJO,,True
S1,sma,0,SMAN 1 BANJAR,,True
S1,sma,0,SMAN 1 BANJARBARU,,True
S1,sma,0,SMAN 1 BANJARMASIN,,True
S1,sma,0,SMAN 1 BANTARKAWUNG,,True
S1,sma,0,SMAN 1 BANYUDONO,,True
S1,sma,0,SMAN 1 BARRU,,True
S1,sma,0,SMAN 1 BATU,,True
S1,sma,0,SMAN 1 BAU-BAU,,True
S1,sma,0,SMAN 1 BAWANG,,True
S1,sma,0,SMAN 1 BELITANG,,True
S1,sma,0,SMAN 1 BERASTAGI,,True
S1,sma,0,SMAN 1 BERBEK,,True
S1,sma,0,SMAN 1 BINUANG,,True
S1,sma,0,SMAN 1 BLITAR,,True
S1,sma,0,SMAN 1 BLORA,,True
S1,sma,0,SMAN 1 BOBOTSARI,,True
S1,sma,0,SMAN 1 BOJA,,True
S1,sma,0,SMAN 1 BONTANG,,True
S1,sma,0,SMAN 1 BREBES,,True
S1,sma,0,SMAN 1 BULULAWANG,,True
S1,sma,0,SMAN 1 BUMIAYU,,True
S1,sma,0,SMAN 1 CAWAS,,True
S1,sma,0,SMAN 1 CEPOGO,,True
S1,sma,0,SMAN 1 CERME,,True
S1,sma,0,SMAN 1 CIAMIS,,True
S1,sma,0,SMAN 1 CIAMPEL,,True
S1,sma,0,SMAN 1 CIASEM,,True
S1,sma,0,SMAN 1 CIBINONG,,True
S1,sma,0,SMAN 1 CIBITUNG,,True
S1,sma,0,SMAN 1 CICALENGKA,,True
S1,sma,0,SMAN 1 CIGOMBONG,,True
S1,sma,0,SMAN 1 CIHAURBEUTI,,True
S1,sma,0,SMAN 1 CIKAMPEK,,True
S1,sma,0,SMAN 1 CIKARANG SELATAN,,True
S1,sma,0,SMAN 1 CIKEMBAR,,True
S1,sma,0,SMAN 1 CILACAP,,True
S1,sma,0,SMAN 1 CILEGON,,True
S1,sma,0,SMAN 1 CILEUNGSI,,True
S1,sma,0,SMAN 1 CILILIN,,True
S1,sma,0,SMAN 1 CISARUA,,True
S1,sma,0,SMAN 1 CLURING,,True
S1,sma,0,SMAN 1 COMAL,,True
S1,sma,0,SMAN 1 DEMAK,,True
S1,sma,0,SMAN 1 DOLOK SANGGUL,,True
S1,sma,0,SMAN 1 DRAMAGA,,True
S1,sma,0,SMAN 1 DUMAI,,True
S1,sma,0,SMAN 1 ENREKANG,,True
S1,sma,0,SMAN 1 GAMPING,,True
S1,sma,0,SMAN 1 GEDANGAN,,True
S1,sma,0,SMAN 1 GEGER,,True
S1,sma,0,SMAN 1 GEMOLONG,,True
S1,sma,0,SMAN 1 GENTENG,,True
S1,sma,0,SMAN 1 GIANYAR,,True
S1,sma,0,SMAN 1 GLAGAH,,True
S1,sma,0,SMAN 1 GONDANG,,True
S1,sma,0,SMAN 1 GRABAG,,True
S1,sma,0,SMAN 1 GRESIK,,True
S1,sma,0,SMAN 1 GUBUG,,True
S1,sma,0,SMAN 1 GUNUNG SINDUR,,True
S1,sma,0,SMAN 1 JAMBLANG,,True
S1,sma,0,SMAN 1 JATISRONO,,True
S1,sma,0,SMAN 1 JEMBER,,True
S1,sma,0,SMAN 1 JEPON,,True
S1,sma,0,SMAN 1 JOGONALAN,,True
S1,sma,0,SMAN 1 JOGOROTO,,True
S1,sma,0,SMAN 1 JOMBANG,,True
S1,sma,0,SMAN 1 KADEMANGAN,,True
S1,sma,0,SMAN 1 KALIWUNGU,,True
S1,sma,0,SMAN 1 KARANGGEDE,,True
S1,sma,0,SMAN 1 KARANGKOBAR,,True
S1,sma,0,SMAN 1 KARANGMOJO,,True
S1,sma,0,SMAN 1 KARAS,,True
S1,sma,0,SMAN 1 KASIHAN,,True
S1,sma,0,SMAN 1 KATAPANG,,True
S1,sma,0,SMAN 1 KAYEN,,True
S1,sma,0,SMAN 1 KEDUNGGALAR,,True
S1,sma,0,SMAN 1 KEPANJEN,,True
S1,sma,0,SMAN 1 KETAPANG,,True
S1,sma,0,SMAN 1 KLIRONG,,True
S1,sma,0,SMAN 1 KOTA BLITAR,,True
S1,sma,0,SMAN 1 KOTA DEPOK,,True
S1,sma,0,SMAN 1 KOTA GAJAH,,True
S1,sma,0,SMAN 1 KOTA TANGERANG SELATAN,,True
S1,sma,0,SMAN 1 KRAMAT,,True
S1,sma,0,SMAN 1 KREMBUNG,,True
S1,sma,0,SMAN 1 KUNDUR,,True
S1,sma,0,SMAN 1 KUPANG,,True
S1,sma,0,SMAN 1 KUTA UTARA,,True
S1,sma,0,SMAN 1 KUTOWINANGUN,,True
S1,sma,0,SMAN 1 LAMONGAN,,True
S1,sma,0,SMAN 1 LEMAHABANG,,True
S1,sma,0,SMAN 1 LINTAU BUO,,True
S1,sma,0,SMAN 1 LOSARI,,True
S1,sma,0,SMAN 1 LUBUK SIKAPING,,True
S1,sma,0,SMAN 1 MADIUN,,True
S1,sma,0,SMAN 1 MAJALENGKA,,True
S1,sma,0,SMAN 1 MAJENANG,,True
S1,sma,0,SMAN 1 MANDAU,,True
S1,sma,0,SMAN 1 MAOS,,True
S1,sma,0,SMAN 1 MAOSPATI,,True
S1,sma,0,SMAN 1 MARGAHAYU,,True
S1,sma,0,SMAN 1 MATARAM,,True
S1,sma,0,SMAN 1 MATAULI PANDAN,,True
S1,sma,0,SMAN 1 MEJAYAN,,True
S1,sma,0,SMAN 1 MERTOYUDAN,,True
S1,sma,0,SMAN 1 METRO,,True
S1,sma,0,SMAN 1 MINGGIR,,True
S1,sma,0,SMAN 1 MOJOLABAN,,True
S1,sma,0,SMAN 1 MUKOMUKO,,True
S1,sma,0,SMAN 1 NAGRAK,,True
S1,sma,0,SMAN 1 NGAGLIK,,True
S1,sma,0,SMAN 1 NGEMPLAK,,True
S1,sma,0,SMAN 1 NGLAMES,,True
S1,sma,0,SMAN 1 NGLUWAR,,True
S1,sma,0,SMAN 1 NGRONGGOT,,True
S1,sma,0,SMAN 1 NGUNUT,,True
S1,sma,0,SMAN 1 NUNUKAN SELATAN,,True
S1,sma,0,SMAN 1 PACIRAN,,True
S1,sma,0,SMAN 1 PADAMARA,,True
S1,sma,0,SMAN 1 PADANGAN,,True
S1,sma,0,SMAN 1 PALOPO,,True
S1,sma,0,SMAN 1 PALU,,True
S1,sma,0,SMAN 1 PANDAAN,,True
S1,sma,0,SMAN 1 PANDEGLANG,,True
S1,sma,0,SMAN 1 PANGALENGAN,,True
S1,sma,0,SMAN 1 PANGKAL PINANG,,True
S1,sma,0,SMAN 1 PARIGI,,True
S1,sma,0,SMAN 1 PASARWAJO,,True
S1,sma,0,SMAN 1 PAYAKUMBUH,,True
S1,sma,0,SMAN 1 PEKALONGAN,,True
S1,sma,0,SMAN 1 PEMALI,,True
S1,sma,0,SMAN 1 POLAN HARJO,,True
S1,sma,0,SMAN 1 POLEWALI,,True
S1,sma,0,SMAN 1 PP BABAR,,True
S1,sma,0,SMAN 1 PREMBUN,,True
S1,sma,0,SMAN 1 PURBALIGGA,,True
S1,sma,0,SMAN 1 PURI,,True
S1,sma,0,SMAN 1 PURWANTORO,,True
S1,sma,0,SMAN 1 PURWODADI,,True
S1,sma,0,SMAN 1 PUTUSSIBAU,,True
S1,sma,0,SMAN 1 RANDUBLATUNG,,True
S1,sma,0,SMAN 1 RANDUDONGKAL,,True
S1,sma,0,SMAN 1 REMBANG,,True
S1,sma,0,SMAN 1 ROWOKELE,,True
S1,sma,0,SMAN 1 SALAK,,True
S1,sma,0,SMAN 1 SANGATTA SELATAN,,True
S1,sma,0,SMAN 1 SANGATTA UTARA,,True
S1,sma,0,SMAN 1 SEDAYU,,True
S1,sma,0,SMAN 1 SEI KEPAYANG,,True
S1,sma,0,SMAN 1 SEKARAN,,True
S1,sma,0,SMAN 1 SELONG,,True
S1,sma,0,SMAN 1 SEYEGAN,,True
S1,sma,0,SMAN 1 SIDOARJO,,True
S1,sma,0,SMAN 1 SINGARAJA,,True
S1,sma,0,SMAN 1 SITUBONDO,,True
S1,sma,0,SMAN 1 SOKARAJA,,True
S1,sma,0,SMAN 1 SUKODADI,,True
S1,sma,0,SMAN 1 SUKOMORO,,True
S1,sma,0,SMAN 1 SUMBER,,True
S1,sma,0,SMAN 1 SUMBERLAWANG,,True
S1,sma,0,SMAN 1 SUMBERREJO,,True
S1,sma,0,SMAN 1 SUMENEP,,True
S1,sma,0,SMAN 1 SUNGAI LIAT,,True
S1,sma,0,SMAN 1 SUNGAI RUMBAI,,True
S1,sma,0,SMAN 1 SURABAYA,,True
S1,sma,0,SMAN 1 TANGERANG,,True
S1,sma,0,SMAN 1 TANJUNG PANDAN,,True
S1,sma,0,SMAN 1 TANJUNGANOM,,True
S1,sma,0,SMAN 1 TANJUNGPINANG,,True
S1,sma,0,SMAN 1 TASIKMALAYA,,True
S1,sma,0,SMAN 1 TAWANGSARI,,True
S1,sma,0,SMAN 1 TELUK KERAMAT,,True
S1,sma,0,SMAN 1 TEMPEL,,True
S1,sma,0,SMAN 1 TERAS,,True
S1,sma,0,SMAN 1 TERBANGGI BESAR,,True
S1,sma,0,SMAN 1 TOILI,,True
S1,sma,0,SMAN 1 TORAJA UTARA,,True
S1,sma,0,SMAN 1 TUBAN,,True
S1,sma,0,SMAN 1 TULUNGAGUNG,,True
S1,sma,0,SMAN 1 TUREN,,True
S1,sma,0,SMAN 1 UNGARAN,,True
S1,sma,0,SMAN 1 WADASLINTANG,,True
S1,sma,0,SMAN 1 WAINGAPU,,True
S1,sma,0,SMAN 1 WALED,,True
S1,sma,0,SMAN 1 WARUNG KIARA,,True
S1,sma,0,SMAN 1 WATES,,True
S1,sma,0,SMAN 1 WAY JEPARA,,True
S1,sma,0,SMAN 1 WONOSOBO,,True
S1,sma,0,SMAN 10 FAJAR HARAPAN BANDA ACEH,,True
S1,sma,0,SMAN 10 JAKARTA,,True
S1,sma,0,SMAN 10 KAUR (PENTAGON),,True
S1,sma,0,SMAN 10 KOTA BOGOR,,True
S1,sma,0,SMAN 10 KOTA TANGERANG SELATAN,,True
S1,sma,0,SMAN 10 SURABAYA,,True
S1,sma,0,SMAN 100 JAKARTA,,True
S1,sma,0,SMAN 103 JAKARTA,,True
S1,sma,0,SMAN 104 JAKARTA,,True
S1,sma,0,SMAN 106 JAKARTA,,True
S1,sma,0,SMAN 107 JAKARTA,,True
S1,sma,0,SMAN 11 BANDUNG,,True
S1,sma,0,SMAN 112 JAKARTA,,True
S1,sma,0,SMAN 113 JAKARTA,,True
S1,sma,0,SMAN 12 BANDAR LAMPUNG,,True
S1,sma,0,SMAN 12 BANDUNG,,True
S1,sma,0,SMAN 12 KOTA TANGERANG SELATAN,,True
S1,sma,0,SMAN 12 MEDAN,,True
S1,sma,0,SMAN 13 BANDUNG,,True
S1,sma,0,SMAN 13 JAKARTA,,True
S1,sma,0,SMAN 13 KOTA BEKASI,,True
S1,sma,0,SMAN 14 BANDAR LAMPUNG,,True
S1,sma,0,SMAN 14 JAKARTA,,True
S1,sma,0,SMAN 14 KABUPATEN TANGERANG,,True
S1,sma,0,SMAN 15 JAKARTA,,True
S1,sma,0,SMAN 15 SEMARANG,,True
S1,sma,0,SMAN 15 SURABAYA,,True
S1,sma,0,SMAN 16 BANDAR LAMPUNG,,True
S1,sma,0,SMAN 16 BANDUNG,,True
S1,sma,0,SMAN 16 BEKASI,,True
S1,sma,0,SMAN 16 JAKARTA,,True
S1,sma,0,SMAN 16 MEDAN,,True
S1,sma,0,SMAN 16 SURABAYA,,True
S1,sma,0,SMAN 17 MAKASSAR,,True
S1,sma,0,SMAN 17 SURABAYA,,True
S1,sma,0,SMAN 18 BEKASI,,True
S1,sma,0,SMAN 18 SURABAYA,,True
S1,sma,0,SMAN 19 BANDUNG,,True
S1,sma,0,SMAN 19 KOTA BEKASI,,True
S1,sma,0,SMAN 2 AMLAPURA,,True
S1,sma,0,SMAN 2 BAE KUDUS,,True
S1,sma,0,SMAN 2 BANDAR LAMPUNG,,True
S1,sma,0,SMAN 2 BANDUNG,,True
S1,sma,0,SMAN 2 BANTUL,,True
S1,sma,0,SMAN 2 BONDOWOSO,,True
S1,sma,0,SMAN 2 BUKITTINGGI,,True
S1,sma,0,SMAN 2 BURU,,True
S1,sma,0,SMAN 2 CIKARANG BARAT,,True
S1,sma,0,SMAN 2 CIKARANG PUSAT,,True
S1,sma,0,SMAN 2 CIKARANG UTARA,,True
S1,sma,0,SMAN 2 DEPOK,,True
S1,sma,0,SMAN 2 DOGIYAI,,True
S1,sma,0,SMAN 2 GARUT,,True
S1,sma,0,SMAN 2 GUNUNG PUTRI,,True
S1,sma,0,SMAN 2 INDRAMAYU,,True
S1,sma,0,SMAN 2 JAKARTA,,True
S1,sma,0,SMAN 2 JOMBANG,,True
S1,sma,0,SMAN 2 KEBUMEN,,True
S1,sma,0,SMAN 2 KENDARI,,True
S1,sma,0,SMAN 2 KOTA BLITAR,,True
S1,sma,0,SMAN 2 KOTA SERANG,,True
S1,sma,0,SMAN 2 KOTAMOBAGU,,True
S1,sma,0,SMAN 2 KRAKATAU STEEL CILEGON,,True
S1,sma,0,SMAN 2 KS CILEGON,,True
S1,sma,0,SMAN 2 KUDUS,,True
S1,sma,0,SMAN 2 KUNINGAN,,True
S1,sma,0,SMAN 2 KUTA,,True
S1,sma,0,SMAN 2 MAGELANG,,True
S1,sma,0,SMAN 2 MAJENE,,True
S1,sma,0,SMAN 2 MALANG,,True
S1,sma,0,SMAN 2 MERAUKE,,True
S1,sma,0,SMAN 2 MOJOKERTO,,True
S1,sma,0,SMAN 2 MRANGGEN,,True
S1,sma,0,SMAN 2 NGANJUK,,True
S1,sma,0,SMAN 2 NGAWI,,True
S1,sma,0,SMAN 2 PADANG,,True
S1,sma,0,SMAN 2 PADANG PANJANG,,True
S1,sma,0,SMAN 2 PADANG SIDEMPUAN,,True
S1,sma,0,SMAN 2 PALU,,True
S1,sma,0,SMAN 2 PATI,,True
S1,sma,0,SMAN 2 PEMALANG,,True
S1,sma,0,SMAN 2 PLAYEN,,True
S1,sma,0,SMAN 2 PONTIANAK,,True
S1,sma,0,SMAN 2 PURBALINGGA,,True
S1,sma,0,SMAN 2 PURWAKARTA,,True
S1,sma,0,SMAN 2 SEMARANG,,True
S1,sma,0,SMAN 2 SIDOARJO,,True
S1,sma,0,SMAN 2 SRAGEN,,True
S1,sma,0,SMAN 2 SUKOHARJO,,True
S1,sma,0,SMAN 2 TANAH PUTIH,,True
S1,sma,0,SMAN 2 TANGERANG,,True
S1,sma,0,SMAN 2 TARAKAN,,True
S1,sma,0,SMAN 2 TASIKMALAYA,,True
S1,sma,0,SMAN 2 TEGAL,,True
S1,sma,0,SMAN 2 TEGINENENG,,True
S1,sma,0,SMAN 2 TENGGARONG,,True
S1,sma,0,SMAN 2 TINGGIMONCONG,,True
S1,sma,0,SMAN 2 TUBAN,,True
S1,sma,0,SMAN 2 WATES,,True
S1,sma,0,SMAN 2 WONOGIRI,,True
S1,sma,0,SMAN 2 WONOSARI,,True
S1,sma,0,"SMAN 2, KOTA SUKABUMI",,True
S1,sma,0,SMAN 20 BANDUNG,,True
S1,sma,0,SMAN 20 BATAM,,True
S1,sma,0,SMAN 20 JAKARTA,,True
S1,sma,0,SMAN 21 MAKASSAR,,True
S1,sma,0,SMAN 21 SURABAYA,,True
S1,sma,0,SMAN 22 KOTA BEKASI,,True
S1,sma,0,SMAN 24 JAKARTA,,True
S1,sma,0,SMAN 24 KABUPATEN TANGERANG,,True
S1,sma,0,SMAN 25 BANDUNG,,True
S1,sma,0,SMAN 26 BANDUNG,,True
S1,sma,0,SMAN 26 BATAM,,True
S1,sma,0,SMAN 26 JAKARTA,,True
S1,sma,0,SMAN 27 KABUPATEN TANGERANG,,True
S1,sma,0,SMAN 28 KABUPATEN TANGERANG,,True
S1,sma,0,SMAN 29 JAKARTA,,True
S1,sma,0,SMAN 3 BABELAN,,True
S1,sma,0,SMAN 3 BALIKPAPAN,,True
S1,sma,0,SMAN 3 BANDUNG,,True
S1,sma,0,SMAN 3 BEKASI,,True
S1,sma,0,SMAN 3 BLITAR,,True
S1,sma,0,SMAN 3 BOJONEGORO,,True
S1,sma,0,SMAN 3 CIREBON,,True
S1,sma,0,SMAN 3 DENPASAR,,True
S1,sma,0,SMAN 3 DEPOK,,True
S1,sma,0,SMAN 3 JAYAPURA,,True
S1,sma,0,SMAN 3 KETAPANG,,True
S1,sma,0,SMAN 3 KOTA BLITAR,,True
S1,sma,0,SMAN 3 KOTA DEPOK,,True
S1,sma,0,SMAN 3 KOTA SERANG,,True
S1,sma,0,SMAN 3 KOTA TANGERANG SELATAN,,True
S1,sma,0,SMAN 3 LUMAJANG,,True
S1,sma,0,SMAN 3 MADIUN,,True
S1,sma,0,SMAN 3 MERAUKE,,True
S1,sma,0,SMAN 3 PADANG PANJANG,,True
S1,sma,0,SMAN 3 PANGKAL PINANG,,True
S1,sma,0,SMAN 3 PEMALANG,,True
S1,sma,0,SMAN 3 PONOROGO,,True
S1,sma,0,SMAN 3 PROBOLINGGO,,True
S1,sma,0,SMAN 3 PURWOKERTO,,True
S1,sma,0,SMAN 3 SALATIGA,,True
S1,sma,0,SMAN 3 SUKABUMI,,True
S1,sma,0,SMAN 3 SURABAYA,,True
S1,sma,0,SMAN 3 TAMBUN SELATAN,,True
S1,sma,0,SMAN 3 TANGERANG,,True
S1,sma,0,SMAN 3 TARUTUNG,,True
S1,sma,0,"SMAN 3, KOTA TARAKAN",,True
S1,sma,0,SMAN 30 JAKARTA,,True
S1,sma,0,SMAN 31 JAKARTA,,True
S1,sma,0,SMAN 32 JAKARTA,,True
S1,sma,0,SMAN 33 JAKARTA,,True
S1,sma,0,SMAN 34 JAKARTA,,True
S1,sma,0,SMAN 36,,True
S1,sma,0,SMAN 36 JAKARTA,,True
S1,sma,0,SMAN 37 JAKARTA,,True
S1,sma,0,SMAN 4 BANDUNG,,True
S1,sma,0,SMAN 4 BLITAR,,True
S1,sma,0,SMAN 4 CIREBON,,True
S1,sma,0,SMAN 4 JAKARTA,,True
S1,sma,0,SMAN 4 KABUPATEN TANGERANG,,True
S1,sma,0,SMAN 4 KARAWANG,,True
S1,sma,0,SMAN 4 KOTA DEPOK,,True
S1,sma,0,SMAN 4 KOTA JAMBI,,True
S1,sma,0,SMAN 4 MADIUN,,True
S1,sma,0,SMAN 4 MEDAN,,True
S1,sma,0,SMAN 4 PENAJAM PASER UTARA,,True
S1,sma,0,SMAN 4 PONTIANAK,,True
S1,sma,0,SMAN 4 PURWOKERTO,,True
S1,sma,0,SMAN 4 PURWOREJO,,True
S1,sma,0,SMAN 4 SEMARANG,,True
S1,sma,0,SMAN 4 SIDOARJO,,True
S1,sma,0,SMAN 4 SINGARAJA,,True
S1,sma,0,SMAN 4 SURABAYA,,True
S1,sma,0,SMAN 4 TAMBUN SELATAN,,True
S1,sma,0,SMAN 44 JAKARTA,,True
S1,sma,0,SMAN 48 JAKARTA,,True
S1,sma,0,SMAN 49,,True
S1,sma,0,SMAN 49 JAKARTA,,True
S1,sma,0,SMAN 5 BALIKPAPAN SELATAN,,True
S1,sma,0,SMAN 5 BANDUNG,,True
S1,sma,0,SMAN 5 BATAM,,True
S1,sma,0,SMAN 5 BEKASI,,True
S1,sma,0,SMAN 5 BOGOR,,True
S1,sma,0,SMAN 5 KENDARI,,True
S1,sma,0,SMAN 5 KOTA BEKASI,,True
S1,sma,0,SMAN 5 KOTA BENGKULU,,True
S1,sma,0,SMAN 5 KOTA TANGERANG SELATAN,,True
S1,sma,0,SMAN 5 MADIUN,,True
S1,sma,0,SMAN 5 MALANG,,True
S1,sma,0,SMAN 5 MERANGIN,,True
S1,sma,0,SMAN 5 METRO,,True
S1,sma,0,SMAN 5 PURWOREJO,,True
S1,sma,0,SMAN 5 SURABAYA,,True
S1,sma,0,SMAN 5 SURAKARTA,,True
S1,sma,0,SMAN 5 TAMBUN SELATAN,,True
S1,sma,0,SMAN 51 JAKARTA,,True
S1,sma,0,SMAN 52 JAKARTA,,True
S1,sma,0,SMAN 53 JAKARTA,,True
S1,sma,0,SMAN 55,,True
S1,sma,0,SMAN 55 JAKARTA,,True
S1,sma,0,SMAN 58 JAKARTA,,True
S1,sma,0,SMAN 59 JAKARTA,,True
S1,sma,0,SMAN 6 BANDUNG,,True
S1,sma,0,SMAN 6 DEPOK,,True
S1,sma,0,SMAN 6 JAKARTA,,True
S1,sma,0,SMAN 6 KOTA DEPOK,,True
S1,sma,0,SMAN 6 KOTA TANGERANG SELATAN,,True
S1,sma,0,SMAN 6 PALEMBANG,,True
S1,sma,0,SMAN 6 PURWOREJO,,True
S1,sma,0,SMAN 6 TAMBUN SELATAN,,True
S1,sma,0,SMAN 60 JAKARTA,,True
S1,sma,0,SMAN 62 JAKARTA,,True
S1,sma,0,SMAN 63 JAKARTA,,True
S1,sma,0,SMAN 64 JAKARTA,,True
S1,sma,0,SMAN 67 JAKARTA,,True
S1,sma,0,SMAN 7 BEKASI,,True
S1,sma,0,SMAN 7 BOGOR,,True
S1,sma,0,SMAN 7 JAKARTA,,True
S1,sma,0,SMAN 7 KOTA TANGERANG SELATAN,,True
S1,sma,0,SMAN 7 MALANG,,True
S1,sma,0,SMAN 7 SURAKARTA,,True
S1,sma,0,SMAN 7 TANGERANG,,True
S1,sma,0,SMAN 70 JAKARTA SELATAN,,True
S1,sma,0,SMAN 72 JAKARTA,,True
S1,sma,0,SMAN 73 JAKARTA,,True
S1,sma,0,SMAN 75 JAKARTA,,True
S1,sma,0,SMAN 79 JAKARTA,,True
S1,sma,0,SMAN 8 BANDUNG,,True
S1,sma,0,SMAN 8 BATAM,,True
S1,sma,0,SMAN 8 BOGOR,,True
S1,sma,0,SMAN 8 KOTA TERNATE,,True
S1,sma,0,SMAN 8 MANDAU,,True
S1,sma,0,SMAN 8 PEKANBARU,,True
S1,sma,0,SMAN 8 PURWOREJO,,True
S1,sma,0,SMAN 8 SURAKARTA,,True
S1,sma,0,SMAN 80 JAKARTA,,True
S1,sma,0,"SMAN 80, KOTA JAKARTA UTARA",,True
S1,sma,0,SMAN 82 JAKARTA,,True
S1,sma,0,SMAN 84 JAKARTA,,True
S1,sma,0,SMAN 9 BEKASI,,True
S1,sma,0,SMAN 9 PADANG,,True
S1,sma,0,SMAN 9 PURWOREJO,,True
S1,sma,0,SMAN 9 SURABAYA,,True
S1,sma,0,SMAN 9 TAMBUN SELATAN,,True
S1,sma,0,SMAN 91 JAKARTA,,True
S1,sma,0,SMAN 93 JAKARTA,,True
S1,sma,0,SMAN 95 JAKARTA,,True
S1,sma,0,SMAN BANUA KAL SEL,,True
S1,sma,0,SMAN CMBBS,,True
S1,sma,0,SMAN GLENMORE,,True
S1,sma,0,SMAN KABUH,,True
S1,sma,0,SMAN KARANGPANDAN,,True
S1,sma,0,SMAN KESAMBEN,,True
S1,sma,0,SMAN LABUHAN RATU,,True
S1,sma,0,SMAN NGORO,,True
S1,sma,0,SMAN RAGUNAN JAKARTA,,True
S1,sma,0,SMAN RANCAKALONG,,True
S1,sma,0,SMAN SUMATERA SELATAN,,True
S1,sma,0,SMAN UNGGULAN M.H. THAMRIN,,True
S1,sma,0,SMAN UNGGULAN M.H. THAMRIN JAKARTA,,True
S1,sma,0,SMAN1 MUNTILAN,,True
S1,sma,0,SMAS 1 KRISTEN BPK PENABUR,,True
S1,sma,0,SMAS 5 YADIKA,,True
S1,sma,0,SMAS ADABIAH PADANG,,True
S1,sma,0,SMAS AL - AZHAR,,True
S1,sma,0,SMAS AL - AZHAR MANDIRI PALU,,True
S1,sma,0,SMAS AL - MUSLIM,,True
S1,sma,0,SMAS AL AZHAR 3,,True
S1,sma,0,SMAS AL ISLAM 1 SURAKARTA,,True
S1,sma,0,SMAS AL MASOEM JATINANGOR,,True
S1,sma,0,SMAS AL-IRSYAD SATYA,,True
S1,sma,0,SMAS ALFA CENTAURI,,True
S1,sma,0,SMAS ALI MAKSUM,,True
S1,sma,0,SMAS ALLOYSIUS 1,,True
S1,sma,0,SMAS AN NUR BULULAWANG,,True
S1,sma,0,SMAS ANGKASA 2 H PERDANAKUSUMA,,True
S1,sma,0,SMAS ASSALAM SUKOHARJO,,True
S1,sma,0,SMAS ATHALIA,,True
S1,sma,0,SMAS BINA INSANI,,True
S1,sma,0,SMAS BINTARA DEPOK,,True
S1,sma,0,SMAS BOPKRI 2,,True
S1,sma,0,SMAS BPK 1 PENABUR BANDUNG,,True
S1,sma,0,SMAS BRUDERAN PURWOKERTO,,True
S1,sma,0,SMAS BUDI LUHUR,,True
S1,sma,0,SMAS BUDI MULIA,,True
S1,sma,0,SMAS BUDI MULYA,,True
S1,sma,0,SMAS CENDANA MANDAU,,True
S1,sma,0,SMAS CENDANA PEKANBARU,,True
S1,sma,0,SMAS CERDAS MANDIRI,,True
S1,sma,0,SMAS CITRA KASIH,,True
S1,sma,0,SMAS DAAR EL QOLAM,,True
S1,sma,0,SMAS DARMA YUDHA,,True
S1,sma,0,SMAS DARUNNAJAH,,True
S1,sma,0,SMAS DIPONEGORO 1 JAKARTA,,True
S1,sma,0,SMAS DON BOSCO III,,True
S1,sma,0,SMAS DWI WARNA,,True
S1,sma,0,SMAS FUTURE GATE,,True
S1,sma,0,SMAS GLOBAL MANDIRI CIBUBUR,,True
S1,sma,0,SMAS GLOBAL PERSADA MANDIRI,,True
S1,sma,0,SMAS GONZAGA JAKARTA,,True
S1,sma,0,SMAS HANG TUAH 1 JAKARTA,,True
S1,sma,0,SMAS IIBS RI,,True
S1,sma,0,SMAS INSAN CENDIKIA AL-MUJTABA,,True
S1,sma,0,SMAS ISLAM 3 PAKEM,,True
S1,sma,0,SMAS ISLAM AL-AZHAR CIREBON,,True
S1,sma,0,SMAS ISLAM ATHIRAH,,True
S1,sma,0,SMAS ISLAM BUNGA BANGSA,,True
S1,sma,0,SMAS ISLAM DARUSALAM,,True
S1,sma,0,SMAS ISLAM DIAN DIDAKTIKA,,True
S1,sma,0,SMAS ISLAM SUNAN GUNUNG JATI,,True
S1,sma,0,SMAS ISLAM TERPADU AL KAHFI,,True
S1,sma,0,SMAS ISLAM TERPADU SITUWANGI CIKAJANG,,True
S1,sma,0,SMAS ISLAM TERPADU ULIL ALBAB,,True
S1,sma,0,SMAS ISLAMIC CENTRE,,True
S1,sma,0,SMAS ISLAMIC VILLAGE,,True
S1,sma,0,SMAS IT AL FIDAA,,True
S1,sma,0,SMAS IT AL FITYAN SCHOOL,,True
S1,sma,0,SMAS IT AS SYIFA BOARDING SCHOOL,,True
S1,sma,0,SMAS IT DARUT TAQWA,,True
S1,sma,0,SMAS IT IHSANUL FIKRI,,True
S1,sma,0,SMAS IT IHSANUL FIKRI MUNGKID,,True
S1,sma,0,SMAS IT THARIQ BIN ZIYAD,,True
S1,sma,0,SMAS IT THORIQ BIN ZIYAD,,True
S1,sma,0,SMAS IT UMMUL QURO,,True
S1,sma,0,SMAS JAYA SUTI ABADI,,True
S1,sma,0,SMAS JHON PAULS SCHOOL,,True
S1,sma,0,SMAS KALAM KUDUS,,True
S1,sma,0,SMAS KANAAN,,True
S1,sma,0,SMAS KANISIUS JAKARTA,,True
S1,sma,0,SMAS KARTIKA I-5,,True
S1,sma,0,SMAS KARTIKA X-1,,True
S1,sma,0,SMAS KARTINI 1 JAKARTA,,True
S1,sma,0,SMAS KATHOLIK UNTUNG SURAPATI SIDOARJO,,True
S1,sma,0,SMAS KATOLIK MATER DEI,,True
S1,sma,0,SMAS KATOLIK RAJAWALI,,True
S1,sma,0,SMAS KATOLIK SAINT JOHN S,,True
S1,sma,0,SMAS KATOLIK SANG TIMUR,,True
S1,sma,0,SMAS KATOLIK ST ALBERTUS,,True
S1,sma,0,SMAS KATOLIK TRI SAKTI MEDAN,,True
S1,sma,0,SMAS KATOLIK YOS SUDARSO,,True
S1,sma,0,SMAS KHADIJAH,,True
S1,sma,0,SMAS KHARISMA BANGSA,,True
S1,sma,0,SMAS KRIDA NUSANTARA,,True
S1,sma,0,SMAS KRISTEN 1 TOMOHON,,True
S1,sma,0,SMAS KRISTEN 2 BPK PENABUR,,True
S1,sma,0,SMAS KRISTEN 6 PENABUR,,True
S1,sma,0,SMAS KRISTEN 7 BPK PENABUR JAKARTA,,True
S1,sma,0,SMAS KRISTEN BINA KASIH,,True
S1,sma,0,SMAS KRISTEN BPK PENABUR GADING SERPONG,,True
S1,sma,0,SMAS KRISTEN IPEKA SUNTER,,True
S1,sma,0,SMAS KRISTEN NASIONAL ANGLO,,True
S1,sma,0,SMAS LA TANSA CIPANAS,,True
S1,sma,0,SMAS LENTERA HARAPAN,,True
S1,sma,0,SMAS MADANIA,,True
S1,sma,0,SMAS MAITREYAWIRA,,True
S1,sma,0,SMAS METHODIST 8 MEDAN,,True
S1,sma,0,SMAS METHODIST TANJUNG MORAWA,,True
S1,sma,0,SMAS MUHAMMADIYAH 1 GRESIK,,True
S1,sma,0,SMAS MUHAMMADIYAH 1 KLATEN,,True
S1,sma,0,SMAS MUHAMMADIYAH 1 MAGELANG,,True
S1,sma,0,SMAS MUHAMMADIYAH 1 PRAMBANAN,,True
S1,sma,0,SMAS MUHAMMADIYAH 2,,True
S1,sma,0,SMAS MUHAMMADIYAH 3 YOGYAKARTA,,True
S1,sma,0,SMAS MUHAMMADIYAH 5 JAKARTA,,True
S1,sma,0,SMAS MUHAMMADIYAH 8 CIPUTAT,,True
S1,sma,0,SMAS MUHAMMADIYAH PONTREN IMAM SYUHODO,,True
S1,sma,0,SMAS NUSANTARA PLUS,,True
S1,sma,0,SMAS PAHOA,,True
S1,sma,0,SMAS PANGUDI LUHUR JAKARTA,,True
S1,sma,0,SMAS PANGUDI LUHUR VAN LITH,,True
S1,sma,0,SMAS PESANTREN TERPADU HAYATAN THAYYIBAH,,True
S1,sma,0,SMAS PESAT,,True
S1,sma,0,SMAS PLUS SHAFIYYATUL AMALIYYAH,,True
S1,sma,0,SMAS PRIBADI,,True
S1,sma,0,SMAS PUSAKA 1 JAKARTA,,True
S1,sma,0,SMAS RIYADHUSSHOLIHIIN,,True
S1,sma,0,SMAS SANTA MARIA,,True
S1,sma,0,SMAS SANTA MARIA 1 CIREBON,,True
S1,sma,0,SMAS SANTA URSULA,,True
S1,sma,0,SMAS SANTO TARCISIUS,,True
S1,sma,0,SMAS SANTO THOMAS 1,,True
S1,sma,0,SMAS SATU PADU BOARDING SCHOOL,,True
S1,sma,0,SMAS SAVERIUS KARANGMALANG,,True
S1,sma,0,SMAS SEJAHTERA 1 DEPOK,,True
S1,sma,0,SMAS SF ASSISI SAMARINDA,,True
S1,sma,0,SMAS SMART EKSELENSIA INDONESIA,,True
S1,sma,0,SMAS ST ANTONIUS JAKARTA,,True
S1,sma,0,SMAS ST MARIA 1 BANDUNG,,True
S1,sma,0,SMAS STELLA DUCE 2,,True
S1,sma,0,SMAS STRADA ST AQUINO,,True
S1,sma,0,SMAS SULTAN ISKANDAR MUDA,,True
S1,sma,0,SMAS SURYA BANGSA,,True
S1,sma,0,SMAS SYAFANA ISLAMIC SCHOOL,,True
S1,sma,0,SMAS TAKHASSUS AL-QUR AN,,True
S1,sma,0,SMAS TAMAN MADYA IP,,True
S1,sma,0,SMAS TARAKANITA CITRA RAYA,,True
S1,sma,0,SMAS TARAKANITA MAGELANG,,True
S1,sma,0,SMAS TARUNA BAKTI,,True
S1,sma,0,SMAS WITAMA NASIONAL PLUS,,True
S1,sma,0,SMAS WR SUPRATMAN 2,,True
S1,sma,0,SMAS XAVERIUS 1 JAMBI,,True
S1,sma,0,SMAS YASPEN TUGU IBU,,True
S1,sma,0,SMAS YAYASAN PUPUK KALTIM BONTANG,,True
S1,sma,0,SMAS YOS SUDARSO,,True
S1,sma,0,SMAS YP IPPI PETOJO JAKARTA,,True
S1,sma,0,SMAS YPHB,,True
S1,sma,0,SMAS YPPK TIGA RAJA TIMIKA,,True
S1,sma,0,SMAS YUPPENTEK 1,,True
S1,sma,0,SMATQ ABI-UMMI,,True
S1,sma,0,"SMEA MUHAMMADIYAH 1, YOGYAKARTA",,True
S1,sma,0,SMK (STM) N 1 MAGELANG,,True
S1,sma,0,SMK (STM) N 1 SIDOARJO,,True
S1,sma,0,SMK (STM) N 2 KLATEN,,True
S1,sma,0,SMK (STM) PANCASILA 1 WONOGIRI,,True
S1,sma,0,SMK - SMAK MAKASSAR,,True
S1,sma,0,SMK - SMTI BANDAR LAMPUNG,,True
S1,sma,0,SMK AK NUSA BANGSA,,True
S1,sma,0,SMK BINA HARAPAN,,True
S1,sma,0,SMK FARMASI NASIONAL SURAKARTA,,True
S1,sma,0,SMK IDN,,True
S1,sma,0,SMK INDONESIA YOGYAKARTA / SMF INDONESIA YOGYAKARTA,,True
S1,sma,0,SMK LPPMRI 4 PADALARANG,,True
S1,sma,0,SMK MADINATULQURAN,,True
S1,sma,0,SMK METTA MAITREYA,,True
S1,sma,0,SMK N 1 MIRI SRAGEN,,True
S1,sma,0,SMK NEGERI 02 PALEMBANG,,True
S1,sma,0,SMK NEGERI 1 KLATEN,,True
S1,sma,0,SMK NEGERI 1 TEMANGGUNG,,True
S1,sma,0,SMK NEGERI 2 CILACAP,,True
S1,sma,0,SMK NEGERI 2 DEPOK,,True
S1,sma,0,SMK NEGERI 2 DEPOK SLEMAN,,True
S1,sma,0,SMK NEGERI 2 SURAKARTA,,True
S1,sma,0,SMK NEGERI 7 SEMARANG,,True
S1,sma,0,"SMK NEGERI 7, BANDUNG",,True
S1,sma,0,SMK NEGERI KABUH,,True
S1,sma,0,SMK NEGERI KARANGPUCUNG,,True
S1,sma,0,SMK ORA ET LABORA,,True
S1,sma,0,SMK RISE KEDAWUNG,,True
S1,sma,0,SMK SHAILENDRA PALEMBANG,,True
S1,sma,0,SMK TELEKOMUNIKASI TUNAS HARAPAN,,True
S1,sma,0,"SMK TELKOM SANDHY PUTRA, MALANG",,True
S1,sma,0,SMK-SMAK BOGOR,,True
S1,sma,0,SMKN 01 PRABUMULIH,,True
S1,sma,0,SMKN 1 GUNUNGPUTRI,,True
S1,sma,0,SMKN 1 JENANGAN,,True
S1,sma,0,SMKN 1 KARAWANG,,True
S1,sma,0,SMKN 1 KOTA BEKASI,,True
S1,sma,0,SMKN 1 KOTA CILEGON,,True
S1,sma,0,SMKN 1 SURUH,,True
S1,sma,0,SMKN 1 TALANG PADANG,,True
S1,sma,0,SMKN 1 TANGERANG,,True
S1,sma,0,SMKN 1 TRUCUK KLATEN,,True
S1,sma,0,SMKN 2 YOGYAKARTA,,True
S1,sma,0,SMKN 5 KOTA SERANG,,True
S1,sma,0,SMKN 6 KOTA BENGKULU,,True
S1,sma,0,SMKN 6 YOGYAKARTA,,True
S1,sma,0,SMKN PP CIANJUR,,True
S1,sma,0,SMKS ANALIS KESEHATAN NASIONAL SURAKARTA,,True
S1,sma,0,SMKS BANI SALEH,,True
S1,sma,0,SMKS BRIGJEND KATAMSO II,,True
S1,sma,0,SMKS BUDI MULIA DUA,,True
S1,sma,0,SMKS CITRA MEDIKA,,True
S1,sma,0,SMKS DAARUT TAUHIID,,True
S1,sma,0,SMKS FARMASI NASIONAL SURAKARTA,,True
S1,sma,0,SMKS IT SMART INFORMATIKA,,True
S1,sma,0,SMKS LEONARDO KLATEN,,True
S1,sma,0,SMKS MUHAMMADIYAH 3 YOGYAKARTA,,True
S1,sma,0,SMKS PGRI JATIBARANG,,True
S1,sma,0,SMKS RADEN UMAR SAID KUDUS,,True
S1,sma,0,SMKS TARUNA TERPADU 1,,True
S1,sma,0,SMKS TELKOM BANDUNG,,True
S1,sma,0,SMKS TELKOM SANDHY PUTRA,,True
S1,sma,0,SMKS TELKOM SANDHY PUTRA JAKARTA,,True
S1,sma,0,SMP SMA INTERNATIONAL BUDI MULIA DUA,,True
S1,sma,0,SMT INDUSTRI (SMTI) PADANG,,True
S1,sma,0,"SMU BOPKRI 1, YOGYAKARTA",,True
S1,sma,0,"SMU ISLAM AL-IZHAR, PD.LABU",,True
S1,sma,0,"SMU NEGERI 1, PAMULANG",,True
S1,sma,0,"SMU NEGERI 102, JAKARTA",,True
S1,sma,0,SPK SMA HIGHFIELD,,True
S1,sma,0,SUTOMO 1,,True
S1,sma,0,THE CAMBRIDGE SCHOOL,,True
S1,sma,0,"THE CAMBRIDGE SCHOOL, DOHA QATAR",,True
S1,sma,0,"THE NEXT GENERATIONAL SCHOOL, DOHA",,True
S1,sma,0,THOMAS SPRIGG WOOTTON HIGH SCHOOL,,True
S1,sma,0,WHATCOM COMMUNITY SCHOOL,,True
S1,sma,0,"YAT SEN SECONDARY SCHOOL, SUVA, FIJI",,True
S1,sma,2021,SMA NEGERI 2 YOGYAKARTA,9.0,False
S1,sma,2021,SMAN 5 YOGYAKARTA,9.0,False
S1,sma,2021,SMAN 1 SURAKARTA,8.0,False
S1,sma,2021,SMA NEGERI 1 BANTUL,7.0,False
S1,sma,2021,SMAN 3 SURAKARTA,7.0,False
S1,sma,2021,SMAN 78 JAKARTA,7.0,False
S1,sma,2021,SMA LABSCHOOL JAKARTA,6.0,False
S1,sma,2021,SMA LABSCHOOL KEBAYORAN,6.0,False
S1,sma,2021,SMA N 1 SRAGEN,6.0,False
S1,sma,2021,SMAN 1 BOYOLALI,6.0,False
S1,sma,2021,SMAN 1 KLATEN,6.0,False
S1,sma,2021,SMAN 1 SUKOHARJO,6.0,False
S1,sma,2021,SMAN 3 YOGYAKARTA,6.0,False
S1,sma,2021,SMAN 6 YOGYAKARTA,6.0,False
S1,sma,2021,SMA NEGERI 1 PEKALONGAN,5.0,False
S1,sma,2021,SMA NEGERI 2 BANTUL,5.0,False
S1,sma,2021,SMA NEGERI 7 YOGYAKARTA,5.0,False
S1,sma,2021,SMAN 1 YOGYAKARTA,5.0,False
S1,sma,2021,SMAN 2 YOGYAKARTA,5.0,False
S1,sma,2021,SMAS TARUNA NUSANTARA,5.0,False
S1,sma,2021,SMK SMTI YOGYAKARTA,5.0,False
S1,sma,2021,SMA LABSCHOOL CIBUBUR,4.0,False
S1,sma,2021,SMA N 1 KLATEN,4.0,False
S1,sma,2021,SMA NEGERI 1 CILACAP,4.0,False
S1,sma,2021,SMA NEGERI 1 PURWOREJO,4.0,False
S1,sma,2021,SMA NEGERI 1 WONOSOBO,4.0,False
S1,sma,2021,SMA NEGERI 1 YOGYAKARTA,4.0,False
S1,sma,2021,SMA NEGERI 6 YOGYAKARTA,4.0,False
S1,sma,2021,SMAN 1 KALASAN,4.0,False
S1,sma,2021,SMAN 1 PURWOREJO,4.0,False
S1,sma,2021,SMAN 2 KEDIRI,4.0,False
S1,sma,2021,SMAN 2 PURWOKERTO,4.0,False
S1,sma,2021,SMA N 1 YOGYAKARTA,3.0,False
S1,sma,2021,SMA NEGERI 1 KLATEN,3.0,False
S1,sma,2021,SMA NEGERI 1 MUNTILAN,3.0,False
S1,sma,2021,SMA NEGERI 1 PURWOKERTO,3.0,False
S1,sma,2021,SMA NEGERI 1 SURAKARTA,3.0,False
S1,sma,2021,SMA NEGERI 11 YOGYAKARTA,3.0,False
S1,sma,2021,SMA NEGERI 2 SEMARANG,3.0,False
S1,sma,2021,SMA NEGERI 3 BANDUNG,3.0,False
S1,sma,2021,SMA NEGERI 3 YOGYAKARTA,3.0,False
S1,sma,2021,SMA NEGERI 81 JAKARTA,3.0,False
S1,sma,2021,SMA PRADITA DIRGANTARA,3.0,False
S1,sma,2021,SMAN 1 BANTUL,3.0,False
S1,sma,2021,SMAN 1 KEDIRI,3.0,False
S1,sma,2021,SMAN 1 KUDUS,3.0,False
S1,sma,2021,SMAN 1 PATI,3.0,False
S1,sma,2021,SMAN 1 PEMALANG,3.0,False
S1,sma,2021,SMAN 1 SEWON,3.0,False
S1,sma,2021,SMAN 11 YOGYAKARTA,3.0,False
S1,sma,2021,SMAN 2 MADIUN,3.0,False
S1,sma,2021,SMAN 3 MALANG,3.0,False
S1,sma,2021,SMAN 68 JAKARTA,3.0,False
S1,sma,2021,SMAN 8 YOGYAKARTA,3.0,False
S1,sma,2021,AL KHOR INTERNATIONAL SCHOOL,,True
S1,sma,2021,ASSIUT SECONDARY MECHANICAL SCHOOL EGYPTIAN,,True
S1,sma,2021,BUDI MULIA DUA,,True
S1,sma,2021,CITRA ISLAMI,,True
S1,sma,2021,COLUMBIA INTERNATIONAL COLLEGE,,True
S1,sma,2021,INTERNATIONAL ISLAMIC BOARDING SCHOOL,,True
S1,sma,2021,INTERNATIONAL ISLAMIC HIGH SCHOOL,,True
S1,sma,2021,JEPANG,,True
S1,sma,2021,KULLIYATUL MU'ALLIMIN AL-ISLAMIYAH (KMI) PP MODERN GONTOR PONOROGO,,True
S1,sma,2021,MA HUSNUL KHOTIMAH,,True
S1,sma,2021,MA MATHOLI'UL ANWAR,,True
S1,sma,2021,MA MATHOLI'UL HUDA BUGEL,,True
S1,sma,2021,MA MIFTAHUNNAJAH SLEMAN,,True
S1,sma,2021,MA NEGERI 3 KULON PROGO,,True
S1,sma,2021,MA NEGERI PURBALINGGA,,True
S1,sma,2021,MA NEGERI SIDOARJO,,True
S1,sma,2021,MA NU BANAT,,True
S1,sma,2021,MA RAUDLATUL ULUM,,True
S1,sma,2021,MAN 1 GUNUNGKIDUL,,True
S1,sma,2021,MAN 1 JEMBER,,True
S1,sma,2021,MAN 1 KOTA MALANG,,True
S1,sma,2021,MAN 1 MAGETAN,,True
S1,sma,2021,MAN 1 PESISIR BARAT,,True
S1,sma,2021,MAN 1 SURAKARTA,,True
S1,sma,2021,MAN 1 WONOSOBO,,True
S1,sma,2021,MAN 2 BANYUMAS,,True
S1,sma,2021,MAN 2 KOTA SERANG,,True
S1,sma,2021,MAN 2 KUDUS,,True
S1,sma,2021,MAN 2 MODEL MEDAN,,True
S1,sma,2021,MAN 3 TANGERANG,,True
S1,sma,2021,MAN 4 JAKARTA,,True
S1,sma,2021,MAN 4 SLEMAN,,True
S1,sma,2021,MAN 9 JAKARTA,,True
S1,sma,2021,MAN BATAM,,True
S1,sma,2021,MAN INSAN CENDEKIA GORONTALO,,True
S1,sma,2021,MAN INSAN CENDEKIA KOTA BATAM,,True
S1,sma,2021,MAN INSAN CENDEKIA OGAN KOMERING ILIR,,True
S1,sma,2021,MAN INSAN CENDEKIA PASER,,True
S1,sma,2021,MAN INSAN CENDEKIA PASURUAN,,True
S1,sma,2021,MAN INSAN CENDEKIA SERPONG,,True
S1,sma,2021,MAN WONOGIRI,,True
S1,sma,2021,MAS ALI MAKSUM,,True
S1,sma,2021,MAS UNGGULAN AMANATUL UMMAH SURABAYA,,True
S1,sma,2021,MENTARI INTERCULTURAL SCHOOL BINTARO,,True
S1,sma,2021,PKBM HOME SCHOOLING PRIMAGAMA,,True
S1,sma,2021,SABA,,True
S1,sma,2021,SABIS INTERNATIONAL SCHOOL - RUWAIS,,True
S1,sma,2021,"SABIS INTERNATIONAL SCHOOL RUWAIS, ABU DHABI",,True
S1,sma,2021,"SAFIR INTERNATIONAL SCHOOL, ISTANBUL, TURKEY",,True
S1,sma,2021,SANTA URSULA,,True
S1,sma,2021,SEKOLAH DYATMIKA,,True
S1,sma,2021,SEKOLAH GLOBAL MANDIRI,,True
S1,sma,2021,SEKOLAH HIGHSCOPE TB SIMAPUTANG,,True
S1,sma,2021,SEKOLAH MENENGAH ATAS NEGERI 7 YOGYAKARTA,,True
S1,sma,2021,SEKOLAH VICTORY PLUS,,True
S1,sma,2021,SMA 1 KUDUS,,True
S1,sma,2021,SMA 1 MOJOTENGAH,,True
S1,sma,2021,SMA 1KUDUS,,True
S1,sma,2021,SMA 7 PURWOREJO,,True
S1,sma,2021,SMA AL ISLAM 1 SURAKARTA,,True
S1,sma,2021,SMA AL KAUTSAR,,True
S1,sma,2021,SMA ALFA CENTAURI,,True
S1,sma,2021,SMA AVICENNA JAGAKARSA,,True
S1,sma,2021,SMA BUNDA HATI KUDUS,,True
S1,sma,2021,SMA DARMA YUDHA,,True
S1,sma,2021,SMA DARUL ULUM 2 UNGGULAN BPPT,,True
S1,sma,2021,SMA DARUL ULUM 2 UNGGULAN BPPT JOMBANG CAMBRIDGE INTERNATONAL SCHOOL ID 113,,True
S1,sma,2021,SMA DWIWARNA BOGOR,,True
S1,sma,2021,SMA GANDHI ANCOL,,True
S1,sma,2021,"SMA GLOBAL ISLAMIC SCHOOL, KRAMAT JATI",,True
S1,sma,2021,SMA GLOBAL PRESTASI,,True
S1,sma,2021,SMA HANG TUAH 2 SIDOARJO,,True
S1,sma,2021,SMA HIGH/SCOPE INDONESIA,,True
S1,sma,2021,SMA IBNU HAJAR BOARDING SCHOOL,,True
S1,sma,2021,SMA INSAN CENDEKIA AL KAUSAR,,True
S1,sma,2021,SMA ISLAM AL AZHAR 4 BEKASI,,True
S1,sma,2021,SMA ISLAM AL AZHAR 7 SOLO BARU,,True
S1,sma,2021,SMA ISLAM AL-AZHAR 1 KEBAYORAN BARU,,True
S1,sma,2021,SMA ISLAM AL-AZHAR 4,,True
S1,sma,2021,SMA ISLAM AL-AZHAR 7 SUKOHARJO,,True
S1,sma,2021,SMA ISLAM AL-AZHAR 8,,True
S1,sma,2021,SMA ISLAM TERPADU AL KAHFI,,True
S1,sma,2021,SMA IT AL IRSYAD AL ISLAMIYYAH PURWOKERTO,,True
S1,sma,2021,SMA KATOLIK ST. LOUIS 1 SURABAYA,,True
S1,sma,2021,SMA KESATUAN BANGSA,,True
S1,sma,2021,SMA KHARISMA BANGSA,,True
S1,sma,2021,SMA KOLESE GONZAGA,,True
S1,sma,2021,SMA KOLESE KANISIUS,,True
S1,sma,2021,SMA KOLESE LOYOLA,,True
S1,sma,2021,SMA KOLESE LOYOLA SEMARANG,,True
S1,sma,2021,SMA KRISTEN PENABUR KOTA WISATA,,True
S1,sma,2021,SMA KRISTEN TRITUNGGAL,,True
S1,sma,2021,SMA LABSCHOOL,,True
S1,sma,2021,SMA MADANIA,,True
S1,sma,2021,SMA MARSUDIRINI,,True
S1,sma,2021,SMA MARSUDIRINI BEKASI,,True
S1,sma,2021,SMA MUHAMMADIYAH 1 KLATEN,,True
S1,sma,2021,SMA MUHAMMADIYAH 1 YOGYAKARTA,,True
S1,sma,2021,SMA MUHAMMADIYAH 3 YOGYAKARTA,,True
S1,sma,2021,SMA MUHAMMADIYAH WONOSOBO,,True
S1,sma,2021,SMA MUTIARA BUNDA,,True
S1,sma,2021,SMA N 1 BAMBANGLIPURO,,True
S1,sma,2021,SMA N 1 BANTUL,,True
S1,sma,2021,SMA N 1 BOYOLALI,,True
S1,sma,2021,SMA N 1 CAWAS,,True
S1,sma,2021,SMA N 1 DEPOK,,True
S1,sma,2021,SMA N 1 KALASAN,,True
S1,sma,2021,SMA N 1 KUTOWINANGUN,,True
S1,sma,2021,SMA N 1 METRO,,True
S1,sma,2021,SMA N 1 PACITAN,,True
S1,sma,2021,SMA N 1 PLAYEN,,True
S1,sma,2021,SMA N 1 PURWOREJO,,True
S1,sma,2021,SMA N 1 SEDAYU,,True
S1,sma,2021,SMA N 1 SLEMAN,,True
S1,sma,2021,SMA N 1 TEMANGGUNG,,True
S1,sma,2021,SMA N 11 YOGYAKARTA,,True
S1,sma,2021,SMA N 2 BANTUL,,True
S1,sma,2021,SMA N 2 KLATEN,,True
S1,sma,2021,SMA N 2 NGAGLIK,,True
S1,sma,2021,SMA N 2 SUMATERA BARAT,,True
S1,sma,2021,SMA N 2 WONOSARI,,True
S1,sma,2021,SMA N 2 WONOSOBO,,True
S1,sma,2021,SMA N 3 KLATEN,,True
S1,sma,2021,SMA N 3 YOGYAKARTA,,True
S1,sma,2021,SMA N 4 PURWOREJO,,True
S1,sma,2021,SMA N 5 SEMARANG,,True
S1,sma,2021,SMA N 5 YOGYAKARTA,,True
S1,sma,2021,SMA N 6 YOGYAKARTA,,True
S1,sma,2021,SMA N 7 YOGYAKARTA,,True
S1,sma,2021,SMA NEEGERI 8 YOGYAKARTA,,True
S1,sma,2021,SMA NEGERI 05,,True
S1,sma,2021,SMA NEGERI 1 AJIBARANG,,True
S1,sma,2021,SMA NEGERI 1 BANGUNTAPAN,,True
S1,sma,2021,SMA NEGERI 1 BANJARNEGARA,,True
S1,sma,2021,SMA NEGERI 1 BEKASI,,True
S1,sma,2021,SMA NEGERI 1 BOYOLALI,,True
S1,sma,2021,SMA NEGERI 1 BUMIAYU,,True
S1,sma,2021,SMA NEGERI 1 CAWAS,,True
S1,sma,2021,SMA NEGERI 1 CERME,,True
S1,sma,2021,SMA NEGERI 1 CILEGON,,True
S1,sma,2021,SMA NEGERI 1 DEMAK,,True
S1,sma,2021,SMA NEGERI 1 DEPOK,,True
S1,sma,2021,SMA NEGERI 1 GIANYAR,,True
S1,sma,2021,SMA NEGERI 1 GODEAN,,True
S1,sma,2021,SMA NEGERI 1 GOMBONG,,True
S1,sma,2021,SMA NEGERI 1 JEPARA,,True
S1,sma,2021,SMA NEGERI 1 KASIHAN,,True
S1,sma,2021,SMA NEGERI 1 KEDIRI,,True
S1,sma,2021,SMA NEGERI 1 KOTA TANGERANG SELATAN,,True
S1,sma,2021,SMA NEGERI 1 MAGELANG,,True
S1,sma,2021,SMA NEGERI 1 MAJENANG,,True
S1,sma,2021,SMA NEGERI 1 MAOS,,True
S1,sma,2021,SMA NEGERI 1 MATARAM,,True
S1,sma,2021,SMA NEGERI 1 PAKEM,,True
S1,sma,2021,SMA NEGERI 1 PARAKAN,,True
S1,sma,2021,SMA NEGERI 1 PATI,,True
S1,sma,2021,SMA NEGERI 1 PEKANBARU,,True
S1,sma,2021,SMA NEGERI 1 PIYUNGAN,,True
S1,sma,2021,SMA NEGERI 1 PRAMBANAN,,True
S1,sma,2021,SMA NEGERI 1 PROBOLINGGO,,True
S1,sma,2021,SMA NEGERI 1 REJANG LEBONG,,True
S1,sma,2021,SMA NEGERI 1 REMBANG,,True
S1,sma,2021,SMA NEGERI 1 SALATIGA,,True
S1,sma,2021,SMA NEGERI 1 SAMPIT,,True
S1,sma,2021,SMA NEGERI 1 SANDEN,,True
S1,sma,2021,SMA NEGERI 1 SIDOARJO,,True
S1,sma,2021,SMA NEGERI 1 SITUBONDO,,True
S1,sma,2021,SMA NEGERI 1 SLEMAN,,True
S1,sma,2021,SMA NEGERI 1 SRAGEN,,True
S1,sma,2021,SMA NEGERI 1 SUBANG,,True
S1,sma,2021,SMA NEGERI 1 SUKOHARJO,,True
S1,sma,2021,SMA NEGERI 1 SUKOREJO,,True
S1,sma,2021,SMA NEGERI 1 SUMATERA BARAT,,True
S1,sma,2021,SMA NEGERI 1 TAYU,,True
S1,sma,2021,SMA NEGERI 1 TEMANGGUNG,,True
S1,sma,2021,SMA NEGERI 1 TEMPEL,,True
S1,sma,2021,SMA NEGERI 1 TRENGGALEK,,True
S1,sma,2021,SMA NEGERI 1 UNGARAN,,True
S1,sma,2021,SMA NEGERI 1 WATES,,True
S1,sma,2021,SMA NEGERI 1 WONOGIRI,,True
S1,sma,2021,SMA NEGERI 1 WURYANTORO,,True
S1,sma,2021,SMA NEGERI 106 JAKARTA,,True
S1,sma,2021,SMA NEGERI 17 PALEMBANG,,True
S1,sma,2021,SMA NEGERI 2 BREBES,,True
S1,sma,2021,SMA NEGERI 2 CIREBON,,True
S1,sma,2021,SMA NEGERI 2 DEPOK,,True
S1,sma,2021,SMA NEGERI 2 JEMBER,,True
S1,sma,2021,SMA NEGERI 2 JOMBANG,,True
S1,sma,2021,SMA NEGERI 2 KEBUMEN,,True
S1,sma,2021,SMA NEGERI 2 KEDIRI,,True
S1,sma,2021,SMA NEGERI 2 KLATEN,,True
S1,sma,2021,SMA NEGERI 2 KOTA CIREBON,,True
S1,sma,2021,SMA NEGERI 2 LAMONGAN,,True
S1,sma,2021,SMA NEGERI 2 MAJENE,,True
S1,sma,2021,SMA NEGERI 2 NGAGLIK,,True
S1,sma,2021,SMA NEGERI 2 PONOROGO,,True
S1,sma,2021,SMA NEGERI 2 PURWOKERTO,,True
S1,sma,2021,SMA NEGERI 2 TASIKMALAYA,,True
S1,sma,2021,SMA NEGERI 2 WATES,,True
S1,sma,2021,SMA NEGERI 3 BATAM,,True
S1,sma,2021,SMA NEGERI 3 CIREBON,,True
S1,sma,2021,SMA NEGERI 3 DEPOK,,True
S1,sma,2021,SMA NEGERI 3 JAKARTA,,True
S1,sma,2021,SMA NEGERI 3 KABUPATEN TANGERANG,,True
S1,sma,2021,SMA NEGERI 3 KOTA JAMBI,,True
S1,sma,2021,SMA NEGERI 3 KOTA SORONG,,True
S1,sma,2021,SMA NEGERI 3 MALANG,,True
S1,sma,2021,SMA NEGERI 3 MEDAN,,True
S1,sma,2021,SMA NEGERI 3 PEKALONGAN,,True
S1,sma,2021,SMA NEGERI 3 SALATIGA,,True
S1,sma,2021,SMA NEGERI 3 SAMARINDA,,True
S1,sma,2021,SMA NEGERI 3 SUKABUMI,,True
S1,sma,2021,SMA NEGERI 39 JAKARTA,,True
S1,sma,2021,SMA NEGERI 4 BEKASI,,True
S1,sma,2021,SMA NEGERI 4 DENPASAR,,True
S1,sma,2021,SMA NEGERI 4 SURAKARTA,,True
S1,sma,2021,SMA NEGERI 4 YOGYAKARTA,,True
S1,sma,2021,SMA NEGERI 47 JAKARTA,,True
S1,sma,2021,SMA NEGERI 48 JAKARTA,,True
S1,sma,2021,SMA NEGERI 5 BEKASI,,True
S1,sma,2021,SMA NEGERI 5 DENPASAR,,True
S1,sma,2021,SMA NEGERI 5 DEPOK,,True
S1,sma,2021,SMA NEGERI 5 KOTA BEKASI,,True
S1,sma,2021,SMA NEGERI 5 SURABAYA,,True
S1,sma,2021,SMA NEGERI 54 JAKARTA,,True
S1,sma,2021,SMA NEGERI 6 KOTA BOGOR,,True
S1,sma,2021,SMA NEGERI 6 PURWOREJO,,True
S1,sma,2021,SMA NEGERI 6 SEMARANG,,True
S1,sma,2021,SMA NEGERI 6 SURAKARTA,,True
S1,sma,2021,SMA NEGERI 61 JAKARTA,,True
S1,sma,2021,SMA NEGERI 66 JAKARTA,,True
S1,sma,2021,SMA NEGERI 70 JAKARTA,,True
S1,sma,2021,SMA NEGERI 78 JAKARTA,,True
S1,sma,2021,SMA NEGERI 8 JAKARTA,,True
S1,sma,2021,SMA NEGERI 8 PEKANBARU,,True
S1,sma,2021,SMA NEGERI 8 PURWOREJO,,True
S1,sma,2021,SMA NEGERI 8 YOGYAKARTA,,True
S1,sma,2021,SMA NEGERI 9 BANDAR LAMPUNG,,True
S1,sma,2021,SMA NEGERI 9 BOGOR,,True
S1,sma,2021,SMA NEGERI KARANGPANDAN,,True
S1,sma,2021,SMA PANGUDI LUHUR II SERVASIUS,,True
S1,sma,2021,SMA PANGUDI LUHUR SANTO YUSUP YOGYAKARTA,,True
S1,sma,2021,SMA PANGUDI LUHUR VAN LITH MUNTILAN,,True
S1,sma,2021,SMA PLUS AR RAHMAT,,True
S1,sma,2021,SMA PLUS AR-RAHMAT,,True
S1,sma,2021,SMA PLUS SHAFIYYATUL AMALIYYAH,,True
S1,sma,2021,SMA PRIBADI BANDUNG,,True
S1,sma,2021,SMA S AL KAUTSAR,,True
S1,sma,2021,SMA S CENDANA MANDAU,,True
S1,sma,2021,SMA S CENDANA PEKANBARU,,True
S1,sma,2021,SMA SAINS WAHID HASYIM,,True
S1,sma,2021,SMA SAMPOERNA ACADEMY JAKARTA,,True
S1,sma,2021,SMA SEKOLAH INDONESIA KUALA LUMPUR,,True
S1,sma,2021,SMA SEMESTA,,True
S1,sma,2021,SMA SEMESTA BILINGUAL SCHOOL SEMARANG,,True
S1,sma,2021,SMA STELLA DUCE 1,,True
S1,sma,2021,SMA STRADA SANTO THOMAS AQUINO,,True
S1,sma,2021,SMA SUTOMO 1 MEDAN,,True
S1,sma,2021,SMA SWASTA F. TANDEAN,,True
S1,sma,2021,SMA TARUNA NUSANTARA,,True
S1,sma,2021,SMA TEMASEK INDEPENDENT SCHOOL,,True
S1,sma,2021,SMA TRENSAINS MUHAMMADIYAH SRAGEN,,True
S1,sma,2021,SMA UNGGUL SAKTI,,True
S1,sma,2021,SMA YAYASAN PUPUK KALTIM BONTANG,,True
S1,sma,2021,SMAI AL-IZHAR PONDOK LABU,,True
S1,sma,2021,SMAIT AS-SYIFA BOARDING SCHOOL WANAREJA,,True
S1,sma,2021,SMAIT IBNU ABBAS,,True
S1,sma,2021,SMAIT NURUL FAJRI,,True
S1,sma,2021,SMAK 1 BPK PENABUR JAKARTA,,True
S1,sma,2021,SMAK 1 PENABUR JAKARTA,,True
S1,sma,2021,SMAK PENABUR SUMMARECON BEKASI,,True
S1,sma,2021,SMAN 03,,True
S1,sma,2021,SMAN 03 JAMBI,,True
S1,sma,2021,SMAN 04 SEMARANG,,True
S1,sma,2021,SMAN 1 AJIBARANG,,True
S1,sma,2021,SMAN 1 AMBARAWA,,True
S1,sma,2021,SMAN 1 ANDONG,,True
S1,sma,2021,SMAN 1 BAMBANGLIPURO,,True
S1,sma,2021,SMAN 1 BATAM,,True
S1,sma,2021,SMAN 1 BEKASI,,True
S1,sma,2021,SMAN 1 BERASTAGI,,True
S1,sma,2021,SMAN 1 BOJONEGORO,,True
S1,sma,2021,SMAN 1 BUKITTINGGI,,True
S1,sma,2021,SMAN 1 BUMIAYU,,True
S1,sma,2021,SMAN 1 CIANJUR,,True
S1,sma,2021,SMAN 1 CIGOMBONG,,True
S1,sma,2021,SMAN 1 CIKARANG UTARA,,True
S1,sma,2021,SMAN 1 CILEGON,,True
S1,sma,2021,SMAN 1 DENPASAR,,True
S1,sma,2021,SMAN 1 DEPOK,,True
S1,sma,2021,SMAN 1 GARUT,,True
S1,sma,2021,SMAN 1 GODEAN,,True
S1,sma,2021,SMAN 1 GOMBONG,,True
S1,sma,2021,SMAN 1 GRABAG,,True
S1,sma,2021,SMAN 1 JOGONALAN,,True
S1,sma,2021,SMAN 1 JOGOROTO,,True
S1,sma,2021,SMAN 1 JOMBANG,,True
S1,sma,2021,SMAN 1 KADEMANGAN,,True
S1,sma,2021,SMAN 1 KARANGANYAR,,True
S1,sma,2021,SMAN 1 KARAWANG,,True
S1,sma,2021,SMAN 1 KARTASURA,,True
S1,sma,2021,SMAN 1 KASIHAN,,True
S1,sma,2021,SMAN 1 KEBUMEN,,True
S1,sma,2021,SMAN 1 KEDUNGWARU,,True
S1,sma,2021,SMAN 1 KENDAL,,True
S1,sma,2021,SMAN 1 KOTA SERANG,,True
S1,sma,2021,SMAN 1 KREMBUNG,,True
S1,sma,2021,SMAN 1 LOSARI,,True
S1,sma,2021,SMAN 1 LUBUK SIKAPING,,True
S1,sma,2021,SMAN 1 MAGELANG,,True
S1,sma,2021,SMAN 1 MALANG,,True
S1,sma,2021,SMAN 1 MAOS,,True
S1,sma,2021,SMAN 1 MAOSPATI,,True
S1,sma,2021,SMAN 1 MUNTILAN,,True
S1,sma,2021,SMAN 1 PADANG PANJANG,,True
S1,sma,2021,SMAN 1 PAKEM,,True
S1,sma,2021,SMAN 1 PASURUAN,,True
S1,sma,2021,SMAN 1 PONOROGO,,True
S1,sma,2021,SMAN 1 PONTIANAK,,True
S1,sma,2021,SMAN 1 PRAMBANAN,,True
S1,sma,2021,SMAN 1 PURBALINGGA,,True
S1,sma,2021,SMAN 1 PURWAKARTA,,True
S1,sma,2021,SMAN 1 PURWOKERTO,,True
S1,sma,2021,SMAN 1 SALATIGA,,True
S1,sma,2021,SMAN 1 SLEMAN,,True
S1,sma,2021,SMAN 1 SOKARAJA,,True
S1,sma,2021,SMAN 1 SOOKO,,True
S1,sma,2021,SMAN 1 SUMBAWA BESAR,,True
S1,sma,2021,SMAN 1 TALUN,,True
S1,sma,2021,SMAN 1 TANJUNGANOM,,True
S1,sma,2021,SMAN 1 TEGAL,,True
S1,sma,2021,SMAN 1 WATES,,True
S1,sma,2021,SMAN 1 WONOGIRI,,True
S1,sma,2021,SMAN 1 WONOSARI,,True
S1,sma,2021,SMAN 1 WONOSOBO,,True
S1,sma,2021,SMAN 10 BEKASI,,True
S1,sma,2021,SMAN 103 JAKARTA,,True
S1,sma,2021,SMAN 107 JAKARTA,,True
S1,sma,2021,SMAN 11 BANDUNG,,True
S1,sma,2021,SMAN 13 JAKARTA,,True
S1,sma,2021,SMAN 15 SEMARANG,,True
S1,sma,2021,SMAN 2 BALIGE,,True
S1,sma,2021,SMAN 2 BANDUNG,,True
S1,sma,2021,SMAN 2 BEKASI,,True
S1,sma,2021,SMAN 2 CIKARANG BARAT,,True
S1,sma,2021,SMAN 2 DEPOK,,True
S1,sma,2021,SMAN 2 JOMBANG,,True
S1,sma,2021,SMAN 2 KEBUMEN,,True
S1,sma,2021,SMAN 2 KS CILEGON,,True
S1,sma,2021,SMAN 2 KUNINGAN,,True
S1,sma,2021,SMAN 2 MAGELANG,,True
S1,sma,2021,SMAN 2 MOJOKERTO,,True
S1,sma,2021,SMAN 2 NGAGLIK,,True
S1,sma,2021,SMAN 2 NGAWI,,True
S1,sma,2021,SMAN 2 PARE,,True
S1,sma,2021,SMAN 2 PONOROGO,,True
S1,sma,2021,SMAN 2 PURWOREJO,,True
S1,sma,2021,SMAN 2 SIDOARJO,,True
S1,sma,2021,SMAN 2 SRAGEN,,True
S1,sma,2021,SMAN 2 TAMBUN SELATAN,,True
S1,sma,2021,SMAN 2 TASIKMALAYA,,True
S1,sma,2021,SMAN 2 WONOGIRI,,True
S1,sma,2021,SMAN 20 BANDUNG,,True
S1,sma,2021,SMAN 21 JAKARTA,,True
S1,sma,2021,SMAN 3 BANDUNG,,True
S1,sma,2021,SMAN 3 BOGOR,,True
S1,sma,2021,SMAN 3 DENPASAR,,True
S1,sma,2021,SMAN 3 DEPOK,,True
S1,sma,2021,SMAN 3 KOTA DEPOK,,True
S1,sma,2021,SMAN 3 KOTA SERANG,,True
S1,sma,2021,SMAN 3 KOTA TANGERANG SELATAN,,True
S1,sma,2021,SMAN 3 MADIUN,,True
S1,sma,2021,SMAN 3 TAMBUN SELATAN,,True
S1,sma,2021,SMAN 33 JAKARTA,,True
S1,sma,2021,SMAN 36,,True
S1,sma,2021,SMAN 38 JAKARTA,,True
S1,sma,2021,SMAN 39 JAKARTA,,True
S1,sma,2021,SMAN 4 BANDUNG,,True
S1,sma,2021,SMAN 4 BEKASI,,True
S1,sma,2021,SMAN 4 JEMBER,,True
S1,sma,2021,SMAN 4 KENDARI,,True
S1,sma,2021,SMAN 4 MEDAN,,True
S1,sma,2021,SMAN 4 SEMARANG,,True
S1,sma,2021,SMAN 4 SURABAYA,,True
S1,sma,2021,SMAN 4 SURAKARTA,,True
S1,sma,2021,SMAN 4 YOGYAKARTA,,True
S1,sma,2021,SMAN 44 JAKARTA,,True
S1,sma,2021,SMAN 49,,True
S1,sma,2021,SMAN 5 BANDAR LAMPUNG,,True
S1,sma,2021,SMAN 5 BEKASI,,True
S1,sma,2021,SMAN 5 KOTA BEKASI,,True
S1,sma,2021,SMAN 5 MALANG,,True
S1,sma,2021,SMAN 5 PURWOKERTO,,True
S1,sma,2021,SMAN 5 SURABAYA,,True
S1,sma,2021,SMAN 52 JAKARTA,,True
S1,sma,2021,SMAN 6 DEPOK,,True
S1,sma,2021,SMAN 6 JAKARTA,,True
S1,sma,2021,SMAN 6 PALEMBANG,,True
S1,sma,2021,SMAN 6 PURWOREJO,,True
S1,sma,2021,SMAN 61 JAKARTA,,True
S1,sma,2021,SMAN 62 JAKARTA,,True
S1,sma,2021,SMAN 67 JAKARTA,,True
S1,sma,2021,SMAN 7 SURAKARTA,,True
S1,sma,2021,SMAN 7 YOGYAKARTA,,True
S1,sma,2021,SMAN 70 JAKARTA,,True
S1,sma,2021,SMAN 70 JAKARTA SELATAN,,True
S1,sma,2021,SMAN 71 JAKARTA,,True
S1,sma,2021,SMAN 77 JAKARTA,,True
S1,sma,2021,SMAN 8 JAKARTA,,True
S1,sma,2021,SMAN 8 PEKANBARU,,True
S1,sma,2021,SMAN 80 JAKARTA,,True
S1,sma,2021,SMAN 84 JAKARTA,,True
S1,sma,2021,SMAN 9 YOGYAKARTA,,True
S1,sma,2021,SMAN 90 JAKARTA,,True
S1,sma,2021,SMAN 95 JAKARTA,,True
S1,sma,2021,SMAN 99 JAKARTA,,True
S1,sma,2021,SMAN KEBAKKRAMAT,,True
S1,sma,2021,SMAN RANCAKALONG,,True
S1,sma,2021,SMAN UNGGULAN M.H. THAMRIN,,True
S1,sma,2021,SMAN UNGGULAN M.H. THAMRIN JAKARTA,,True
S1,sma,2021,SMAN1 MUNTILAN,,True
S1,sma,2021,SMAS CENDANA PEKANBARU,,True
S1,sma,2021,SMAS DARMA YUDHA,,True
S1,sma,2021,SMAS GLOBAL PRESTASI,,True
S1,sma,2021,SMAS ISLAM AL-AZHAR BSD,,True
S1,sma,2021,SMAS ISLAM BUNGA BANGSA,,True
S1,sma,2021,SMAS IT IBNU ABBAS,,True
S1,sma,2021,SMAS IT IHSANUL FIKRI,,True
S1,sma,2021,SMAS KANAAN,,True
S1,sma,2021,SMAS KATOLIK TRI SAKTI MEDAN,,True
S1,sma,2021,SMAS KOLESE DE BRITTO DEPOK,,True
S1,sma,2021,SMAS KRISTEN 6 PENABUR,,True
S1,sma,2021,SMAS KRISTEN BPK PENABUR GADING SERPONG,,True
S1,sma,2021,SMAS LABSCHOOL CIBUBUR,,True
S1,sma,2021,SMAS MAITREYAWIRA,,True
S1,sma,2021,SMAS MTA SURAKARTA,,True
S1,sma,2021,SMAS MUHAMMADIYAH 1 YOGYAKARTA,,True
S1,sma,2021,SMAS MUHAMMADIYAH 2 YOGYAKARTA,,True
S1,sma,2021,SMAS SUTOMO 1,,True
S1,sma,2021,SMAS UNGGUL DEL,,True
S1,sma,2021,SMAS WITAMA NASIONAL PLUS,,True
S1,sma,2021,SMK AK NUSA BANGSA,,True
S1,sma,2021,SMK FARMASI NASIONAL SURAKARTA,,True
S1,sma,2021,SMK NEGERI 2 DEPOK,,True
S1,sma,2021,SMK NEGERI 2 DEPOK SLEMAN,,True
S1,sma,2021,SMK NEGERI 2 SURAKARTA,,True
S1,sma,2021,SMK-SMAK BOGOR,,True
S1,sma,2021,SMKN 2 DEPOK,,True
S1,sma,2021,SMT INDUSTRI (SMTI) PADANG,,True
S1,sma,2021,SPK SMA HIGHFIELD,,True
S1,sma,2021,SUTOMO 1,,True
S1,sma,2021,WHATCOM COMMUNITY SCHOOL,,True
S1,sma,2022,SMK SMTI YOGYAKARTA,10.0,False
S1,sma,2022,SMAN 3 YOGYAKARTA,7.0,False
S1,sma,2022,SMA NEGERI 1 MUNTILAN,6.0,False
S1,sma,2022,SMA NEGERI 1 PATI,6.0,False
S1,sma,2022,SMA NEGERI 1 YOGYAKARTA,6.0,False
S1,sma,2022,SMA PRADITA DIRGANTARA,6.0,False
S1,sma,2022,SMAN 1 KLATEN,6.0,False
S1,sma,2022,SMAN 1 YOGYAKARTA,6.0,False
S1,sma,2022,SMAN 2 KEDIRI,6.0,False
S1,sma,2022,SMAN 6 YOGYAKARTA,6.0,False
S1,sma,2022,SMA NEGERI 1 KLATEN,5.0,False
S1,sma,2022,SMA NEGERI 1 PURWOREJO,5.0,False
S1,sma,2022,SMA NEGERI 1 WATES,5.0,False
S1,sma,2022,SMAN 3 JAKARTA,5.0,False
S1,sma,2022,SMA LABSCHOOL CIBUBUR,4.0,False
S1,sma,2022,SMA LABSCHOOL JAKARTA,4.0,False
S1,sma,2022,SMA NEGERI 1 BANTUL,4.0,False
S1,sma,2022,SMA NEGERI 11 YOGYAKARTA,4.0,False
S1,sma,2022,SMAN 1 GOMBONG,4.0,False
S1,sma,2022,SMAN 1 KUDUS,4.0,False
S1,sma,2022,SMAN 8 YOGYAKARTA,4.0,False
S1,sma,2022,MAN 1 JEMBER,3.0,False
S1,sma,2022,MAN INSAN CENDEKIA PEKALONGAN,3.0,False
S1,sma,2022,SMA MUHAMMADIYAH 1 YOGYAKARTA,3.0,False
S1,sma,2022,SMA NEGERI 1 BANGUNTAPAN,3.0,False
S1,sma,2022,SMA NEGERI 1 CILACAP,3.0,False
S1,sma,2022,SMA NEGERI 1 KEBUMEN,3.0,False
S1,sma,2022,SMA NEGERI 1 PURWOKERTO,3.0,False
S1,sma,2022,SMA NEGERI 1 SALATIGA,3.0,False
S1,sma,2022,SMA NEGERI 1 TEMANGGUNG,3.0,False
S1,sma,2022,SMA NEGERI 1 UNGARAN,3.0,False
S1,sma,2022,SMA NEGERI 1 WONOSOBO,3.0,False
S1,sma,2022,SMA NEGERI 2 BANTUL,3.0,False
S1,sma,2022,SMA NEGERI 2 PURWOKERTO,3.0,False
S1,sma,2022,SMA NEGERI 2 YOGYAKARTA,3.0,False
S1,sma,2022,SMA NEGERI 3 SURAKARTA,3.0,False
S1,sma,2022,SMA NEGERI 4 YOGYAKARTA,3.0,False
S1,sma,2022,SMA NEGERI 7 YOGYAKARTA,3.0,False
S1,sma,2022,SMA NEGERI 8 PEKANBARU,3.0,False
S1,sma,2022,SMA NEGERI 8 YOGYAKARTA,3.0,False
S1,sma,2022,SMAN 1 CIREBON,3.0,False
S1,sma,2022,SMAN 1 DEPOK,3.0,False
S1,sma,2022,SMAN 1 PURWOKERTO,3.0,False
S1,sma,2022,SMAN 1 SRAGEN,3.0,False
S1,sma,2022,SMAN 1 SURAKARTA,3.0,False
S1,sma,2022,SMAN 11 YOGYAKARTA,3.0,False
S1,sma,2022,SMAN 8 JAKARTA,3.0,False
S1,sma,2022,SMAN 9 YOGYAKARTA,3.0,False
S1,sma,2022,AL-IZHAR PONDOK LABU,,True
S1,sma,2022,BINUS SCHOOL BEKASI,,True
S1,sma,2022,DARUL QURAN MULIA,,True
S1,sma,2022,DEIRA INTERNATIONAL SCHOOL,,True
S1,sma,2022,GANDHI MEMORIAL INTERCONTINENTAL SCHOOL,,True
S1,sma,2022,HIGHFIELD SECONDARY SCHOOL,,True
S1,sma,2022,INDIANA UNIVERSITY HIGH SCHOOL,,True
S1,sma,2022,LABSCHOOL KEBAYORAN,,True
S1,sma,2022,MA HUSNUL KHOTIMAH,,True
S1,sma,2022,MA MATHALIBUL HUDA MLONGGO,,True
S1,sma,2022,MA NEGERI 1 PASURUAN,,True
S1,sma,2022,MA NEGERI 10 JAKARTA,,True
S1,sma,2022,MADRASAH ALIYAH NEGERI 1 YOGYAKARTA,,True
S1,sma,2022,MADRASAH ALIYAH NEGERI 2 KOTA MALANG,,True
S1,sma,2022,MAHATMA GANDHI KEMAYORAN,,True
S1,sma,2022,MAN 1 GROBOGAN,,True
S1,sma,2022,MAN 1 KOTA MALANG,,True
S1,sma,2022,MAN 1 KOTA PEKALONGAN,,True
S1,sma,2022,MAN 1 NGAWI,,True
S1,sma,2022,MAN 1 SLEMAN,,True
S1,sma,2022,MAN 1 SURAKARTA,,True
S1,sma,2022,MAN 1 WONOSOBO,,True
S1,sma,2022,MAN 1 YOGYAKARTA,,True
S1,sma,2022,MAN 2 KARANGANYAR,,True
S1,sma,2022,MAN 2 KEBUMEN,,True
S1,sma,2022,MAN 2 KOTA KEDIRI,,True
S1,sma,2022,MAN 2 KOTA MADIUN,,True
S1,sma,2022,MAN 2 KOTA MALANG,,True
S1,sma,2022,MAN 2 KOTA SERANG,,True
S1,sma,2022,MAN 2 KUDUS,,True
S1,sma,2022,MAN 3 KEDIRI,,True
S1,sma,2022,MAN 4 JAKARTA,,True
S1,sma,2022,MAN 4 TANGERANG,,True
S1,sma,2022,MAN INSAN CENDEKIA BENGKULU TENGAH,,True
S1,sma,2022,MAN INSAN CENDEKIA GORONTALO,,True
S1,sma,2022,MAN INSAN CENDEKIA KOTA PEKALONGAN,,True
S1,sma,2022,MAN INSAN CENDEKIA OGAN KOMERING ILIR,,True
S1,sma,2022,MAN INSAN CENDEKIA PASURUAN,,True
S1,sma,2022,MAN INSAN CENDEKIA SERPONG,,True
S1,sma,2022,MAN INSAN CENDEKIA TANAH LAUT,,True
S1,sma,2022,MAN KOTA MOJOKERTO,,True
S1,sma,2022,MAN PURBALINGGA,,True
S1,sma,2022,MAS AL ANWAR,,True
S1,sma,2022,MAS AL-HIKMAH KARANGMOJO,,True
S1,sma,2022,MAS ALI MAKSUM,,True
S1,sma,2022,MAS ASSALAFIYYAH MLANGI SLEMAN,,True
S1,sma,2022,MAS DAKWAH ISLAMIYYAH PUTRA KEDIRI,,True
S1,sma,2022,MAS MUALLIMIN MUHAMMADIYAH,,True
S1,sma,2022,MAS NU BANAT KUDUS,,True
S1,sma,2022,MAS UNGGULAN AMANATUL UMMAH SURABAYA,,True
S1,sma,2022,MENTARI INTERCULTURAL SCHOOL BINTARO,,True
S1,sma,2022,MESAIEED INTERNATIONAL SCHOOL,,True
S1,sma,2022,MUHAMMADIYAH 1 YOGYAKARTA,,True
S1,sma,2022,NEWTON BRITISH ACADEMY & NEWTON INTERNATIONAL ACADEMY,,True
S1,sma,2022,NURUL FIKRI BOARDING SCHOOL LEMBANG,,True
S1,sma,2022,OLIFANT HIGH SCHOOL,,True
S1,sma,2022,SEKOLAH GLOBAL MANDIRI,,True
S1,sma,2022,SEKOLAH INDONESIA KOTA KINABALU TINGKAT SMA,,True
S1,sma,2022,SEKOLAH KHARISMA BANGSA,,True
S1,sma,2022,SEKOLAH MENENGAH ATAS KOLESE LOYOLA SEMARANG,,True
S1,sma,2022,SEKOLAH MENENGAH ATAS NEGERI 8 YOGYAKARTA,,True
S1,sma,2022,SEKOLAH MENENGAH ATAS NEGERI COLOMADU,,True
S1,sma,2022,SEKOLAH VICTORY PLUS,,True
S1,sma,2022,SMA AL ISLAM BOARDING SCHOOL,,True
S1,sma,2022,SMA AL IZZAH,,True
S1,sma,2022,SMA AL-IZHAR PONDOK LABU,,True
S1,sma,2022,SMA BINA NUSANTARA BEKASI,,True
S1,sma,2022,SMA BUDI CENDIKIA ISLAMIC SCHOOL,,True
S1,sma,2022,SMA BUDI UTOMO PERAK,,True
S1,sma,2022,SMA BUKIT ASAM TANJUNG ENIM,,True
S1,sma,2022,SMA CENDANA PEKANBARU,,True
S1,sma,2022,SMA DARMA YUDHA,,True
S1,sma,2022,SMA DARUL ULUM 1 PETERONGAN,,True
S1,sma,2022,SMA DARUL ULUM 2 UNGGULAN BPPT JOMBANG,,True
S1,sma,2022,SMA DARUL ULUM 2 UNGGULAN BPPT JOMBANG (CIS) ID 113,,True
S1,sma,2022,SMA DHARMAWANGSA MEDAN,,True
S1,sma,2022,SMA DWIWARNA (BOARDING SCHOOL),,True
S1,sma,2022,SMA EDUCATION,,True
S1,sma,2022,SMA HIGHFIELD BEKASI,,True
S1,sma,2022,SMA HIGHFIELD DUREN SAWIT,,True
S1,sma,2022,SMA IBNU HAJAR BOARDING SCHOOL,,True
S1,sma,2022,SMA INSAN CENDEKIA AL KAUSAR,,True
S1,sma,2022,SMA INSAN CENDEKIA MADANI,,True
S1,sma,2022,SMA INSAN CENDIKIA ALKAUSAR BOARDING SCHOOL,,True
S1,sma,2022,SMA ISLAM AL AZHAR 15 SEMARANG,,True
S1,sma,2022,SMA ISLAM AL AZHAR 22,,True
S1,sma,2022,SMA ISLAM AL-AZHAR 1,,True
S1,sma,2022,SMA ISLAM PB SOEDIRMAN,,True
S1,sma,2022,SMA ISTIQOMAH,,True
S1,sma,2022,SMA IT AS-SYIFA BOARDING SCHOOL,,True
S1,sma,2022,SMA IT PUTRI AL HANIF,,True
S1,sma,2022,SMA KANISIUS,,True
S1,sma,2022,SMA KATOLIK ST. ALBERTUS MALANG,,True
S1,sma,2022,SMA KERTAJAYA,,True
S1,sma,2022,SMA KESATUAN BANGSA,,True
S1,sma,2022,SMA KOLESE DE BRITTO,,True
S1,sma,2022,SMA KOLESE GONZAGA,,True
S1,sma,2022,SMA KRISTEN TRI TUNGGAL,,True
S1,sma,2022,SMA LABSCHOOL KEBAYORAN,,True
S1,sma,2022,SMA LABSCHOOL UNTAD,,True
S1,sma,2022,SMA LABSHOOL RAWAMANGUN,,True
S1,sma,2022,SMA MADANIA,,True
S1,sma,2022,SMA MARSUDIRINI BEKASI,,True
S1,sma,2022,SMA MUHAMADIYAH 1 YOGYAKARTA,,True
S1,sma,2022,SMA MUHAMMADIYAH BOARDING SCHOOL SLEMAN YOGYAKARTA,,True
S1,sma,2022,SMA MUHAMMADIYAH PROGRAM KHUSUS KOTTABARAT SURAKARTA,,True
S1,sma,2022,SMA MUTIARA BUNDA,,True
S1,sma,2022,SMA N 1 BANGUNTAPAN,,True
S1,sma,2022,SMA N 1 BOYOLALI,,True
S1,sma,2022,SMA N 1 CICALENGKA,,True
S1,sma,2022,SMA N 1 GODEAN,,True
S1,sma,2022,SMA N 1 KALASAN,,True
S1,sma,2022,SMA N 1 KARANGANOM,,True
S1,sma,2022,SMA N 1 KLATEN,,True
S1,sma,2022,SMA N 1 PAKEM,,True
S1,sma,2022,SMA N 1 PEKALONGAN,,True
S1,sma,2022,SMA N 1 PURWOREJO,,True
S1,sma,2022,SMA N 1 SALATIGA,,True
S1,sma,2022,SMA N 1 SEMARANG,,True
S1,sma,2022,SMA N 1 SRAGEN,,True
S1,sma,2022,SMA N 1 TEMANGGUNG,,True
S1,sma,2022,SMA N 1 WATES,,True
S1,sma,2022,SMA N 1 WONOSOBO,,True
S1,sma,2022,SMA N 1 YOGYAKARTA,,True
S1,sma,2022,SMA N 2 KENDAL,,True
S1,sma,2022,SMA N 2 PAYAKUMBUH,,True
S1,sma,2022,SMA N 2 PURWOKERTO,,True
S1,sma,2022,SMA N 2 SRAGEN,,True
S1,sma,2022,SMA N 2 YOGYAKARTA,,True
S1,sma,2022,SMA N 3 SOLOK SELATAN,,True
S1,sma,2022,SMA N 3 YOGYAKARTA,,True
S1,sma,2022,SMA N 4 SURAKARTA,,True
S1,sma,2022,SMA N 5 YOGYAKARTA,,True
S1,sma,2022,SMA N 6 YOGYAKARTA,,True
S1,sma,2022,SMA N KARANGPANDAN,,True
S1,sma,2022,SMA NEGERI 02,,True
S1,sma,2022,SMA NEGERI 03,,True
S1,sma,2022,SMA NEGERI 03 PALEMBANG,,True
S1,sma,2022,SMA NEGERI 05 SEMARANG,,True
S1,sma,2022,SMA NEGERI 1 AMBARAWA,,True
S1,sma,2022,SMA NEGERI 1 BALIKPAPAN,,True
S1,sma,2022,SMA NEGERI 1 BANJARNEGARA,,True
S1,sma,2022,SMA NEGERI 1 BATANG,,True
S1,sma,2022,SMA NEGERI 1 BLITAR,,True
S1,sma,2022,SMA NEGERI 1 BLORA,,True
S1,sma,2022,SMA NEGERI 1 BOGOR,,True
S1,sma,2022,SMA NEGERI 1 BUKITTINGGI,,True
S1,sma,2022,SMA NEGERI 1 CILEUNGSI,,True
S1,sma,2022,SMA NEGERI 1 CIRUAS,,True
S1,sma,2022,SMA NEGERI 1 DEPOK,,True
S1,sma,2022,SMA NEGERI 1 GOMBONG,,True
S1,sma,2022,SMA NEGERI 1 JAKARTA,,True
S1,sma,2022,SMA NEGERI 1 JETIS,,True
S1,sma,2022,SMA NEGERI 1 KABUPATEN TANGERANG,,True
S1,sma,2022,SMA NEGERI 1 KARANGANYAR,,True
S1,sma,2022,SMA NEGERI 1 KARTASURA,,True
S1,sma,2022,SMA NEGERI 1 KASIHAN,,True
S1,sma,2022,SMA NEGERI 1 KEDUNGWARU,,True
S1,sma,2022,SMA NEGERI 1 KEDUNGWUNI,,True
S1,sma,2022,SMA NEGERI 1 KERTOSONO,,True
S1,sma,2022,SMA NEGERI 1 KETAPANG,,True
S1,sma,2022,SMA NEGERI 1 KOTA SERANG,,True
S1,sma,2022,SMA NEGERI 1 KUTOWINANGUN,,True
S1,sma,2022,SMA NEGERI 1 MAGELANG,,True
S1,sma,2022,SMA NEGERI 1 MAGETAN,,True
S1,sma,2022,SMA NEGERI 1 MAOS,,True
S1,sma,2022,SMA NEGERI 1 MATARAM,,True
S1,sma,2022,SMA NEGERI 1 MEDAN,,True
S1,sma,2022,SMA NEGERI 1 MOJOTENGAH,,True
S1,sma,2022,SMA NEGERI 1 PADANG,,True
S1,sma,2022,SMA NEGERI 1 PARAKAN,,True
S1,sma,2022,SMA NEGERI 1 PEKALONGAN,,True
S1,sma,2022,SMA NEGERI 1 PEKANBARU,,True
S1,sma,2022,SMA NEGERI 1 PEMALANG,,True
S1,sma,2022,SMA NEGERI 1 PIYUNGAN,,True
S1,sma,2022,SMA NEGERI 1 PONTIANAK,,True
S1,sma,2022,SMA NEGERI 1 SALAMAN,,True
S1,sma,2022,SMA NEGERI 1 SEMARANG,,True
S1,sma,2022,SMA NEGERI 1 SENTOLO,,True
S1,sma,2022,SMA NEGERI 1 SEWON,,True
S1,sma,2022,SMA NEGERI 1 SLAWI,,True
S1,sma,2022,SMA NEGERI 1 SLEMAN,,True
S1,sma,2022,SMA NEGERI 1 SRAGEN,,True
S1,sma,2022,SMA NEGERI 1 SUKOHARJO,,True
S1,sma,2022,SMA NEGERI 1 SUMBAWA BESAR,,True
S1,sma,2022,SMA NEGERI 1 SURAKARTA,,True
S1,sma,2022,SMA NEGERI 1 TALUN,,True
S1,sma,2022,SMA NEGERI 1 TASIKMALAYA,,True
S1,sma,2022,SMA NEGERI 1 TAYU,,True
S1,sma,2022,SMA NEGERI 1 WIDODAREN,,True
S1,sma,2022,SMA NEGERI 1 WIROSARI,,True
S1,sma,2022,SMA NEGERI 10 YOGYAKARTA,,True
S1,sma,2022,SMA NEGERI 11 SEMARANG,,True
S1,sma,2022,SMA NEGERI 16 BEKASI,,True
S1,sma,2022,SMA NEGERI 17 PALEMBANG,,True
S1,sma,2022,SMA NEGERI 2 BATAM,,True
S1,sma,2022,SMA NEGERI 2 BATANG,,True
S1,sma,2022,SMA NEGERI 2 CILACAP,,True
S1,sma,2022,SMA NEGERI 2 CIREBON,,True
S1,sma,2022,SMA NEGERI 2 JOMBANG,,True
S1,sma,2022,SMA NEGERI 2 KEDIRI,,True
S1,sma,2022,SMA NEGERI 2 KOTA KEDIRI,,True
S1,sma,2022,SMA NEGERI 2 KOTA TANGERANG SELATAN,,True
S1,sma,2022,SMA NEGERI 2 LUMAJANG,,True
S1,sma,2022,SMA NEGERI 2 NGAGLIK,,True
S1,sma,2022,SMA NEGERI 2 PEMALANG,,True
S1,sma,2022,SMA NEGERI 2 PLAYEN,,True
S1,sma,2022,SMA NEGERI 2 PURBALINGGA,,True
S1,sma,2022,SMA NEGERI 2 SRAGEN,,True
S1,sma,2022,SMA NEGERI 2 TASIKMALAYA,,True
S1,sma,2022,SMA NEGERI 2 TEMANGGUNG,,True
S1,sma,2022,SMA NEGERI 2 WATES,,True
S1,sma,2022,SMA NEGERI 27 BANDUNG,,True
S1,sma,2022,SMA NEGERI 27 JAKARTA,,True
S1,sma,2022,SMA NEGERI 3 BANTUL,,True
S1,sma,2022,SMA NEGERI 3 BATAM,,True
S1,sma,2022,SMA NEGERI 3 BOGOR,,True
S1,sma,2022,SMA NEGERI 3 CILACAP,,True
S1,sma,2022,SMA NEGERI 3 JAKARTA,,True
S1,sma,2022,SMA NEGERI 3 MEDAN,,True
S1,sma,2022,SMA NEGERI 3 SEMARANG,,True
S1,sma,2022,SMA NEGERI 3 TANGERANG SELATAN,,True
S1,sma,2022,SMA NEGERI 3 TEMANGGUNG,,True
S1,sma,2022,SMA NEGERI 3 YOGYAKARTA,,True
S1,sma,2022,SMA NEGERI 39 JAKARTA TIMUR,,True
S1,sma,2022,SMA NEGERI 4 DEPOK,,True
S1,sma,2022,SMA NEGERI 4 JAYAPURA,,True
S1,sma,2022,SMA NEGERI 4 SURAKARTA,,True
S1,sma,2022,SMA NEGERI 47 JAKARTA,,True
S1,sma,2022,SMA NEGERI 5 KOTA BEKASI,,True
S1,sma,2022,SMA NEGERI 5 MALANG,,True
S1,sma,2022,SMA NEGERI 5 SEMARANG,,True
S1,sma,2022,SMA NEGERI 5 SURAKARTA,,True
S1,sma,2022,SMA NEGERI 5 YOGYAKARTA,,True
S1,sma,2022,SMA NEGERI 55 JAKARTA,,True
S1,sma,2022,SMA NEGERI 6 SEMARANG,,True
S1,sma,2022,SMA NEGERI 6 SURABAYA,,True
S1,sma,2022,SMA NEGERI 6 YOGYAKARTA,,True
S1,sma,2022,SMA NEGERI 63 JAKARTA,,True
S1,sma,2022,SMA NEGERI 7 PURWOREJO,,True
S1,sma,2022,SMA NEGERI 70 JAKARTA,,True
S1,sma,2022,SMA NEGERI 78 JAKARTA,,True
S1,sma,2022,SMA NEGERI 81 JAKARTA,,True
S1,sma,2022,SMA NEGERI 9 YOGYAKARTA,,True
S1,sma,2022,SMA NEGERI PINTAR PROVINSI RIAU,,True
S1,sma,2022,SMA NEGRI 1 BUKITTINGGI,,True
S1,sma,2022,SMA NEGRI 65 JAKARTA,,True
S1,sma,2022,SMA PAHOA,,True
S1,sma,2022,SMA PANGUDI LUHUR VAN LITH MUNTILAN,,True
S1,sma,2022,SMA PLUS AR RAHMAT,,True
S1,sma,2022,SMA PLUS ARRAHMAT BOJONEGORO,,True
S1,sma,2022,SMA PLUS PEMBANGUNAN JAYA,,True
S1,sma,2022,SMA PROGRESIF BUMI SHALAWAT,,True
S1,sma,2022,SMA SANTA URSULA JAKARTA,,True
S1,sma,2022,SMA SCIENCE PLUS BAITUL QURAN BOARDING SCHOOL SAMBIREJO,,True
S1,sma,2022,SMA SEMESTA,,True
S1,sma,2022,SMA ST. THERESIA,,True
S1,sma,2022,SMA SUTOMO 1 MEDAN,,True
S1,sma,2022,SMA TARUNA NUSANTARA,,True
S1,sma,2022,SMA TRENSAINS MUHAMMADIYAH SRAGEN,,True
S1,sma,2022,SMA UNGGULAN CT ARSA FOUNDATION SUKOHARJO,,True
S1,sma,2022,SMA XAVERIUS 01 PALEMBANG,,True
S1,sma,2022,SMA YAYASAN PENDIDIKAN VIDYA DAHANA PATRA,,True
S1,sma,2022,SMA YAYASAN PUPUK KALTIM,,True
S1,sma,2022,SMA YPPK ADHI LUHUR,,True
S1,sma,2022,SMA YPVDP BONTANG,,True
S1,sma,2022,SMAI AL AZHAR 17 GALUH MAS KARAWANG,,True
S1,sma,2022,SMAI AL AZHAR 8 SUMMARECON BEKASI,,True
S1,sma,2022,SMAI NURUL FIKRI BOARDING SCHOOL LEMBANG,,True
S1,sma,2022,SMAIT ABU BAKAR YOGYAKARTA,,True
S1,sma,2022,SMAIT AL IRSYAD AL ISLAMIYYAH PURWOKERTO,,True
S1,sma,2022,SMAIT CORDOVA,,True
S1,sma,2022,SMAIT IBNU ABBAS KLATEN,,True
S1,sma,2022,SMAIT INSANTAMA PLUS,,True
S1,sma,2022,SMAK 7 PENABUR JAKARTA,,True
S1,sma,2022,SMAK BPK PENABUR GADING SERPONG,,True
S1,sma,2022,SMAK PENABUR BINTARO JAYA,,True
S1,sma,2022,SMAK PENABUR SUMMARECON BEKASI,,True
S1,sma,2022,SMAN 1,,True
S1,sma,2022,SMAN 1 ARJASA,,True
S1,sma,2022,SMAN 1 ASEMBAGUS,,True
S1,sma,2022,SMAN 1 BABAKAN,,True
S1,sma,2022,SMAN 1 BAE KUDUS,,True
S1,sma,2022,SMAN 1 BERBEK,,True
S1,sma,2022,SMAN 1 BOGOR,,True
S1,sma,2022,SMAN 1 BOJONEGORO,,True
S1,sma,2022,SMAN 1 BOYOLALI,,True
S1,sma,2022,SMAN 1 CAWAS,,True
S1,sma,2022,SMAN 1 CEPOGO,,True
S1,sma,2022,SMAN 1 CIASEM,,True
S1,sma,2022,SMAN 1 CIKARANG PUSAT,,True
S1,sma,2022,SMAN 1 CIKARANG SELATAN,,True
S1,sma,2022,SMAN 1 CILACAP,,True
S1,sma,2022,SMAN 1 DEMAK,,True
S1,sma,2022,SMAN 1 DRAMAGA,,True
S1,sma,2022,SMAN 1 DUKUN,,True
S1,sma,2022,SMAN 1 GODEAN,,True
S1,sma,2022,SMAN 1 KALASAN,,True
S1,sma,2022,SMAN 1 KARANGANYAR,,True
S1,sma,2022,SMAN 1 KARAWANG,,True
S1,sma,2022,SMAN 1 KASIHAN,,True
S1,sma,2022,SMAN 1 KEBUMEN,,True
S1,sma,2022,SMAN 1 KOTA MUNGKID,,True
S1,sma,2022,SMAN 1 KOTA SERANG,,True
S1,sma,2022,SMAN 1 LAWANG,,True
S1,sma,2022,SMAN 1 MAGELANG,,True
S1,sma,2022,SMAN 1 MAJENANG,,True
S1,sma,2022,SMAN 1 MATARAM,,True
S1,sma,2022,SMAN 1 MEDAN,,True
S1,sma,2022,SMAN 1 MINGGIR,,True
S1,sma,2022,SMAN 1 MLATI,,True
S1,sma,2022,SMAN 1 MUKOMUKO,,True
S1,sma,2022,SMAN 1 MUNTILAN,,True
S1,sma,2022,SMAN 1 NGUNUT,,True
S1,sma,2022,SMAN 1 PACITAN,,True
S1,sma,2022,SMAN 1 PADANG PANJANG,,True
S1,sma,2022,SMAN 1 PAKEM,,True
S1,sma,2022,SMAN 1 PASURUAN,,True
S1,sma,2022,SMAN 1 PEKALONGAN,,True
S1,sma,2022,SMAN 1 PEMALANG,,True
S1,sma,2022,SMAN 1 PONOROGO,,True
S1,sma,2022,SMAN 1 PREMBUN,,True
S1,sma,2022,SMAN 1 PURBALIGGA,,True
S1,sma,2022,SMAN 1 PURWANTORO,,True
S1,sma,2022,SMAN 1 PURWOREJO,,True
S1,sma,2022,SMAN 1 RANDUBLATUNG,,True
S1,sma,2022,SMAN 1 REMBANG,,True
S1,sma,2022,SMAN 1 SALATIGA,,True
S1,sma,2022,SMAN 1 SEDAYU,,True
S1,sma,2022,SMAN 1 SEWON,,True
S1,sma,2022,SMAN 1 SIDOARJO,,True
S1,sma,2022,SMAN 1 SIMO,,True
S1,sma,2022,SMAN 1 SLAWI,,True
S1,sma,2022,SMAN 1 SLEMAN,,True
S1,sma,2022,SMAN 1 SUKODADI,,True
S1,sma,2022,SMAN 1 SURABAYA,,True
S1,sma,2022,SMAN 1 TASIKMALAYA,,True
S1,sma,2022,SMAN 1 TOILI,,True
S1,sma,2022,SMAN 1 TUBAN,,True
S1,sma,2022,SMAN 1 TUREN,,True
S1,sma,2022,SMAN 1 UNGARAN,,True
S1,sma,2022,SMAN 1 WONOGIRI,,True
S1,sma,2022,SMAN 1 WONOSARI,,True
S1,sma,2022,SMAN 10 BEKASI,,True
S1,sma,2022,SMAN 10 YOGYAKARTA,,True
S1,sma,2022,SMAN 103 JAKARTA,,True
S1,sma,2022,SMAN 11 BEKASI,,True
S1,sma,2022,SMAN 12 BANDAR LAMPUNG,,True
S1,sma,2022,SMAN 14 JAKARTA,,True
S1,sma,2022,SMAN 2 BANTUL,,True
S1,sma,2022,SMAN 2 BURU,,True
S1,sma,2022,SMAN 2 CIBINONG,,True
S1,sma,2022,SMAN 2 CIKARANG UTARA,,True
S1,sma,2022,SMAN 2 CIREBON,,True
S1,sma,2022,SMAN 2 INDRAMAYU,,True
S1,sma,2022,SMAN 2 KLATEN,,True
S1,sma,2022,SMAN 2 KOTA TANGERANG SELATAN,,True
S1,sma,2022,SMAN 2 KRAKATAU STEEL CILEGON,,True
S1,sma,2022,SMAN 2 KUTA,,True
S1,sma,2022,SMAN 2 LUMAJANG,,True
S1,sma,2022,SMAN 2 MADIUN,,True
S1,sma,2022,SMAN 2 MAGELANG,,True
S1,sma,2022,SMAN 2 NGAGLIK,,True
S1,sma,2022,SMAN 2 PATI,,True
S1,sma,2022,SMAN 2 PONOROGO,,True
S1,sma,2022,SMAN 2 PURWOKERTO,,True
S1,sma,2022,SMAN 2 PURWOREJO,,True
S1,sma,2022,SMAN 2 SALATIGA,,True
S1,sma,2022,SMAN 2 SEMARANG,,True
S1,sma,2022,SMAN 2 SLEMAN,,True
S1,sma,2022,SMAN 2 SUKOHARJO,,True
S1,sma,2022,SMAN 2 TAMBUN SELATAN,,True
S1,sma,2022,SMAN 2 TENGGARONG,,True
S1,sma,2022,SMAN 2 WATES,,True
S1,sma,2022,SMAN 2 YOGYAKARTA,,True
S1,sma,2022,SMAN 28 JAKARTA,,True
S1,sma,2022,SMAN 3 BATAM,,True
S1,sma,2022,SMAN 3 BLITAR,,True
S1,sma,2022,SMAN 3 MAGELANG,,True
S1,sma,2022,SMAN 3 PADANG,,True
S1,sma,2022,SMAN 3 SUKOHARJO,,True
S1,sma,2022,SMAN 3 SURAKARTA,,True
S1,sma,2022,SMAN 3 TANGERANG,,True
S1,sma,2022,SMAN 36 JAKARTA,,True
S1,sma,2022,SMAN 38 JAKARTA,,True
S1,sma,2022,SMAN 39 JAKARTA,,True
S1,sma,2022,SMAN 4 JAYAPURA,,True
S1,sma,2022,SMAN 4 JEMBER,,True
S1,sma,2022,SMAN 4 KARAWANG,,True
S1,sma,2022,SMAN 4 KENDARI,,True
S1,sma,2022,SMAN 4 KOTA JAMBI,,True
S1,sma,2022,SMAN 4 MAGELANG,,True
S1,sma,2022,SMAN 4 MEDAN,,True
S1,sma,2022,SMAN 4 YOGYAKARTA,,True
S1,sma,2022,SMAN 48 JAKARTA,,True
S1,sma,2022,SMAN 5 MADIUN,,True
S1,sma,2022,SMAN 5 PURWOKERTO,,True
S1,sma,2022,SMAN 5 YOGYAKARTA,,True
S1,sma,2022,SMAN 55,,True
S1,sma,2022,SMAN 61 JAKARTA,,True
S1,sma,2022,SMAN 7 PURWOREJO,,True
S1,sma,2022,SMAN 7 YOGYAKARTA,,True
S1,sma,2022,SMAN 71 JAKARTA,,True
S1,sma,2022,SMAN 78 JAKARTA,,True
S1,sma,2022,SMAN 8 BANDUNG,,True
S1,sma,2022,SMAN 8 PEKANBARU,,True
S1,sma,2022,SMAN 81 JAKARTA,,True
S1,sma,2022,SMAN 82 JAKARTA,,True
S1,sma,2022,SMAN 9 BEKASI,,True
S1,sma,2022,SMAN 9 PURWOREJO,,True
S1,sma,2022,SMAN 9 SURABAYA,,True
S1,sma,2022,SMAN 9 TAMBUN SELATAN,,True
S1,sma,2022,SMAN 90 JAKARTA,,True
S1,sma,2022,SMAN 99 JAKARTA,,True
S1,sma,2022,SMAN GLENMORE,,True
S1,sma,2022,SMAN PLUS PROP RIAU,,True
S1,sma,2022,SMAS AL - AZHAR MANDIRI PALU,,True
S1,sma,2022,SMAS AL AZHAR 3,,True
S1,sma,2022,SMAS AL-IRSYAD SATYA,,True
S1,sma,2022,SMAS AL-IZZAH BATU,,True
S1,sma,2022,SMAS BPK 1 PENABUR BANDUNG,,True
S1,sma,2022,SMAS CENDANA MANDAU,,True
S1,sma,2022,SMAS CERDAS MANDIRI,,True
S1,sma,2022,SMAS DWI WARNA,,True
S1,sma,2022,SMAS GLOBAL MANDIRI,,True
S1,sma,2022,SMAS IT AS SYIFA BOARDING SCHOOL,,True
S1,sma,2022,SMAS IT AS-SYIFA BOARDING SCHOOL,,True
S1,sma,2022,SMAS IT IHSANUL FIKRI MUNGKID,,True
S1,sma,2022,SMAS JAYA SUTI ABADI,,True
S1,sma,2022,SMAS KOLESE DE BRITTO DEPOK,,True
S1,sma,2022,SMAS KOLESE LOYOLA,,True
S1,sma,2022,SMAS KRISTEN 1 TOMOHON,,True
S1,sma,2022,SMAS LENTERA HARAPAN,,True
S1,sma,2022,SMAS MTA SURAKARTA,,True
S1,sma,2022,SMAS MUHAMMADIYAH 1 YOGYAKARTA,,True
S1,sma,2022,SMAS PANGUDI LUHUR VAN LITH,,True
S1,sma,2022,SMAS SANTO THOMAS 1 MEDAN,,True
S1,sma,2022,SMAS SMART EKSELENSIA INDONESIA,,True
S1,sma,2022,SMAS ST MARIA 1 BANDUNG,,True
S1,sma,2022,SMAS STELLA DUCE 1,,True
S1,sma,2022,SMAS SURYA BANGSA,,True
S1,sma,2022,SMAS SUTOMO 1,,True
S1,sma,2022,SMAS TARUNA BAKTI,,True
S1,sma,2022,SMAS TARUNA NUSANTARA,,True
S1,sma,2022,SMAS UNGGUL DEL,,True
S1,sma,2022,SMAS WR SUPRATMAN 2,,True
S1,sma,2022,SMAS YPHB,,True
S1,sma,2022,SMK - SMTI BANDAR LAMPUNG,,True
S1,sma,2022,SMK FARMASI NASIONAL SURAKARTA,,True
S1,sma,2022,SMK NEGERI 1 KLATEN,,True
S1,sma,2022,SMK RISE KEDAWUNG,,True
S1,sma,2022,SMKS FARMASI NASIONAL SURAKARTA,,True
S1,sma,2022,SMKS IT SMART INFORMATIKA,,True
S1,sma,2022,SMKS TELKOM SANDHY PUTRA,,True
S1,sma,2022,SMP SMA INTERNATIONAL BUDI MULIA DUA,,True
S1,sma,2022,"THE CAMBRIDGE SCHOOL, DOHA QATAR",,True
S1,sma,2022,THOMAS SPRIGG WOOTTON HIGH SCHOOL,,True
S1,sma,2023,SMAN 1 YOGYAKARTA,19.0,False
S1,sma,2023,SMAN 5 YOGYAKARTA,12.0,False
S1,sma,2023,SMAN 3 YOGYAKARTA,11.0,False
S1,sma,2023,SMAN 1 KEBUMEN,8.0,False
S1,sma,2023,SMAN 1 PURWOREJO,7.0,False
S1,sma,2023,SMAN 1 SLEMAN,7.0,False
S1,sma,2023,SMAS MUHAMMADIYAH 1 YOGYAKARTA,7.0,False
S1,sma,2023,SMKN 2 DEPOK,7.0,False
S1,sma,2023,SMA NEGERI 2 BANTUL,6.0,False
S1,sma,2023,SMAN 2 YOGYAKARTA,6.0,False
S1,sma,2023,SMAN 6 YOGYAKARTA,6.0,False
S1,sma,2023,SMAN 8 YOGYAKARTA,6.0,False
S1,sma,2023,SMAS KOLESE DE BRITTO DEPOK,6.0,False
S1,sma,2023,SMA NEGERI 1 PEKALONGAN,5.0,False
S1,sma,2023,SMA NEGERI 1 WONOSOBO,5.0,False
S1,sma,2023,SMA PRADITA DIRGANTARA,5.0,False
S1,sma,2023,SMAN 1 GOMBONG,5.0,False
S1,sma,2023,SMAN 3 MEDAN,5.0,False
S1,sma,2023,SMAS SUTOMO 1,5.0,False
S1,sma,2023,SMA LABSCHOOL RAWAMANGUN,4.0,False
S1,sma,2023,SMA NEGERI 1 PATI,4.0,False
S1,sma,2023,SMA NEGERI 1 TEMANGGUNG,4.0,False
S1,sma,2023,SMAN 1 BATAM,4.0,False
S1,sma,2023,SMAN 1 BUKITTINGGI,4.0,False
S1,sma,2023,SMAN 1 MAGELANG,4.0,False
S1,sma,2023,SMAN 1 MEDAN,4.0,False
S1,sma,2023,SMAN 1 PURWOKERTO,4.0,False
S1,sma,2023,SMAN 1 SALATIGA,4.0,False
S1,sma,2023,SMAN 1 SURAKARTA,4.0,False
S1,sma,2023,SMAN 3 BOGOR,4.0,False
S1,sma,2023,SMAN 7 YOGYAKARTA,4.0,False
S1,sma,2023,SMAN 78 JAKARTA,4.0,False
S1,sma,2023,SMAN 9 YOGYAKARTA,4.0,False
S1,sma,2023,SMAS MUHAMMADIYAH BOARDING SCHOOL (MBS) SLEMAN,4.0,False
S1,sma,2023,SMAS TARUNA NUSANTARA,4.0,False
S1,sma,2023,SMK SMTI YOGYAKARTA,4.0,False
S1,sma,2023,MAN 1 YOGYAKARTA,3.0,False
S1,sma,2023,MAN 4 JAKARTA,3.0,False
S1,sma,2023,SMA DARUL ULUM 2 UNGGULAN BPPT,3.0,False
S1,sma,2023,SMA LABSCHOOL CIRENDEU,3.0,False
S1,sma,2023,SMA N 1 PACITAN,3.0,False
S1,sma,2023,SMA N 1 SRAGEN,3.0,False
S1,sma,2023,SMA NEGERI 02,3.0,False
S1,sma,2023,SMA NEGERI 1 BANTUL,3.0,False
S1,sma,2023,SMA NEGERI 1 KASIHAN,3.0,False
S1,sma,2023,SMA SEMESTA,3.0,False
S1,sma,2023,SMAN 1 BANJARNEGARA,3.0,False
S1,sma,2023,SMAN 1 BOJONEGORO,3.0,False
S1,sma,2023,SMAN 1 DEPOK,3.0,False
S1,sma,2023,SMAN 1 GODEAN,3.0,False
S1,sma,2023,SMAN 2 CIREBON,3.0,False
S1,sma,2023,SMAN 2 KEDIRI,3.0,False
S1,sma,2023,SMAN 3 SURAKARTA,3.0,False
S1,sma,2023,SMAN 70 JAKARTA,3.0,False
S1,sma,2023,AL KHOR INTERNATIONAL SCHOOL,,True
S1,sma,2023,BINUS SCHOOL SERPONG,,True
S1,sma,2023,DWIWARNA HIGH SCHOOL,,True
S1,sma,2023,ENGLISH MODERN SCHOOL DOHA,,True
S1,sma,2023,FITRAH ISLAMIC WORLD ACADEMY,,True
S1,sma,2023,HSPG YOGYAKARTA,,True
S1,sma,2023,LABSCHOOL CIBUBUR,,True
S1,sma,2023,MA ISLAMIC CENTRE BIN BAZ,,True
S1,sma,2023,"MA NEGERI 1, YOGYAKARTA",,True
S1,sma,2023,MA UNGGULAN AMANTUL UMMAH,,True
S1,sma,2023,MADRASAH ALIYAH NEGERI 2 KOTA MALANG (MAN 2 KOTA MALANG),,True
S1,sma,2023,MADRASAH ALIYAH TECHNONATURA,,True
S1,sma,2023,MAN 1 HULU SUNGAI TENGAH,,True
S1,sma,2023,MAN 1 JEPARA,,True
S1,sma,2023,MAN 1 KARANGANYAR,,True
S1,sma,2023,MAN 1 MANDAILING NATAL,,True
S1,sma,2023,MAN 1 PASURUAN,,True
S1,sma,2023,MAN 1 PEKANBARU,,True
S1,sma,2023,MAN 1 SURAKARTA,,True
S1,sma,2023,MAN 2 BANJARNEGARA,,True
S1,sma,2023,MAN 2 KOTA MALANG,,True
S1,sma,2023,MAN 2 KOTA PEKANBARU,,True
S1,sma,2023,MAN 2 KUDUS,,True
S1,sma,2023,MAN 2 LAMONGAN,,True
S1,sma,2023,MAN 2 PEKANBARU,,True
S1,sma,2023,MAN 7 JAKARTA,,True
S1,sma,2023,MAN INSAN CENDEKIA PASURUAN,,True
S1,sma,2023,MAN INSAN CENDEKIA PEKALONGAN,,True
S1,sma,2023,MAN LAB. UIN YOGYAKARTA,,True
S1,sma,2023,MAN SURABAYA,,True
S1,sma,2023,MAN YOGYAKARTA III,,True
S1,sma,2023,MAS AL HUDA,,True
S1,sma,2023,MAS DARUL ARQAM,,True
S1,sma,2023,MAS HUSNUL KHOTIMAH,,True
S1,sma,2023,MAS IBNUL QOYYIM,,True
S1,sma,2023,MAS ISLAMIC CENTRE BIN BAZ,,True
S1,sma,2023,MAS MAAHID,,True
S1,sma,2023,MAS MUHARRIKUN NAJAAH,,True
S1,sma,2023,MAS NIHAYATUL AMAL PURWASARI,,True
S1,sma,2023,MAS NU AL-HIDAYAH,,True
S1,sma,2023,MAS NU BANAT KUDUS,,True
S1,sma,2023,MAS PONPES IBNUL QOYYIM PUTRA,,True
S1,sma,2023,MAS QUDSIYYAH KUDUS,,True
S1,sma,2023,MAS SAHID,,True
S1,sma,2023,MAS UNGGULAN AMANATUL UMMAH SURABAYA,,True
S1,sma,2023,MAS WALI SONGO PUTRI,,True
S1,sma,2023,MENTARI INTERCULTURAL SCHOOL JAKARTA,,True
S1,sma,2023,PKBM HOME SCHOOLING PRIMAGAMA,,True
S1,sma,2023,PKBM KAK SETO,,True
S1,sma,2023,PKBM SEKOLAH MURID MERDEKA,,True
S1,sma,2023,PKBM WIJAYA KUSUMA,,True
S1,sma,2023,SABIS INTERNATIONAL SCHOOL,,True
S1,sma,2023,SEKOLAH HIGHSCOPE INDONESIA,,True
S1,sma,2023,SEKOLAH MADANIA,,True
S1,sma,2023,SMA AL AZHAR SYIFA BUDI PARAHYANGAN,,True
S1,sma,2023,SMA AL-MAAHIRA IIBS MALANG,,True
S1,sma,2023,SMA AVICENNA JAGAKARSA,,True
S1,sma,2023,SMA BINA NUSANTARA SERPONG (BINUS),,True
S1,sma,2023,SMA BINUS BEKASI,,True
S1,sma,2023,SMA BUDI MULIA DUA,,True
S1,sma,2023,SMA BUDI UTAMA,,True
S1,sma,2023,SMA CAKRA BUANA,,True
S1,sma,2023,SMA EDU GLOBAL,,True
S1,sma,2023,SMA FITRAH ISLAMIC WORLD ACADEMY,,True
S1,sma,2023,SMA GARUDA CENDEKIA,,True
S1,sma,2023,SMA GLOBAL ISLAMIC SCHOOL 2,,True
S1,sma,2023,SMA GLOBAL JAYA,,True
S1,sma,2023,SMA HIGHFIELD DUREN SAWIT,,True
S1,sma,2023,SMA INTERNASIONAL BUDI MULIA DUA,,True
S1,sma,2023,SMA ISLAM AL AZHAR 1,,True
S1,sma,2023,SMA ISLAM AL AZHAR 9 YOGYAKARTA,,True
S1,sma,2023,SMA ISLAM AL-AZHAR BUMI SERPONG DAMAI,,True
S1,sma,2023,SMA ISLAM INSAN CENDEKIA BAITUL IZZAH,,True
S1,sma,2023,SMA ISLAM TERPADU ANAK SHOLEH MATARAM,,True
S1,sma,2023,SMA ISLAM TERPADU NURUL FIKRI,,True
S1,sma,2023,SMA IT AL ITTIHAD,,True
S1,sma,2023,SMA IT AL-MULTAZAM,,True
S1,sma,2023,SMA KANISIUS,,True
S1,sma,2023,SMA KARANGTURI,,True
S1,sma,2023,SMA KATOLIK SANTU PETRUS PONTIANAK,,True
S1,sma,2023,SMA KATOLIK ST. ALBERTUS,,True
S1,sma,2023,SMA KESATRIAN 2,,True
S1,sma,2023,SMA KESATUAN BANGSA,,True
S1,sma,2023,SMA KHADIJAH SURABAYA,,True
S1,sma,2023,SMA KORPRI BEKASI,,True
S1,sma,2023,SMA KRISTEN 6 BPK PENABUR,,True
S1,sma,2023,SMA KRISTEN PELITA NUSANTARA KASIH SURAKARTA,,True
S1,sma,2023,SMA KRISTEN YSKI,,True
S1,sma,2023,SMA LABSCHOOL CIBUBUR,,True
S1,sma,2023,SMA LABSCHOOL JAKARTA,,True
S1,sma,2023,SMA LABSCHOOL KEBAYORAN,,True
S1,sma,2023,SMA LENTERA KASIH,,True
S1,sma,2023,SMA MENTARI INTERCULTURAL SCHOOL BINTARO,,True
S1,sma,2023,SMA MUHAMMADIYAH 9 AEK KANOPAN,,True
S1,sma,2023,SMA N 1 CAWAS,,True
S1,sma,2023,SMA N 1 WONOSARI,,True
S1,sma,2023,SMA N 2 SUMATERA BARAT,,True
S1,sma,2023,SMA N 2 WATES,,True
S1,sma,2023,SMA N 3 YOGYAKARTA,,True
S1,sma,2023,SMA N 6 YOGYAKARTA,,True
S1,sma,2023,SMA N 7 TAMBUN SELATAN,,True
S1,sma,2023,SMA NASIONAL,,True
S1,sma,2023,SMA NEGERI 01,,True
S1,sma,2023,SMA NEGERI 01 PALEMBANG,,True
S1,sma,2023,SMA NEGERI 03,,True
S1,sma,2023,SMA NEGERI 04,,True
S1,sma,2023,SMA NEGERI 05,,True
S1,sma,2023,SMA NEGERI 09,,True
S1,sma,2023,SMA NEGERI 1 BANGUNTAPAN,,True
S1,sma,2023,SMA NEGERI 1 BASO,,True
S1,sma,2023,SMA NEGERI 1 BATANG,,True
S1,sma,2023,SMA NEGERI 1 BOGOR,,True
S1,sma,2023,SMA NEGERI 1 CILACAP,,True
S1,sma,2023,SMA NEGERI 1 DEPOK,,True
S1,sma,2023,SMA NEGERI 1 JETIS,,True
S1,sma,2023,SMA NEGERI 1 KROYA,,True
S1,sma,2023,SMA NEGERI 1 MAOS,,True
S1,sma,2023,SMA NEGERI 1 MATARAM,,True
S1,sma,2023,SMA NEGERI 1 PAJANGAN,,True
S1,sma,2023,SMA NEGERI 1 PECANGAAN,,True
S1,sma,2023,SMA NEGERI 1 SANDEN,,True
S1,sma,2023,SMA NEGERI 1 SEWON,,True
S1,sma,2023,SMA NEGERI 1 TASIKMALAYA,,True
S1,sma,2023,SMA NEGERI 1 TENGARAN,,True
S1,sma,2023,SMA NEGERI 1 TUNTANG,,True
S1,sma,2023,SMA NEGERI 1 UNGARAN,,True
S1,sma,2023,SMA NEGERI 1 WATES,,True
S1,sma,2023,SMA NEGERI 1 WELAHAN,,True
S1,sma,2023,SMA NEGERI 12,,True
S1,sma,2023,SMA NEGERI 13,,True
S1,sma,2023,SMA NEGERI 17 PALEMBANG,,True
S1,sma,2023,SMA NEGERI 2 BANGUNTAPAN,,True
S1,sma,2023,SMA NEGERI 2 JOMBANG,,True
S1,sma,2023,SMA NEGERI 2 TASIKMALAYA,,True
S1,sma,2023,SMA NEGERI 2 TEMANGGUNG,,True
S1,sma,2023,SMA NEGERI 2 YOGYAKARTA,,True
S1,sma,2023,SMA NEGERI 3 BEKASI,,True
S1,sma,2023,SMA NEGERI 3 CILACAP,,True
S1,sma,2023,SMA NEGERI 3 LAMONGAN,,True
S1,sma,2023,SMA NEGERI 3 PEKANBARU,,True
S1,sma,2023,SMA NEGERI 5 PEKAN BARU,,True
S1,sma,2023,SMA NEGERI 6 PEKANBARU,,True
S1,sma,2023,SMA NEGERI 6 YOGYAKARTA,,True
S1,sma,2023,SMA NEGERI 67 JAKARTA,,True
S1,sma,2023,SMA NEGERI 8 PEKANBARU,,True
S1,sma,2023,SMA NEGERI 9 TAMBUN SELATAN,,True
S1,sma,2023,SMA NEGERI AGAM CENDEKIA,,True
S1,sma,2023,SMA PANGUDI LUHUR SEDAYU,,True
S1,sma,2023,SMA PANGUDI LUHUR VAN LITH MUNTILAN,,True
S1,sma,2023,SMA PLUS PGRI CIBINONG,,True
S1,sma,2023,SMA REGINA PACIS BOGOR,,True
S1,sma,2023,SMA REGINA PACIS KOTA BOGOR,,True
S1,sma,2023,SMA S CENDANA MANDAU,,True
S1,sma,2023,SMA TARUNA NUSANTARA,,True
S1,sma,2023,SMA TEMASEK INDEPENDENT SCHOOL,,True
S1,sma,2023,SMAIT INSANTAMA PLUS,,True
S1,sma,2023,SMAK FRATERAN MAUMERE,,True
S1,sma,2023,SMAK PENABUR KOTA TANGERANG,,True
S1,sma,2023,SMAN 001 BATANG HARI,,True
S1,sma,2023,SMAN 01 BANJAR AGUNG,,True
S1,sma,2023,SMAN 01 KOTA BIMA,,True
S1,sma,2023,SMAN 01 LINTAU BUO,,True
S1,sma,2023,SMAN 01 TALUN,,True
S1,sma,2023,SMAN 04 KOTA BIMA,,True
S1,sma,2023,SMAN 09 MANADO,,True
S1,sma,2023,SMAN 1 AJIBARANG,,True
S1,sma,2023,SMAN 1 BAE KUDUS,,True
S1,sma,2023,SMAN 1 BALIKPAPAN,,True
S1,sma,2023,SMAN 1 BANJARBARU,,True
S1,sma,2023,SMAN 1 BANYUDONO,,True
S1,sma,2023,SMAN 1 BATU,,True
S1,sma,2023,SMAN 1 BAU-BAU,,True
S1,sma,2023,SMAN 1 BELITANG,,True
S1,sma,2023,SMAN 1 BLORA,,True
S1,sma,2023,SMAN 1 BOBOTSARI,,True
S1,sma,2023,SMAN 1 BOGOR,,True
S1,sma,2023,SMAN 1 BOJA,,True
S1,sma,2023,SMAN 1 BOYOLALI,,True
S1,sma,2023,SMAN 1 BOYOLANGU,,True
S1,sma,2023,SMAN 1 CIAMIS,,True
S1,sma,2023,SMAN 1 CICALENGKA,,True
S1,sma,2023,SMAN 1 CIKARANG UTARA,,True
S1,sma,2023,SMAN 1 CIREBON,,True
S1,sma,2023,SMAN 1 CISARUA,,True
S1,sma,2023,SMAN 1 CLURING,,True
S1,sma,2023,SMAN 1 DENPASAR,,True
S1,sma,2023,SMAN 1 DUKUN,,True
S1,sma,2023,SMAN 1 GEDANGAN,,True
S1,sma,2023,SMAN 1 GEMOLONG,,True
S1,sma,2023,SMAN 1 GONDANG,,True
S1,sma,2023,SMAN 1 GRESIK,,True
S1,sma,2023,SMAN 1 GUBUG,,True
S1,sma,2023,SMAN 1 GUNUNG SINDUR,,True
S1,sma,2023,SMAN 1 JAKARTA,,True
S1,sma,2023,SMAN 1 JAMBLANG,,True
S1,sma,2023,SMAN 1 JEMBER,,True
S1,sma,2023,SMAN 1 KALASAN,,True
S1,sma,2023,SMAN 1 KARANGANOM,,True
S1,sma,2023,SMAN 1 KARANGMOJO,,True
S1,sma,2023,SMAN 1 KARAWANG,,True
S1,sma,2023,SMAN 1 KARTASURA,,True
S1,sma,2023,SMAN 1 KAYEN,,True
S1,sma,2023,SMAN 1 KEDIRI,,True
S1,sma,2023,SMAN 1 KENDAL,,True
S1,sma,2023,SMAN 1 KEPANJEN,,True
S1,sma,2023,SMAN 1 KLATEN,,True
S1,sma,2023,SMAN 1 KOTA DEPOK,,True
S1,sma,2023,SMAN 1 KOTA GAJAH,,True
S1,sma,2023,SMAN 1 KRAMAT,,True
S1,sma,2023,SMAN 1 KUDUS,,True
S1,sma,2023,SMAN 1 LAMONGAN,,True
S1,sma,2023,SMAN 1 LEMAHABANG,,True
S1,sma,2023,SMAN 1 MADIUN,,True
S1,sma,2023,SMAN 1 MEJAYAN,,True
S1,sma,2023,SMAN 1 MLATI,,True
S1,sma,2023,SMAN 1 MOJOLABAN,,True
S1,sma,2023,SMAN 1 MUNTILAN,,True
S1,sma,2023,SMAN 1 NGAWI,,True
S1,sma,2023,SMAN 1 NGUNUT,,True
S1,sma,2023,SMAN 1 NUNUKAN SELATAN,,True
S1,sma,2023,SMAN 1 PAKEM,,True
S1,sma,2023,SMAN 1 PASARWAJO,,True
S1,sma,2023,SMAN 1 PEMALANG,,True
S1,sma,2023,SMAN 1 PRAMBANAN,,True
S1,sma,2023,SMAN 1 PURBALINGGA,,True
S1,sma,2023,SMAN 1 PURWAKARTA,,True
S1,sma,2023,SMAN 1 REJANG LEBONG,,True
S1,sma,2023,SMAN 1 SEKARAN,,True
S1,sma,2023,SMAN 1 SETU,,True
S1,sma,2023,SMAN 1 SEYEGAN,,True
S1,sma,2023,SMAN 1 SIMO,,True
S1,sma,2023,SMAN 1 SLAWI,,True
S1,sma,2023,SMAN 1 SOOKO,,True
S1,sma,2023,SMAN 1 SUKOHARJO,,True
S1,sma,2023,SMAN 1 SUMBAWA BESAR,,True
S1,sma,2023,SMAN 1 TAMBUN SELATAN,,True
S1,sma,2023,SMAN 1 TEGAL,,True
S1,sma,2023,SMAN 1 TEMPEL,,True
S1,sma,2023,SMAN 1 TORAJA UTARA,,True
S1,sma,2023,SMAN 1 WADASLINTANG,,True
S1,sma,2023,SMAN 1 WONOGIRI,,True
S1,sma,2023,SMAN 1 WONOSARI,,True
S1,sma,2023,SMAN 10 JAKARTA,,True
S1,sma,2023,SMAN 10 KAUR (PENTAGON),,True
S1,sma,2023,SMAN 10 SURABAYA,,True
S1,sma,2023,SMAN 10 YOGYAKARTA,,True
S1,sma,2023,SMAN 11 YOGYAKARTA,,True
S1,sma,2023,SMAN 2 BALIGE,,True
S1,sma,2023,SMAN 2 BUKITTINGGI,,True
S1,sma,2023,SMAN 2 CIKARANG PUSAT,,True
S1,sma,2023,SMAN 2 DOGIYAI,,True
S1,sma,2023,SMAN 2 KOTA DEPOK,,True
S1,sma,2023,SMAN 2 KOTA TANGERANG SELATAN,,True
S1,sma,2023,SMAN 2 KOTAMOBAGU,,True
S1,sma,2023,SMAN 2 LUMAJANG,,True
S1,sma,2023,SMAN 2 MADIUN,,True
S1,sma,2023,SMAN 2 MAJENE,,True
S1,sma,2023,SMAN 2 NGAGLIK,,True
S1,sma,2023,SMAN 2 PADANG SIDEMPUAN,,True
S1,sma,2023,SMAN 2 PALU,,True
S1,sma,2023,SMAN 2 PARE,,True
S1,sma,2023,SMAN 2 PAYAKUMBUH,,True
S1,sma,2023,SMAN 2 PURWOKERTO,,True
S1,sma,2023,SMAN 2 SLEMAN,,True
S1,sma,2023,SMAN 2 SURAKARTA,,True
S1,sma,2023,SMAN 2 TAMBUN SELATAN,,True
S1,sma,2023,SMAN 2 TEGAL,,True
S1,sma,2023,SMAN 2 TEGINENENG,,True
S1,sma,2023,SMAN 2 TINGGIMONCONG,,True
S1,sma,2023,SMAN 2 WONOSARI,,True
S1,sma,2023,SMAN 20 JAKARTA,,True
S1,sma,2023,SMAN 21 JAKARTA,,True
S1,sma,2023,SMAN 22 JAKARTA,,True
S1,sma,2023,SMAN 24 JAKARTA,,True
S1,sma,2023,SMAN 25 BANDUNG,,True
S1,sma,2023,SMAN 26 JAKARTA,,True
S1,sma,2023,SMAN 27 KABUPATEN TANGERANG,,True
S1,sma,2023,SMAN 28 KABUPATEN TANGERANG,,True
S1,sma,2023,SMAN 29 JAKARTA,,True
S1,sma,2023,SMAN 3 BATAM,,True
S1,sma,2023,SMAN 3 BEKASI,,True
S1,sma,2023,SMAN 3 BOYOLALI,,True
S1,sma,2023,SMAN 3 CIREBON,,True
S1,sma,2023,SMAN 3 DENPASAR,,True
S1,sma,2023,SMAN 3 JAKARTA,,True
S1,sma,2023,SMAN 3 JAYAPURA,,True
S1,sma,2023,SMAN 3 KLATEN,,True
S1,sma,2023,SMAN 3 PADANG,,True
S1,sma,2023,SMAN 3 SALATIGA,,True
S1,sma,2023,SMAN 3 SURABAYA,,True
S1,sma,2023,SMAN 3 TEGAL,,True
S1,sma,2023,SMAN 32 JAKARTA,,True
S1,sma,2023,SMAN 34 JAKARTA,,True
S1,sma,2023,SMAN 38 JAKARTA,,True
S1,sma,2023,SMAN 39 JAKARTA,,True
S1,sma,2023,SMAN 4 BEKASI,,True
S1,sma,2023,SMAN 4 CIREBON,,True
S1,sma,2023,SMAN 4 JAKARTA,,True
S1,sma,2023,SMAN 4 JAYAPURA,,True
S1,sma,2023,SMAN 4 KABUPATEN TANGERANG,,True
S1,sma,2023,SMAN 4 KENDARI,,True
S1,sma,2023,SMAN 4 KOTA DEPOK,,True
S1,sma,2023,SMAN 4 MAGELANG,,True
S1,sma,2023,SMAN 4 SIDOARJO,,True
S1,sma,2023,SMAN 4 SURAKARTA,,True
S1,sma,2023,SMAN 43 JAKARTA,,True
S1,sma,2023,SMAN 44 JAKARTA,,True
S1,sma,2023,SMAN 47 JAKARTA,,True
S1,sma,2023,SMAN 49 JAKARTA,,True
S1,sma,2023,SMAN 5 BALIKPAPAN SELATAN,,True
S1,sma,2023,SMAN 5 BATAM,,True
S1,sma,2023,SMAN 5 BOGOR,,True
S1,sma,2023,SMAN 5 MADIUN,,True
S1,sma,2023,SMAN 5 MAGELANG,,True
S1,sma,2023,SMAN 5 PURWOKERTO,,True
S1,sma,2023,SMAN 5 PURWOREJO,,True
S1,sma,2023,SMAN 5 SURABAYA,,True
S1,sma,2023,SMAN 52 JAKARTA,,True
S1,sma,2023,SMAN 58 JAKARTA,,True
S1,sma,2023,SMAN 59 JAKARTA,,True
S1,sma,2023,SMAN 6 BANDUNG,,True
S1,sma,2023,SMAN 61 JAKARTA,,True
S1,sma,2023,SMAN 62 JAKARTA,,True
S1,sma,2023,SMAN 63 JAKARTA,,True
S1,sma,2023,SMAN 7 BOGOR,,True
S1,sma,2023,SMAN 7 JAKARTA,,True
S1,sma,2023,SMAN 7 KOTA TANGERANG SELATAN,,True
S1,sma,2023,SMAN 7 PURWOREJO,,True
S1,sma,2023,SMAN 7 SURAKARTA,,True
S1,sma,2023,SMAN 8 JAKARTA,,True
S1,sma,2023,"SMAN 80, KOTA JAKARTA UTARA",,True
S1,sma,2023,SMAN 81 JAKARTA,,True
S1,sma,2023,SMAN 90 JAKARTA,,True
S1,sma,2023,SMAN LABUHAN RATU,,True
S1,sma,2023,SMAN PLUS PROP RIAU,,True
S1,sma,2023,SMAS AL - MUSLIM,,True
S1,sma,2023,SMAS AL IZHAR JAKARTA,,True
S1,sma,2023,SMAS AL MASOEM JATINANGOR,,True
S1,sma,2023,SMAS AL-IZZAH BATU,,True
S1,sma,2023,SMAS ALLOYSIUS 1,,True
S1,sma,2023,SMAS BINA INSANI,,True
S1,sma,2023,SMAS BRUDERAN PURWOKERTO,,True
S1,sma,2023,SMAS BUDI LUHUR,,True
S1,sma,2023,SMAS BUDI MULIA,,True
S1,sma,2023,SMAS BUDI MULYA,,True
S1,sma,2023,SMAS DARMA YUDHA,,True
S1,sma,2023,SMAS GLOBAL MANDIRI CIBUBUR,,True
S1,sma,2023,SMAS GLOBAL PRESTASI,,True
S1,sma,2023,SMAS IIBS RI,,True
S1,sma,2023,SMAS INSAN CENDIKIA AL-MUJTABA,,True
S1,sma,2023,SMAS ISLAM 3 PAKEM,,True
S1,sma,2023,SMAS ISLAM AL-AZHAR 3 JAKARTA,,True
S1,sma,2023,SMAS ISLAM AL-AZHAR BSD,,True
S1,sma,2023,SMAS ISLAM TERPADU ULIL ALBAB,,True
S1,sma,2023,SMAS ISLAMIC CENTRE,,True
S1,sma,2023,SMAS IT ABU BAKAR,,True
S1,sma,2023,SMAS IT AL FIDAA,,True
S1,sma,2023,SMAS IT AS-SYIFA BOARDING SCHOOL,,True
S1,sma,2023,SMAS IT THORIQ BIN ZIYAD,,True
S1,sma,2023,SMAS KATOLIK RAJAWALI,,True
S1,sma,2023,SMAS KATOLIK SAINT JOHN S,,True
S1,sma,2023,SMAS KATOLIK YOS SUDARSO,,True
S1,sma,2023,SMAS KHARISMA BANGSA,,True
S1,sma,2023,SMAS KRIDA NUSANTARA,,True
S1,sma,2023,SMAS MADANIA,,True
S1,sma,2023,SMAS MARSUDIRINI,,True
S1,sma,2023,SMAS METHODIST 2 MEDAN,,True
S1,sma,2023,SMAS METHODIST 8 MEDAN,,True
S1,sma,2023,SMAS MUHAMMADIYAH 1 KLATEN,,True
S1,sma,2023,SMAS MUHAMMADIYAH 1 MAGELANG,,True
S1,sma,2023,SMAS MUHAMMADIYAH 2,,True
S1,sma,2023,SMAS PESANTREN TERPADU HAYATAN THAYYIBAH,,True
S1,sma,2023,SMAS PESANTREN UNGGUL AL BAYAN,,True
S1,sma,2023,SMAS PRIBADI,,True
S1,sma,2023,SMAS PUSAKA 1 JAKARTA,,True
S1,sma,2023,SMAS SANTO TARCISIUS,,True
S1,sma,2023,SMAS SANTO THOMAS 1,,True
S1,sma,2023,SMAS SANTO THOMAS 1 MEDAN,,True
S1,sma,2023,SMAS SATU PADU BOARDING SCHOOL,,True
S1,sma,2023,SMAS ST ANTONIUS JAKARTA,,True
S1,sma,2023,SMAS ST MARIA 1 BANDUNG,,True
S1,sma,2023,SMAS STELLA DUCE 1,,True
S1,sma,2023,SMAS STRADA ST AQUINO,,True
S1,sma,2023,SMAS SYAFANA ISLAMIC SCHOOL,,True
S1,sma,2023,SMAS TARAKANITA MAGELANG,,True
S1,sma,2023,SMAS UNGGUL DEL,,True
S1,sma,2023,SMAS YASPEN TUGU IBU,,True
S1,sma,2023,SMAS YAYASAN PENDIDIKAN VIDYA DAHANA PATRA,,True
S1,sma,2023,SMAS YAYASAN PUPUK KALTIM BONTANG,,True
S1,sma,2023,SMAS YPPK TIGA RAJA TIMIKA,,True
S1,sma,2023,SMK (STM) N 1 MAGELANG,,True
S1,sma,2023,SMK (STM) N 1 SIDOARJO,,True
S1,sma,2023,SMK - SMAK MAKASSAR,,True
S1,sma,2023,SMK ANALIS KIMIA BOGOR (SMAKBO),,True
S1,sma,2023,SMKN 1 KARAWANG,,True
S1,sma,2023,SMKN 1 SURUH,,True
S1,sma,2023,SMKN 13 BANDUNG,,True
S1,sma,2023,SMKN 2 CILEGON,,True
S1,sma,2023,SMKN 2 YOGYAKARTA,,True
S1,sma,2023,SMKN 3 MADIUN,,True
S1,sma,2023,SMKN 6 KOTA BENGKULU,,True
S1,sma,2023,SMKN PP CIANJUR,,True
S1,sma,2023,SMKS TELKOM SANDHY PUTRA,,True
S1,sma,2023,"SMU NEGERI 102, JAKARTA",,True
S1,sma,2023,"YAT SEN SECONDARY SCHOOL, SUVA, FIJI",,True
S1,sma,2024,SMAN 3 YOGYAKARTA,18.0,False
S1,sma,2024,SMAN 2 YOGYAKARTA,12.0,False
S1,sma,2024,SMAN 8 YOGYAKARTA,11.0,False
S1,sma,2024,SMAN 6 YOGYAKARTA,10.0,False
S1,sma,2024,SMAN 7 YOGYAKARTA,10.0,False
S1,sma,2024,SMKN 2 DEPOK,10.0,False
S1,sma,2024,SMAN 1 YOGYAKARTA,9.0,False
S1,sma,2024,SMAN 1 GODEAN,7.0,False
S1,sma,2024,MAN 1 YOGYAKARTA,6.0,False
S1,sma,2024,SMA N 1 CAWAS,5.0,False
S1,sma,2024,SMA NEGERI 1 BANTUL,5.0,False
S1,sma,2024,SMAN 1 GOMBONG,5.0,False
S1,sma,2024,SMAN 1 KLATEN,5.0,False
S1,sma,2024,SMAN 1 SLEMAN,5.0,False
S1,sma,2024,SMAN 5 YOGYAKARTA,5.0,False
S1,sma,2024,SMAS MUHAMMADIYAH 1 YOGYAKARTA,5.0,False
S1,sma,2024,MAS UNGGULAN AMANATUL UMMAH SURABAYA,4.0,False
S1,sma,2024,SMA NEGERI 1 CILACAP,4.0,False
S1,sma,2024,SMA NEGERI 1 PATI,4.0,False
S1,sma,2024,SMA NEGERI 1 PEKALONGAN,4.0,False
S1,sma,2024,SMA NEGERI 1 TEMANGGUNG,4.0,False
S1,sma,2024,SMAN 1 BALIKPAPAN,4.0,False
S1,sma,2024,SMAN 1 DEPOK,4.0,False
S1,sma,2024,SMAN 1 KEBUMEN,4.0,False
S1,sma,2024,SMAN 1 KOTA SERANG,4.0,False
S1,sma,2024,SMAN 1 PURWOKERTO,4.0,False
S1,sma,2024,SMAN 3 MEDAN,4.0,False
S1,sma,2024,SMAS KOLESE DE BRITTO DEPOK,4.0,False
S1,sma,2024,SMAS REGINA PACIS SURAKARTA,4.0,False
S1,sma,2024,SMAS SUTOMO 1,4.0,False
S1,sma,2024,SMA AVICENNA JAGAKARSA,3.0,False
S1,sma,2024,SMA DARUL ULUM 2 UNGGULAN BPPT,3.0,False
S1,sma,2024,SMA ISLAM AL-AZHAR BUMI SERPONG DAMAI,3.0,False
S1,sma,2024,SMA IT AL IRSYAD AL ISLAMIYYAH PURWOKERTO,3.0,False
S1,sma,2024,SMA N 1 SRAGEN,3.0,False
S1,sma,2024,SMA NEGERI 1 MATARAM,3.0,False
S1,sma,2024,SMA NEGERI 1 WATES,3.0,False
S1,sma,2024,SMA NEGERI 2 BANTUL,3.0,False
S1,sma,2024,SMA NEGERI 3 CILACAP,3.0,False
S1,sma,2024,SMA PANGUDI LUHUR VAN LITH MUNTILAN,3.0,False
S1,sma,2024,SMA PRADITA DIRGANTARA,3.0,False
S1,sma,2024,SMA/SMK/MA LAIN-LAIN,3.0,False
S1,sma,2024,SMAN 1 AJIBARANG,3.0,False
S1,sma,2024,SMAN 1 BANJARNEGARA,3.0,False
S1,sma,2024,SMAN 1 KALASAN,3.0,False
S1,sma,2024,SMAN 1 PAKEM,3.0,False
S1,sma,2024,SMAN 1 PURBALINGGA,3.0,False
S1,sma,2024,SMAN 1 PURWOREJO,3.0,False
S1,sma,2024,SMAN 11 YOGYAKARTA,3.0,False
S1,sma,2024,SMAN 2 KEDIRI,3.0,False
S1,sma,2024,SMAN 2 PURWOKERTO,3.0,False
S1,sma,2024,SMAN 4 SURAKARTA,3.0,False
S1,sma,2024,SMAN 9 YOGYAKARTA,3.0,False
S1,sma,2024,SMAS LABSCHOOL CIBUBUR,3.0,False
S1,sma,2024,SMAS TARUNA NUSANTARA,3.0,False
S1,sma,2024,"AL KHOR INTERNATIONAL SCHOOL, STATE OF QATAR",,True
S1,sma,2024,ALPHA CAMBRIDGE SCHOOL,,True
S1,sma,2024,DALIAN ROYAL SCHOOL,,True
S1,sma,2024,DUKHAN ENGLISH SCHOOL,,True
S1,sma,2024,JAPAN,,True
S1,sma,2024,KOREA SCIENCE ACADEMY OF KAIST,,True
S1,sma,2024,KULLIYATUL MU`ALLIMIN AL-ISLAMIYAH (KMI) PP MODERN GONTOR PONOROGO,,True
S1,sma,2024,MAN 1 BANDAR LAMPUNG,,True
S1,sma,2024,MAN 1 BANYUMAS,,True
S1,sma,2024,MAN 1 KARANGANYAR,,True
S1,sma,2024,MAN 1 KOTA BEKASI,,True
S1,sma,2024,MAN 1 LOMBOK TIMUR,,True
S1,sma,2024,MAN 1 METRO,,True
S1,sma,2024,MAN 1 SURAKARTA,,True
S1,sma,2024,MAN 13 JAKARTA,,True
S1,sma,2024,MAN 2 BANJARNEGARA,,True
S1,sma,2024,MAN 2 JAKARTA,,True
S1,sma,2024,MAN 2 KOTA KEDIRI,,True
S1,sma,2024,MAN 2 KOTA MALANG,,True
S1,sma,2024,MAN 2 KOTA PADANG,,True
S1,sma,2024,MAN 2 PEKANBARU,,True
S1,sma,2024,MAN 2 PONTIANAK,,True
S1,sma,2024,MAN 22 JAKARTA,,True
S1,sma,2024,MAN 3 JOMBANG,,True
S1,sma,2024,MAN 4 JAKARTA,,True
S1,sma,2024,MAN INSAN CENDEKIA JAMBI,,True
S1,sma,2024,MAN INSAN CENDEKIA TANAH LAUT,,True
S1,sma,2024,MAN KABUPATEN MAGELANG,,True
S1,sma,2024,MAN KIARA KUDA CIAWI,,True
S1,sma,2024,MAN KOTO BARU PADANG PANJANG,,True
S1,sma,2024,MAN TANGERANG,,True
S1,sma,2024,MAN WONOGIRI,,True
S1,sma,2024,MAN WONOKROMO,,True
S1,sma,2024,MAN YOGYAKARTA 3,,True
S1,sma,2024,MAS AL-IHSAN,,True
S1,sma,2024,MAS ALI MAKSUM,,True
S1,sma,2024,MAS HUSNUL KHOTIMAH,,True
S1,sma,2024,MAS INSAN CENDIKIA SIAK,,True
S1,sma,2024,MAS ISTIQLAL,,True
S1,sma,2024,MAS MIFTAHUNNAJAH,,True
S1,sma,2024,MAS PPMI ASSALAAM,,True
S1,sma,2024,MAS RIYADLOTUT THALABAH,,True
S1,sma,2024,MAS WATHONIYAH ISLAMIYAH KARANGDUWUR,,True
S1,sma,2024,"MESAIEED INTERNATIONAL SCHOOL, QATAR",,True
S1,sma,2024,PKBM HOME SCHOOLING PRIMAGAMA,,True
S1,sma,2024,PKBM KEDONDONG,,True
S1,sma,2024,SMA AL AZHAR SYIFA BUDI PARAHYANGAN,,True
S1,sma,2024,SMA AL HIKMAH KARANGGEDE,,True
S1,sma,2024,SMA AL WAFI IBS,,True
S1,sma,2024,SMA AL-MUQODDASAH,,True
S1,sma,2024,SMA BAYT AL-HIKMAH,,True
S1,sma,2024,SMA BINA NUSANTARA BEKASI,,True
S1,sma,2024,SMA BINTARA DEPOK,,True
S1,sma,2024,SMA BOGOR RAYA,,True
S1,sma,2024,SMA BUDI CENDEKIA ISLAMIC SCHOOL,,True
S1,sma,2024,SMA BUDI MULIA DUA,,True
S1,sma,2024,SMA BUDI UTAMA,,True
S1,sma,2024,SMA CENDANA PEKANBARU,,True
S1,sma,2024,SMA CIKAL,,True
S1,sma,2024,SMA DHARMA LOKA,,True
S1,sma,2024,SMA FATIH BILINGUAL SCHOOL,,True
S1,sma,2024,SMA FITRAH ISLAMIC WORLD ACADEMY,,True
S1,sma,2024,SMA GANDHI MEMORIAL INTERCONTINENTAL SCHOOL,,True
S1,sma,2024,SMA GARUDA CENDEKIA,,True
S1,sma,2024,SMA GLOBAL SEVILLA PULOMAS,,True
S1,sma,2024,SMA IGNATIUS GLOBAL SCHOOL (IGS) PALEMBANG,,True
S1,sma,2024,SMA INKLUSI SCHOOL OF HUMAN,,True
S1,sma,2024,SMA ISLAM AL AZHAR 19,,True
S1,sma,2024,SMA ISLAM AL AZHAR 24,,True
S1,sma,2024,SMA ISLAM AL AZHAR 9 YOGYAKARTA,,True
S1,sma,2024,SMA ISLAM AL-AZHAR KELAPA GADING,,True
S1,sma,2024,SMA ISLAM TERPADU ABU HURAIRAH MATARAM,,True
S1,sma,2024,SMA ISLAM TERPADU HARAPAN UMAT KARAWANG,,True
S1,sma,2024,SMA IT AL FURQON PALEMBANG,,True
S1,sma,2024,SMA IT AL HARAKI,,True
S1,sma,2024,SMA IT AL ITTIHAD,,True
S1,sma,2024,SMA IT FITHRAH INSANI BALEENDAH,,True
S1,sma,2024,SMA IT IKHSANUL FIKRI MUNGKID,,True
S1,sma,2024,SMA IT INSAN CENDEKIA,,True
S1,sma,2024,SMA IT IQRA,,True
S1,sma,2024,SMA IT PESANTREN NURURRAHMAN,,True
S1,sma,2024,SMA IT PLUS BAZMA BRILLIANT,,True
S1,sma,2024,SMA IT ROHMANIYAH,,True
S1,sma,2024,SMA IZADA,,True
S1,sma,2024,SMA JAC,,True
S1,sma,2024,SMA JAKARTA ISLAMIC SCHOOL,,True
S1,sma,2024,SMA KARYA DHARMA VETERAN SAMBI,,True
S1,sma,2024,SMA KATOLIK ST. ALBERTUS,,True
S1,sma,2024,SMA KATOLIK ST. LOUIS 1 SURABAYA,,True
S1,sma,2024,SMA KESATUAN BANGSA,,True
S1,sma,2024,SMA KRISTEN 2 BPK PENABUR,,True
S1,sma,2024,SMA KRISTEN TIARA KASIH,,True
S1,sma,2024,SMA KRISTEN TRI TUNGGAL,,True
S1,sma,2024,SMA LABSCHOOL CIRENDEU,,True
S1,sma,2024,SMA LABSCHOOL RAWAMANGUN,,True
S1,sma,2024,SMA LTI IGM PALEMBANG,,True
S1,sma,2024,SMA MARGIE,,True
S1,sma,2024,SMA MENTARI INTERCULTURAL SCHOOL BINTARO,,True
S1,sma,2024,SMA METHODIST 01 PALEMBANG,,True
S1,sma,2024,SMA METHODIST SIDIKALANG,,True
S1,sma,2024,SMA N 1 KELAPA KAMPIT,,True
S1,sma,2024,SMA N 1 PACITAN,,True
S1,sma,2024,SMA N 2 SUMATERA BARAT,,True
S1,sma,2024,SMA NEGERI 01 PALEMBANG,,True
S1,sma,2024,SMA NEGERI 02,,True
S1,sma,2024,SMA NEGERI 04,,True
S1,sma,2024,SMA NEGERI 05,,True
S1,sma,2024,SMA NEGERI 06 PALEMBANG,,True
S1,sma,2024,SMA NEGERI 07,,True
S1,sma,2024,SMA NEGERI 09,,True
S1,sma,2024,SMA NEGERI 1 AMBARAWA,,True
S1,sma,2024,SMA NEGERI 1 BANGSRI,,True
S1,sma,2024,SMA NEGERI 1 BANYUMAS,,True
S1,sma,2024,SMA NEGERI 1 JAKENAN,,True
S1,sma,2024,SMA NEGERI 1 JEPARA,,True
S1,sma,2024,SMA NEGERI 1 KASIHAN,,True
S1,sma,2024,SMA NEGERI 1 KROYA,,True
S1,sma,2024,SMA NEGERI 1 MAOS,,True
S1,sma,2024,SMA NEGERI 1 PEKANBARU,,True
S1,sma,2024,SMA NEGERI 1 PUNDONG,,True
S1,sma,2024,SMA NEGERI 1 REMBANG,,True
S1,sma,2024,SMA NEGERI 1 SANDEN,,True
S1,sma,2024,SMA NEGERI 1 UNGARAN,,True
S1,sma,2024,SMA NEGERI 1 WONOSOBO,,True
S1,sma,2024,SMA NEGERI 12,,True
S1,sma,2024,SMA NEGERI 17 PALEMBANG,,True
S1,sma,2024,SMA NEGERI 2 JOMBANG,,True
S1,sma,2024,SMA NEGERI 2 PATI,,True
S1,sma,2024,SMA NEGERI 2 TEMANGGUNG,,True
S1,sma,2024,SMA NEGERI 3 PEKANBARU,,True
S1,sma,2024,SMA NEGERI 8 PEKANBARU,,True
S1,sma,2024,SMA NEGERI 9 TAMBUN SELATAN,,True
S1,sma,2024,SMA NEGERI AGAM CENDEKIA,,True
S1,sma,2024,SMA NEGERI JATIROGO,,True
S1,sma,2024,SMA OLIFANT,,True
S1,sma,2024,SMA PERGURUAN RAKYAT 2,,True
S1,sma,2024,SMA PGRI LAWANG,,True
S1,sma,2024,SMA PRIMBANA,,True
S1,sma,2024,SMA REGENTS SCHOOL,,True
S1,sma,2024,SMA RK BINTANG TIMUR,,True
S1,sma,2024,SMA S CENDANA MANDAU,,True
S1,sma,2024,SMA SAMPOERNA,,True
S1,sma,2024,SMA SANTA ANGELA,,True
S1,sma,2024,SMA SANTA MARIA 3,,True
S1,sma,2024,SMA SCIENCE PLUS BAITUL QURAN BOARDING SCHOOL,,True
S1,sma,2024,SMA SEMESTA,,True
S1,sma,2024,SMA SINT LOUIS,,True
S1,sma,2024,SMA SWASTA ISLAM PLUS ADZKIA,,True
S1,sma,2024,SMA SWASTA JABAL RAHMAH MULIA,,True
S1,sma,2024,SMA TAMAN ISLAM,,True
S1,sma,2024,SMA TEUKU NYAK ARIF FATIH BILINGUAL BOARDING SCHOOL,,True
S1,sma,2024,SMA THURSINA IIBS,,True
S1,sma,2024,SMA UNGGULAN CT ARSA FOUNDATION SUKOHARJO,,True
S1,sma,2024,SMA VICTORY PLUS,,True
S1,sma,2024,SMA YPK NABIRE,,True
S1,sma,2024,SMAIT ABU BAKAR BOARDING SCHOOL KULON PROGO,,True
S1,sma,2024,SMAIT DARUL QUR,,True
S1,sma,2024,SMAIT INSANTAMA PLUS,,True
S1,sma,2024,SMAK TIRTAMARTA - BPK PENABUR,,True
S1,sma,2024,SMAN 001 BATANG HARI,,True
S1,sma,2024,SMAN 01 KESAMBEN,,True
S1,sma,2024,SMAN 01 LINTAU BUO,,True
S1,sma,2024,SMAN 01 TALUN,,True
S1,sma,2024,SMAN 02 BANDAR LAMPUNG,,True
S1,sma,2024,SMAN 05 BANDAR LAMPUNG,,True
S1,sma,2024,SMAN 1 BAE KUDUS,,True
S1,sma,2024,SMAN 1 BALUNG,,True
S1,sma,2024,SMAN 1 BANDAR SRIBHAWONO,,True
S1,sma,2024,SMAN 1 BANGIL,,True
S1,sma,2024,SMAN 1 BANGOREJO,,True
S1,sma,2024,SMAN 1 BARRU,,True
S1,sma,2024,SMAN 1 BAWANG,,True
S1,sma,2024,SMAN 1 BEKASI,,True
S1,sma,2024,SMAN 1 BOYOLALI,,True
S1,sma,2024,SMAN 1 BOYOLANGU,,True
S1,sma,2024,SMAN 1 CIBINONG,,True
S1,sma,2024,SMAN 1 CIHAURBEUTI,,True
S1,sma,2024,SMAN 1 CIKAMPEK,,True
S1,sma,2024,SMAN 1 CIKARANG PUSAT,,True
S1,sma,2024,SMAN 1 CIKARANG UTARA,,True
S1,sma,2024,SMAN 1 CIKEMBAR,,True
S1,sma,2024,SMAN 1 DEMAK,,True
S1,sma,2024,SMAN 1 DUMAI,,True
S1,sma,2024,SMAN 1 ENREKANG,,True
S1,sma,2024,SMAN 1 GAMPING,,True
S1,sma,2024,SMAN 1 GEGER,,True
S1,sma,2024,SMAN 1 GEMOLONG,,True
S1,sma,2024,SMAN 1 GLAGAH,,True
S1,sma,2024,SMAN 1 GRESIK,,True
S1,sma,2024,SMAN 1 JEMBER,,True
S1,sma,2024,SMAN 1 KALIWUNGU,,True
S1,sma,2024,SMAN 1 KARANGANYAR,,True
S1,sma,2024,SMAN 1 KARANGNONGKO,,True
S1,sma,2024,SMAN 1 KARAWANG,,True
S1,sma,2024,SMAN 1 KARTASURA,,True
S1,sma,2024,SMAN 1 KEDIRI,,True
S1,sma,2024,SMAN 1 KENDAL,,True
S1,sma,2024,SMAN 1 KOTA BLITAR,,True
S1,sma,2024,SMAN 1 KOTA GAJAH,,True
S1,sma,2024,SMAN 1 KOTA TANGERANG SELATAN,,True
S1,sma,2024,SMAN 1 KUDUS,,True
S1,sma,2024,SMAN 1 LEMAHABANG,,True
S1,sma,2024,SMAN 1 MAGELANG,,True
S1,sma,2024,SMAN 1 MALANG,,True
S1,sma,2024,SMAN 1 MANDAU,,True
S1,sma,2024,SMAN 1 MARGAHAYU,,True
S1,sma,2024,SMAN 1 MATAULI PANDAN,,True
S1,sma,2024,SMAN 1 MEDAN,,True
S1,sma,2024,SMAN 1 MUNTILAN,,True
S1,sma,2024,SMAN 1 NAGRAK,,True
S1,sma,2024,SMAN 1 NGAWI,,True
S1,sma,2024,SMAN 1 NGEMPLAK,,True
S1,sma,2024,SMAN 1 PADANG,,True
S1,sma,2024,SMAN 1 PADANG PANJANG,,True
S1,sma,2024,SMAN 1 PADANGAN,,True
S1,sma,2024,SMAN 1 PALOPO,,True
S1,sma,2024,SMAN 1 PALU,,True
S1,sma,2024,SMAN 1 PANDAAN,,True
S1,sma,2024,SMAN 1 PANDEGLANG,,True
S1,sma,2024,SMAN 1 PANGKAL PINANG,,True
S1,sma,2024,SMAN 1 PEMALANG,,True
S1,sma,2024,SMAN 1 POLEWALI,,True
S1,sma,2024,SMAN 1 PRINGSEWU,,True
S1,sma,2024,SMAN 1 PURWODADI,,True
S1,sma,2024,SMAN 1 RANDUBLATUNG,,True
S1,sma,2024,SMAN 1 RANDUDONGKAL,,True
S1,sma,2024,SMAN 1 REJANG LEBONG,,True
S1,sma,2024,SMAN 1 ROWOKELE,,True
S1,sma,2024,SMAN 1 SALATIGA,,True
S1,sma,2024,SMAN 1 SANGATTA UTARA,,True
S1,sma,2024,SMAN 1 SEI KEPAYANG,,True
S1,sma,2024,SMAN 1 SELONG,,True
S1,sma,2024,SMAN 1 SIMO,,True
S1,sma,2024,SMAN 1 SINGARAJA,,True
S1,sma,2024,SMAN 1 SITUBONDO,,True
S1,sma,2024,SMAN 1 SOOKO,,True
S1,sma,2024,SMAN 1 SUKOHARJO,,True
S1,sma,2024,SMAN 1 SUMBER,,True
S1,sma,2024,SMAN 1 TAMBUN SELATAN,,True
S1,sma,2024,SMAN 1 TANGERANG,,True
S1,sma,2024,SMAN 1 TANJUNG PANDAN,,True
S1,sma,2024,SMAN 1 TUALANG,,True
S1,sma,2024,SMAN 1 TULUNGAGUNG,,True
S1,sma,2024,SMAN 1 WARUNG KIARA,,True
S1,sma,2024,SMAN 11 BEKASI,,True
S1,sma,2024,SMAN 12 BANDUNG,,True
S1,sma,2024,SMAN 12 MEDAN,,True
S1,sma,2024,SMAN 16 MEDAN,,True
S1,sma,2024,SMAN 16 SURABAYA,,True
S1,sma,2024,SMAN 17 SURABAYA,,True
S1,sma,2024,SMAN 2 BALIGE,,True
S1,sma,2024,SMAN 2 BEKASI,,True
S1,sma,2024,SMAN 2 CIBINONG,,True
S1,sma,2024,SMAN 2 CIREBON,,True
S1,sma,2024,SMAN 2 JAKARTA,,True
S1,sma,2024,SMAN 2 KENDARI,,True
S1,sma,2024,SMAN 2 KLATEN,,True
S1,sma,2024,SMAN 2 KOTA DEPOK,,True
S1,sma,2024,SMAN 2 KOTA SERANG,,True
S1,sma,2024,SMAN 2 KUDUS,,True
S1,sma,2024,SMAN 2 NGAGLIK,,True
S1,sma,2024,SMAN 2 NGANJUK,,True
S1,sma,2024,SMAN 2 NGAWI,,True
S1,sma,2024,SMAN 2 PAYAKUMBUH,,True
S1,sma,2024,SMAN 2 PONOROGO,,True
S1,sma,2024,SMAN 2 SALATIGA,,True
S1,sma,2024,SMAN 2 TAMBUN SELATAN,,True
S1,sma,2024,SMAN 28 JAKARTA,,True
S1,sma,2024,SMAN 3 BOYOLALI,,True
S1,sma,2024,SMAN 3 KETAPANG,,True
S1,sma,2024,SMAN 3 KOTA DEPOK,,True
S1,sma,2024,SMAN 3 MAGELANG,,True
S1,sma,2024,SMAN 3 MALANG,,True
S1,sma,2024,SMAN 3 MERAUKE,,True
S1,sma,2024,SMAN 3 SALATIGA,,True
S1,sma,2024,SMAN 3 SUKOHARJO,,True
S1,sma,2024,SMAN 3 SURAKARTA,,True
S1,sma,2024,SMAN 3 TARUTUNG,,True
S1,sma,2024,SMAN 3 TEGAL,,True
S1,sma,2024,SMAN 31 JAKARTA,,True
S1,sma,2024,SMAN 4 BEKASI,,True
S1,sma,2024,SMAN 4 DENPASAR,,True
S1,sma,2024,SMAN 4 JEMBER,,True
S1,sma,2024,SMAN 4 KENDARI,,True
S1,sma,2024,SMAN 4 MAGELANG,,True
S1,sma,2024,SMAN 4 PURWOREJO,,True
S1,sma,2024,SMAN 4 YOGYAKARTA,,True
S1,sma,2024,SMAN 47 JAKARTA,,True
S1,sma,2024,SMAN 5 MAGELANG,,True
S1,sma,2024,SMAN 5 MERANGIN,,True
S1,sma,2024,SMAN 5 PURWOKERTO,,True
S1,sma,2024,SMAN 6 PURWOREJO,,True
S1,sma,2024,SMAN 6 TAMBUN SELATAN,,True
S1,sma,2024,SMAN 64 JAKARTA,,True
S1,sma,2024,SMAN 68 JAKARTA,,True
S1,sma,2024,SMAN 75 JAKARTA,,True
S1,sma,2024,SMAN 79 JAKARTA,,True
S1,sma,2024,SMAN 8 BATAM,,True
S1,sma,2024,SMAN 8 BOGOR,,True
S1,sma,2024,SMAN 81 JAKARTA,,True
S1,sma,2024,SMAN 82 JAKARTA,,True
S1,sma,2024,SMAN 93 JAKARTA,,True
S1,sma,2024,SMAN 99 JAKARTA,,True
S1,sma,2024,SMAN BANUA KAL SEL,,True
S1,sma,2024,SMAN CMBBS,,True
S1,sma,2024,SMAN KABUH,,True
S1,sma,2024,SMAN KEBAKKRAMAT,,True
S1,sma,2024,SMAN KESAMBEN,,True
S1,sma,2024,SMAN PLUS PROP RIAU,,True
S1,sma,2024,SMAN RAGUNAN JAKARTA,,True
S1,sma,2024,SMAS AL IZHAR JAKARTA,,True
S1,sma,2024,SMAS AL MASOEM JATINANGOR,,True
S1,sma,2024,SMAS ALFA CENTAURI,,True
S1,sma,2024,SMAS ALI MAKSUM,,True
S1,sma,2024,SMAS ANGKASA 1 H PERDANAKUSUMA,,True
S1,sma,2024,SMAS BATIK 1 SURAKARTA,,True
S1,sma,2024,SMAS BOPKRI 1,,True
S1,sma,2024,SMAS BUDI MULIA,,True
S1,sma,2024,SMAS DAAR EL QOLAM,,True
S1,sma,2024,SMAS GLOBAL MANDIRI,,True
S1,sma,2024,SMAS ISLAM AL-AZHAR 4,,True
S1,sma,2024,SMAS ISLAM ATHIRAH,,True
S1,sma,2024,SMAS ISLAM PANGLIMA BESAR SOEDIRMAN,,True
S1,sma,2024,SMAS ISLAM TERPADU NURUL FIKRI,,True
S1,sma,2024,SMAS ISLAM TERPADU SITUWANGI CIKAJANG,,True
S1,sma,2024,SMAS ISLAM TERPADU ULIL ALBAB,,True
S1,sma,2024,SMAS ISLAMIC VILLAGE,,True
S1,sma,2024,SMAS IT ABU BAKAR,,True
S1,sma,2024,SMAS IT AL BINAA,,True
S1,sma,2024,SMAS IT IBNU ABBAS,,True
S1,sma,2024,SMAS IT THARIQ BIN ZIYAD,,True
S1,sma,2024,SMAS KATHOLIK UNTUNG SURAPATI SIDOARJO,,True
S1,sma,2024,SMAS KATOLIK SANG TIMUR,,True
S1,sma,2024,SMAS KRISTEN 1 TOMOHON,,True
S1,sma,2024,SMAS KRISTEN BINA KASIH,,True
S1,sma,2024,SMAS KRISTEN BPK PENABUR GADING SERPONG,,True
S1,sma,2024,SMAS LA TANSA CIPANAS,,True
S1,sma,2024,SMAS METHODIST 2 MEDAN,,True
S1,sma,2024,SMAS MTA SURAKARTA,,True
S1,sma,2024,SMAS MUHAMMADIYAH 2 YOGYAKARTA,,True
S1,sma,2024,SMAS MUHAMMADIYAH 8 CIPUTAT,,True
S1,sma,2024,SMAS MUHAMMADIYAH BOARDING SCHOOL (MBS) SLEMAN,,True
S1,sma,2024,SMAS MUTIARA HARAPAN,,True
S1,sma,2024,SMAS PANGUDI LUHUR,,True
S1,sma,2024,SMAS PLUS PEMBANGUNAN JAYA,,True
S1,sma,2024,SMAS SANTA URSULA,,True
S1,sma,2024,SMAS SANTA URSULA BSD,,True
S1,sma,2024,SMAS SANTO THOMAS 1 MEDAN,,True
S1,sma,2024,SMAS SEJAHTERA 1 DEPOK,,True
S1,sma,2024,SMAS STELLA DUCE 1,,True
S1,sma,2024,SMAS SULTAN ISKANDAR MUDA,,True
S1,sma,2024,SMAS SYAFANA ISLAMIC SCHOOL,,True
S1,sma,2024,SMAS TAMAN MADYA IP,,True
S1,sma,2024,SMAS TARUNA BAKTI,,True
S1,sma,2024,SMAS UNGGUL DEL,,True
S1,sma,2024,SMAS YASPEN TUGU IBU,,True
S1,sma,2024,SMAS YAYASAN PENDIDIKAN VIDYA DAHANA PATRA,,True
S1,sma,2024,SMK ANALIS KIMIA BOGOR (SMAKBO),,True
S1,sma,2024,SMK BINA HARAPAN,,True
S1,sma,2024,SMK LPPMRI 4 PADALARANG,,True
S1,sma,2024,SMK MADINATULQURAN,,True
S1,sma,2024,SMK METTA MAITREYA,,True
S1,sma,2024,SMK N 1 MIRI SRAGEN,,True
S1,sma,2024,SMK NEGERI 02 PALEMBANG,,True
S1,sma,2024,SMK NEGERI 7 SEMARANG,,True
S1,sma,2024,SMK NEGERI KARANGPUCUNG,,True
S1,sma,2024,SMKN 01 PRABUMULIH,,True
S1,sma,2024,SMKN 1 TRUCUK KLATEN,,True
S1,sma,2024,SMKN 2 CILEGON,,True
S1,sma,2024,SMKN 5 KOTA SERANG,,True
S1,sma,2024,SMKS ANALIS KESEHATAN NASIONAL SURAKARTA,,True
S1,sma,2024,SMKS CITRA MEDIKA,,True
S1,sma,2024,SMKS LEONARDO KLATEN,,True
S1,sma,2024,SMKS TARUNA TERPADU 1,,True
S1,sma,2024,SMKS TELKOM BANDUNG,,True
S1,sma,2025,SMAN 3 YOGYAKARTA,17.0,False
S1,sma,2025,SMAN 8 YOGYAKARTA,16.0,False
S1,sma,2025,SMAN 5 YOGYAKARTA,13.0,False
S1,sma,2025,SMAN 1 GODEAN,12.0,False
S1,sma,2025,SMAN 1 YOGYAKARTA,12.0,False
S1,sma,2025,SMAN 6 YOGYAKARTA,12.0,False
S1,sma,2025,SMAN 2 YOGYAKARTA,11.0,False
S1,sma,2025,MAN 1 YOGYAKARTA,9.0,False
S1,sma,2025,SMAN 9 YOGYAKARTA,9.0,False
S1,sma,2025,SMAN 1 SLEMAN,8.0,False
S1,sma,2025,SMAN 7 YOGYAKARTA,8.0,False
S1,sma,2025,SMAN 11 YOGYAKARTA,7.0,False
S1,sma,2025,MAN 2 KOTA MALANG,6.0,False
S1,sma,2025,SMA NEGERI 1 BANTUL,6.0,False
S1,sma,2025,SMA NEGERI 1 BANYUMAS,6.0,False
S1,sma,2025,SMA NEGERI 1 PEKALONGAN,6.0,False
S1,sma,2025,SMA NEGERI 1 WONOSOBO,6.0,False
S1,sma,2025,SMAN 1 PURWOREJO,6.0,False
S1,sma,2025,SMA NEGERI 01,5.0,False
S1,sma,2025,SMA NEGERI 1 PATI,4.0,False
S1,sma,2025,SMA NEGERI 2 BANTUL,4.0,False
S1,sma,2025,SMAN 1 BOYOLALI,4.0,False
S1,sma,2025,SMAN 1 BUKITTINGGI,4.0,False
S1,sma,2025,SMAN 1 DEPOK,4.0,False
S1,sma,2025,SMAN 1 KALASAN,4.0,False
S1,sma,2025,SMAN 1 KEBUMEN,4.0,False
S1,sma,2025,SMAN 1 KOTA MUNGKID,4.0,False
S1,sma,2025,SMAN 1 MUNTILAN,4.0,False
S1,sma,2025,SMAN 1 SIDIKALANG,4.0,False
S1,sma,2025,SMAN 2 PURWOKERTO,4.0,False
S1,sma,2025,SMAS MUHAMMADIYAH 1 YOGYAKARTA,4.0,False
S1,sma,2025,SMKN 2 DEPOK,4.0,False
S1,sma,2025,AL KHOR INTERNATIONAL SCHOOL,3.0,False
S1,sma,2025,MAN 2 WONOSOBO,3.0,False
S1,sma,2025,MAS HUSNUL KHOTIMAH,3.0,False
S1,sma,2025,PKBM P3K SI LUAR NEGERI SINGAPURA,3.0,False
S1,sma,2025,SMA ISLAM AL AZHAR 9 YOGYAKARTA,3.0,False
S1,sma,2025,SMA NEGERI 1 BANGUNTAPAN,3.0,False
S1,sma,2025,SMA NEGERI 1 CILACAP,3.0,False
S1,sma,2025,SMA NEGERI 1 JEPARA,3.0,False
S1,sma,2025,SMA NEGERI 1 PENGASIH,3.0,False
S1,sma,2025,SMA NEGERI 1 TEMANGGUNG,3.0,False
S1,sma,2025,SMA PRADITA DIRGANTARA,3.0,False
S1,sma,2025,SMAN 1 GOMBONG,3.0,False
S1,sma,2025,SMAN 1 JATINOM,3.0,False
S1,sma,2025,SMAN 1 KLATEN,3.0,False
S1,sma,2025,SMAN 1 PURWOKERTO,3.0,False
S1,sma,2025,SMAN 10 YOGYAKARTA,3.0,False
S1,sma,2025,SMAN 2 KLATEN,3.0,False
S1,sma,2025,SMAN 3 KLATEN,3.0,False
S1,sma,2025,SMAN 3 TEGAL,3.0,False
S1,sma,2025,SMAN 61 JAKARTA,3.0,False
S1,sma,2025,SMAS BOPKRI 1,3.0,False
S1,sma,2025,SMAS ISLAM TERPADU NURUL FIKRI,3.0,False
S1,sma,2025,SMAS IT ABU BAKAR,3.0,False
S1,sma,2025,SMAS IT IBNU ABBAS,3.0,False
S1,sma,2025,SMAS KOLESE DE BRITTO DEPOK,3.0,False
S1,sma,2025,SMAS PLUS PEMBANGUNAN JAYA,3.0,False
S1,sma,2025,SMAS SULUH JAKARTA,3.0,False
S1,sma,2025,"ISLAMIA COLLEGE, CAPE TOWN, SOUTH AFRICA",,True
S1,sma,2025,LUAR NEGERI,,True
S1,sma,2025,MA AS'ADIYAH SUNGAI NYAMUK,,True
S1,sma,2025,MA MILBOS ( MAGHFIRAH ISLAMIC LEADERSHIP BOARDING SCHOOL),,True
S1,sma,2025,MA NEGERI 1 KOTA SEMARANG,,True
S1,sma,2025,MAN 1 BOGOR,,True
S1,sma,2025,MAN 1 BOYOLALI,,True
S1,sma,2025,MAN 1 KARANGANYAR,,True
S1,sma,2025,MAN 1 KOTA BEKASI,,True
S1,sma,2025,MAN 1 KOTA KEDIRI,,True
S1,sma,2025,MAN 1 KOTA MAGELANG,,True
S1,sma,2025,MAN 1 KOTA MALANG,,True
S1,sma,2025,MAN 1 NGAWI,,True
S1,sma,2025,MAN 1 PONOROGO,,True
S1,sma,2025,MAN 1 SURAKARTA,,True
S1,sma,2025,MAN 1 WONOSOBO,,True
S1,sma,2025,MAN 12 JAKARTA,,True
S1,sma,2025,MAN 2 BANYUWANGI,,True
S1,sma,2025,MAN 2 BLITAR,,True
S1,sma,2025,MAN 2 DELI SERDANG,,True
S1,sma,2025,MAN 2 JEPARA,,True
S1,sma,2025,MAN 2 KEBUMEN,,True
S1,sma,2025,MAN 2 KOTA BEKASI,,True
S1,sma,2025,MAN 2 KOTA BIMA,,True
S1,sma,2025,MAN 2 KUDUS,,True
S1,sma,2025,MAN 2 PONOROGO,,True
S1,sma,2025,MAN 2 SURAKARTA,,True
S1,sma,2025,MAN 3 BANTUL,,True
S1,sma,2025,MAN 3 CIREBON,,True
S1,sma,2025,MAN 3 JOMBANG,,True
S1,sma,2025,MAN 4 JAKARTA,,True
S1,sma,2025,MAN 4 SLEMAN,,True
S1,sma,2025,MAN BATAM,,True
S1,sma,2025,MAN CIBADAK KAB SUKABUMI,,True
S1,sma,2025,MAN INSAN CENDEKIA JAMBI,,True
S1,sma,2025,MAN INSAN CENDEKIA KOTA BATAM,,True
S1,sma,2025,MAN INSAN CENDEKIA SERPONG,,True
S1,sma,2025,MAN INSAN CENDEKIA TANAH LAUT,,True
S1,sma,2025,MAN KOTA BLITAR,,True
S1,sma,2025,MAN LAB. UIN YOGYAKARTA,,True
S1,sma,2025,MAN PURWOREJO,,True
S1,sma,2025,MAS AL ISHLAH,,True
S1,sma,2025,MAS AL-ITTIHAD,,True
S1,sma,2025,MAS AL-QUR`AN AL-AMANAH,,True
S1,sma,2025,MAS INTERNASIONAL TECHNO NATURA,,True
S1,sma,2025,MAS ISLAMIC CENTRE BIN BAZ,,True
S1,sma,2025,MAS MUALLIMIN NW ANJANI,,True
S1,sma,2025,MAS MUHARRIKUN NAJAAH,,True
S1,sma,2025,MAS PERSIS SINDANGKASIH,,True
S1,sma,2025,MAS PERSIS TAROGONG,,True
S1,sma,2025,MAS UNGGULAN AMANATUL UMMAH SURABAYA,,True
S1,sma,2025,PKBM HOME SCHOOLING PRIMAGAMA,,True
S1,sma,2025,QATAR INTERNATIONAL SCHOOL,,True
S1,sma,2025,SEKOLAH MENENGAH TEKNOLOGI INDUSTRI YOGYAKARTA,,True
S1,sma,2025,SMA 1 PRAYA?,,True
S1,sma,2025,SMA AL MUTTAQIN FULLDAY SCHOOL,,True
S1,sma,2025,SMA AL WAFI IBS,,True
S1,sma,2025,SMA AL WILDAN ISLAMIC SCHOOL,,True
S1,sma,2025,SMA AL-ABIDIN BILINGUAL BOARDING SCHOOL,,True
S1,sma,2025,SMA ALEXANDRIA ISLAMIC SCHOOL,,True
S1,sma,2025,SMA ALI MAKSUM,,True
S1,sma,2025,SMA AVICENNA CINERE,,True
S1,sma,2025,SMA BINA NUSANTARA SERPONG (BINUS),,True
S1,sma,2025,SMA BUDI MULIA,,True
S1,sma,2025,SMA BUDI MULIA DUA,,True
S1,sma,2025,SMA CAHAYA BANGSA UTAMA,,True
S1,sma,2025,SMA CHARITAS,,True
S1,sma,2025,SMA CITA BUANA,,True
S1,sma,2025,SMA DAARUT TAUHIID BOARDING SCHOOL,,True
S1,sma,2025,SMA DARUL ULUM 2 UNGGULAN BPPT,,True
S1,sma,2025,SMA DYATMIKA DENPASAR,,True
S1,sma,2025,SMA EDU GLOBAL,,True
S1,sma,2025,SMA GARUDA CENDEKIA,,True
S1,sma,2025,SMA GLOBAL JAYA,,True
S1,sma,2025,SMA GLOBAL MANDIRI,,True
S1,sma,2025,SMA INDOCEMENT,,True
S1,sma,2025,SMA INSTITUT INDONESIA,,True
S1,sma,2025,SMA ISLAM AL AZHAR 15,,True
S1,sma,2025,SMA ISLAM AL JABR,,True
S1,sma,2025,SMA ISLAM AL-AZHAR 8,,True
S1,sma,2025,SMA ISLAM AL-AZHAR BUMI SERPONG DAMAI,,True
S1,sma,2025,SMA ISLAM ASY SYUKRIYAH,,True
S1,sma,2025,SMA ISLAM HIDAYATULLAH,,True
S1,sma,2025,SMA ISLAM LAZUARDI GIS,,True
S1,sma,2025,SMA ISLAM PB. SOEDIRMAN,,True
S1,sma,2025,SMA ISLAM SUDIRMAN AMBARAWA,,True
S1,sma,2025,SMA ISLAM TERPADU AULIYA,,True
S1,sma,2025,SMA ISLAM TERPADU BINA UMAT,,True
S1,sma,2025,SMA ISLAM TERPADU UKHUWAH BANJARMASIN,,True
S1,sma,2025,SMA IT AL IRSYAD AL ISLAMIYYAH PURWOKERTO,,True
S1,sma,2025,SMA IT AL ITTIHAD,,True
S1,sma,2025,SMA JAKARTA ISLAMIC SCHOOL,,True
S1,sma,2025,SMA KAIROS GRACIA,,True
S1,sma,2025,SMA KATOLIK ST. ALBERTUS,,True
S1,sma,2025,SMA KESATUAN BANGSA,,True
S1,sma,2025,SMA KRISTEN CALVIN,,True
S1,sma,2025,SMA KSATRYA,,True
S1,sma,2025,SMA LABSCHOOL CIRENDEU,,True
S1,sma,2025,SMA MENTARI INTERCULTURAL SCHOOL JAKARTA,,True
S1,sma,2025,SMA MUHAMMADIYAH 1 TEMANGGUNG,,True
S1,sma,2025,SMA MUHAMMADIYAH 4,,True
S1,sma,2025,SMA MUHAMMADIYAH 9,,True
S1,sma,2025,SMA MUHAMMADIYAH AL MUJAHIDIN WONOSARI,,True
S1,sma,2025,SMA N 1 SRAGEN,,True
S1,sma,2025,SMA N 1 WONOSARI,,True
S1,sma,2025,SMA N 11 KOTA TANGERANG SELATAN,,True
S1,sma,2025,SMA N 2 SUMATERA BARAT,,True
S1,sma,2025,SMA NASIONAL 3 BAHASA PUTERA HARAPAN,,True
S1,sma,2025,SMA NEGERI 02,,True
S1,sma,2025,SMA NEGERI 03,,True
S1,sma,2025,SMA NEGERI 04,,True
S1,sma,2025,SMA NEGERI 05,,True
S1,sma,2025,SMA NEGERI 1 BAMBANGLIPURO,,True
S1,sma,2025,SMA NEGERI 1 BANTAENG,,True
S1,sma,2025,SMA NEGERI 1 BATANG,,True
S1,sma,2025,SMA NEGERI 1 JERUKLEGI,,True
S1,sma,2025,SMA NEGERI 1 KABANJAHE,,True
S1,sma,2025,SMA NEGERI 1 KERTEK,,True
S1,sma,2025,SMA NEGERI 1 LASEM,,True
S1,sma,2025,SMA NEGERI 1 MAJENANG,,True
S1,sma,2025,SMA NEGERI 1 MAOS,,True
S1,sma,2025,SMA NEGERI 1 MATARAM,,True
S1,sma,2025,SMA NEGERI 1 PARAKAN,,True
S1,sma,2025,SMA NEGERI 1 PEKANBARU,,True
S1,sma,2025,SMA NEGERI 1 PUNDONG,,True
S1,sma,2025,SMA NEGERI 1 SAMARINDA,,True
S1,sma,2025,SMA NEGERI 1 SANDEN,,True
S1,sma,2025,SMA NEGERI 1 SEDAYU,,True
S1,sma,2025,SMA NEGERI 1 SEWON,,True
S1,sma,2025,SMA NEGERI 1 SIDAREJA,,True
S1,sma,2025,SMA NEGERI 1 TASIKMALAYA,,True
S1,sma,2025,SMA NEGERI 1 TRENGGALEK,,True
S1,sma,2025,SMA NEGERI 1 WELAHAN,,True
S1,sma,2025,SMA NEGERI 2 BANGUNTAPAN,,True
S1,sma,2025,SMA NEGERI 2 CIMAHI,,True
S1,sma,2025,SMA NEGERI 2 JOMBANG,,True
S1,sma,2025,SMA NEGERI 2 PATI,,True
S1,sma,2025,SMA NEGERI 2 TEMANGGUNG,,True
S1,sma,2025,"SMA NEGERI 2, KOTA TANGERANG SELATAN",,True
S1,sma,2025,SMA NEGERI 3 CILACAP,,True
S1,sma,2025,SMA NEGERI 3 JOMBANG,,True
S1,sma,2025,SMA NEGERI 3 PATI,,True
S1,sma,2025,SMA NEGERI 5 PEKAN BARU,,True
S1,sma,2025,SMA NEGERI 8 PEKANBARU,,True
S1,sma,2025,SMA NEGERI 9 TASIKMALAYA,,True
S1,sma,2025,SMA NEGERI AGAM CENDEKIA,,True
S1,sma,2025,SMA PANGUDI LUHUR VAN LITH MUNTILAN,,True
S1,sma,2025,SMA PLUS AR RAHMAT,,True
S1,sma,2025,SMA PLUS CENDIKIA CIKEAS,,True
S1,sma,2025,SMA PLUS ISLAMIC VILLAGE,,True
S1,sma,2025,SMA PLUS PGRI CIBINONG,,True
S1,sma,2025,SMA PLUS YPHB KOTA BOGOR,,True
S1,sma,2025,SMA PROGRESIF BUMI SHALAWAT,,True
S1,sma,2025,SMA QURAN ASY SYAHID,,True
S1,sma,2025,SMA S YP UNILA,,True
S1,sma,2025,SMA SAHABATQU,,True
S1,sma,2025,SMA SAINS WAHID HASYIM,,True
S1,sma,2025,SMA SANTA MARIA 2,,True
S1,sma,2025,SMA SEMESTA,,True
S1,sma,2025,SMA SEMINARI PIUS XII KISOL,,True
S1,sma,2025,SMA SINT. CAROLUS,,True
S1,sma,2025,SMA SIS KELAPA GADING,,True
S1,sma,2025,SMA TAHFIDZUL QURAN (SMATQ) ABI-UMMI,,True
S1,sma,2025,SMA TAMAN RAMA DENPASAR,,True
S1,sma,2025,SMA TARUNA NUSANTARA,,True
S1,sma,2025,SMA TUMBUH,,True
S1,sma,2025,SMA UNGGULAN CT ARSA FOUNDATION SUKOHARJO,,True
S1,sma,2025,SMA VICTORY PLUS,,True
S1,sma,2025,SMA W.R. SUPRATMAN 1,,True
S1,sma,2025,SMA YADIKA 3,,True
S1,sma,2025,SMA YOS SUDARSO METRO,,True
S1,sma,2025,SMAN 02 JEMBER,,True
S1,sma,2025,SMAN 09 MANADO,,True
S1,sma,2025,SMAN 1 AJIBARANG,,True
S1,sma,2025,SMAN 1 AYAH,,True
S1,sma,2025,SMAN 1 BALIKPAPAN,,True
S1,sma,2025,SMAN 1 BANGKALAN,,True
S1,sma,2025,SMAN 1 BANJAR,,True
S1,sma,2025,SMAN 1 BANJARNEGARA,,True
S1,sma,2025,SMAN 1 BATAM,,True
S1,sma,2025,SMAN 1 BEKASI,,True
S1,sma,2025,SMAN 1 BOBOTSARI,,True
S1,sma,2025,SMAN 1 BONTANG,,True
S1,sma,2025,SMAN 1 BOYOLANGU,,True
S1,sma,2025,SMAN 1 BREBES,,True
S1,sma,2025,SMAN 1 CERME,,True
S1,sma,2025,SMAN 1 CIBITUNG,,True
S1,sma,2025,SMAN 1 CICALENGKA,,True
S1,sma,2025,SMAN 1 CIHAURBEUTI,,True
S1,sma,2025,SMAN 1 CILEGON,,True
S1,sma,2025,SMAN 1 CILEUNGSI,,True
S1,sma,2025,SMAN 1 CIREBON,,True
S1,sma,2025,SMAN 1 COMAL,,True
S1,sma,2025,SMAN 1 DUKUN,,True
S1,sma,2025,SMAN 1 GEGER,,True
S1,sma,2025,SMAN 1 GIANYAR,,True
S1,sma,2025,SMAN 1 JAKARTA,,True
S1,sma,2025,SMAN 1 JEPON,,True
S1,sma,2025,SMAN 1 JOGONALAN,,True
S1,sma,2025,SMAN 1 KARANGANOM,,True
S1,sma,2025,SMAN 1 KARANGANYAR,,True
S1,sma,2025,SMAN 1 KARANGGEDE,,True
S1,sma,2025,SMAN 1 KARANGKOBAR,,True
S1,sma,2025,SMAN 1 KARANGNONGKO,,True
S1,sma,2025,SMAN 1 KARAS,,True
S1,sma,2025,SMAN 1 KEDIRI,,True
S1,sma,2025,SMAN 1 KEDUNGWARU,,True
S1,sma,2025,SMAN 1 KEPANJEN,,True
S1,sma,2025,SMAN 1 KETAPANG,,True
S1,sma,2025,SMAN 1 KLIRONG,,True
S1,sma,2025,SMAN 1 KOTA SERANG,,True
S1,sma,2025,SMAN 1 KUDUS,,True
S1,sma,2025,SMAN 1 KUPANG,,True
S1,sma,2025,SMAN 1 KUTOWINANGUN,,True
S1,sma,2025,SMAN 1 LAWANG,,True
S1,sma,2025,SMAN 1 MAGELANG,,True
S1,sma,2025,SMAN 1 MAGETAN,,True
S1,sma,2025,SMAN 1 MAJALENGKA,,True
S1,sma,2025,SMAN 1 MAOSPATI,,True
S1,sma,2025,SMAN 1 MEJAYAN,,True
S1,sma,2025,SMAN 1 MERTOYUDAN,,True
S1,sma,2025,SMAN 1 METRO,,True
S1,sma,2025,SMAN 1 MLATI,,True
S1,sma,2025,SMAN 1 NGLAMES,,True
S1,sma,2025,SMAN 1 NGLUWAR,,True
S1,sma,2025,SMAN 1 NGRONGGOT,,True
S1,sma,2025,SMAN 1 PACIRAN,,True
S1,sma,2025,SMAN 1 PACITAN,,True
S1,sma,2025,SMAN 1 PADANG PANJANG,,True
S1,sma,2025,SMAN 1 PADANGAN,,True
S1,sma,2025,SMAN 1 PAKEM,,True
S1,sma,2025,SMAN 1 PARIGI,,True
S1,sma,2025,SMAN 1 PEMALANG,,True
S1,sma,2025,SMAN 1 PONTIANAK,,True
S1,sma,2025,SMAN 1 PP BABAR,,True
S1,sma,2025,SMAN 1 PRAMBANAN,,True
S1,sma,2025,SMAN 1 PURBALINGGA,,True
S1,sma,2025,SMAN 1 PUTUSSIBAU,,True
S1,sma,2025,SMAN 1 SALATIGA,,True
S1,sma,2025,SMAN 1 SANGATTA SELATAN,,True
S1,sma,2025,SMAN 1 SETU,,True
S1,sma,2025,SMAN 1 SLAWI,,True
S1,sma,2025,SMAN 1 SOOKO,,True
S1,sma,2025,SMAN 1 SUKOHARJO,,True
S1,sma,2025,SMAN 1 SUMBAWA BESAR,,True
S1,sma,2025,SMAN 1 SUMBERLAWANG,,True
S1,sma,2025,SMAN 1 SUMBERREJO,,True
S1,sma,2025,SMAN 1 SUMENEP,,True
S1,sma,2025,SMAN 1 SUNGAI LIAT,,True
S1,sma,2025,SMAN 1 SURABAYA,,True
S1,sma,2025,SMAN 1 SURAKARTA,,True
S1,sma,2025,SMAN 1 TAMBUN SELATAN,,True
S1,sma,2025,SMAN 1 TANJUNG PANDAN,,True
S1,sma,2025,SMAN 1 TANJUNGPINANG,,True
S1,sma,2025,SMAN 1 TEGAL,,True
S1,sma,2025,SMAN 1 TERBANGGI BESAR,,True
S1,sma,2025,SMAN 1 TUALANG,,True
S1,sma,2025,SMAN 1 TUBAN,,True
S1,sma,2025,SMAN 1 WAY JEPARA,,True
S1,sma,2025,SMAN 1 WONOGIRI,,True
S1,sma,2025,SMAN 10 BEKASI,,True
S1,sma,2025,SMAN 10 FAJAR HARAPAN BANDA ACEH,,True
S1,sma,2025,SMAN 10 KOTA BOGOR,,True
S1,sma,2025,SMAN 10 KOTA TANGERANG SELATAN,,True
S1,sma,2025,SMAN 104 JAKARTA,,True
S1,sma,2025,SMAN 106 JAKARTA,,True
S1,sma,2025,SMAN 112 JAKARTA,,True
S1,sma,2025,SMAN 113 JAKARTA,,True
S1,sma,2025,SMAN 12 KOTA TANGERANG SELATAN,,True
S1,sma,2025,SMAN 13 BANDUNG,,True
S1,sma,2025,SMAN 14 BANDAR LAMPUNG,,True
S1,sma,2025,SMAN 14 KABUPATEN TANGERANG,,True
S1,sma,2025,SMAN 15 SURABAYA,,True
S1,sma,2025,SMAN 16 BEKASI,,True
S1,sma,2025,SMAN 17 MAKASSAR,,True
S1,sma,2025,SMAN 17 SURABAYA,,True
S1,sma,2025,SMAN 18 BEKASI,,True
S1,sma,2025,SMAN 19 KOTA BEKASI,,True
S1,sma,2025,SMAN 2 AMLAPURA,,True
S1,sma,2025,SMAN 2 BAE KUDUS,,True
S1,sma,2025,SMAN 2 BANDAR LAMPUNG,,True
S1,sma,2025,SMAN 2 BONDOWOSO,,True
S1,sma,2025,SMAN 2 GARUT,,True
S1,sma,2025,SMAN 2 GUNUNG PUTRI,,True
S1,sma,2025,SMAN 2 KOTA TANGERANG SELATAN,,True
S1,sma,2025,SMAN 2 MALANG,,True
S1,sma,2025,SMAN 2 MRANGGEN,,True
S1,sma,2025,SMAN 2 PADANG PANJANG,,True
S1,sma,2025,SMAN 2 PARE,,True
S1,sma,2025,SMAN 2 PAYAKUMBUH,,True
S1,sma,2025,SMAN 2 PEMALANG,,True
S1,sma,2025,SMAN 2 PLAYEN,,True
S1,sma,2025,SMAN 2 PONOROGO,,True
S1,sma,2025,SMAN 2 PONTIANAK,,True
S1,sma,2025,SMAN 2 PURWAKARTA,,True
S1,sma,2025,SMAN 2 PURWOREJO,,True
S1,sma,2025,SMAN 2 SALATIGA,,True
S1,sma,2025,SMAN 2 SURAKARTA,,True
S1,sma,2025,SMAN 2 TANAH PUTIH,,True
S1,sma,2025,SMAN 2 TANGERANG,,True
S1,sma,2025,SMAN 20 BATAM,,True
S1,sma,2025,SMAN 21 MAKASSAR,,True
S1,sma,2025,SMAN 21 SURABAYA,,True
S1,sma,2025,SMAN 24 KABUPATEN TANGERANG,,True
S1,sma,2025,SMAN 3 BABELAN,,True
S1,sma,2025,SMAN 3 BATAM,,True
S1,sma,2025,SMAN 3 BEKASI,,True
S1,sma,2025,SMAN 3 BOGOR,,True
S1,sma,2025,SMAN 3 BOYOLALI,,True
S1,sma,2025,SMAN 3 JAKARTA,,True
S1,sma,2025,SMAN 3 KOTA BLITAR,,True
S1,sma,2025,SMAN 3 KOTA JAMBI,,True
S1,sma,2025,SMAN 3 LUMAJANG,,True
S1,sma,2025,SMAN 3 MAGELANG,,True
S1,sma,2025,SMAN 3 MEDAN,,True
S1,sma,2025,SMAN 3 PADANG,,True
S1,sma,2025,SMAN 3 PADANG PANJANG,,True
S1,sma,2025,SMAN 3 PANGKAL PINANG,,True
S1,sma,2025,SMAN 3 PEMALANG,,True
S1,sma,2025,SMAN 3 PURWOKERTO,,True
S1,sma,2025,SMAN 3 SUKOHARJO,,True
S1,sma,2025,"SMAN 3, KOTA TARAKAN",,True
S1,sma,2025,SMAN 4 BLITAR,,True
S1,sma,2025,SMAN 4 DENPASAR,,True
S1,sma,2025,SMAN 4 JEMBER,,True
S1,sma,2025,SMAN 4 MADIUN,,True
S1,sma,2025,SMAN 4 MAGELANG,,True
S1,sma,2025,SMAN 4 PENAJAM PASER UTARA,,True
S1,sma,2025,SMAN 4 PURWOKERTO,,True
S1,sma,2025,SMAN 4 SINGARAJA,,True
S1,sma,2025,SMAN 4 SURAKARTA,,True
S1,sma,2025,SMAN 47 JAKARTA,,True
S1,sma,2025,SMAN 5 BOGOR,,True
S1,sma,2025,SMAN 5 KOTA BENGKULU,,True
S1,sma,2025,SMAN 5 KOTA TANGERANG SELATAN,,True
S1,sma,2025,SMAN 5 MAGELANG,,True
S1,sma,2025,SMAN 5 METRO,,True
S1,sma,2025,SMAN 5 PURWOKERTO,,True
S1,sma,2025,SMAN 5 SURAKARTA,,True
S1,sma,2025,SMAN 53 JAKARTA,,True
S1,sma,2025,SMAN 6 KOTA DEPOK,,True
S1,sma,2025,SMAN 6 KOTA TANGERANG SELATAN,,True
S1,sma,2025,SMAN 67 JAKARTA,,True
S1,sma,2025,SMAN 7 BEKASI,,True
S1,sma,2025,SMAN 7 PURWOREJO,,True
S1,sma,2025,SMAN 71 JAKARTA,,True
S1,sma,2025,SMAN 72 JAKARTA,,True
S1,sma,2025,SMAN 77 JAKARTA,,True
S1,sma,2025,SMAN 78 JAKARTA,,True
S1,sma,2025,SMAN 8 KOTA TERNATE,,True
S1,sma,2025,SMAN 8 MANDAU,,True
S1,sma,2025,SMAN 8 PURWOREJO,,True
S1,sma,2025,SMAN 81 JAKARTA,,True
S1,sma,2025,SMAN 9 PADANG,,True
S1,sma,2025,SMAN 90 JAKARTA,,True
S1,sma,2025,SMAN KARANGPANDAN,,True
S1,sma,2025,SMAN KEBAKKRAMAT,,True
S1,sma,2025,SMAN NGORO,,True
S1,sma,2025,SMAN SUMATERA SELATAN,,True
S1,sma,2025,SMAS 1 KRISTEN BPK PENABUR,,True
S1,sma,2025,SMAS ADABIAH PADANG,,True
S1,sma,2025,SMAS AL IRSYAD AL ISLAMIYYAH,,True
S1,sma,2025,SMAS AL ISLAM 1 SURAKARTA,,True
S1,sma,2025,SMAS AL-IRSYAD SATYA,,True
S1,sma,2025,SMAS AN NUR BULULAWANG,,True
S1,sma,2025,SMAS ASSALAM SUKOHARJO,,True
S1,sma,2025,SMAS ATHALIA,,True
S1,sma,2025,SMAS BATIK 1 SURAKARTA,,True
S1,sma,2025,SMAS BINTARA DEPOK,,True
S1,sma,2025,SMAS BOPKRI 2,,True
S1,sma,2025,SMAS CITRA KASIH,,True
S1,sma,2025,SMAS DIPONEGORO 1 JAKARTA,,True
S1,sma,2025,SMAS FUTURE GATE,,True
S1,sma,2025,SMAS GLOBAL PERSADA MANDIRI,,True
S1,sma,2025,SMAS GONZAGA JAKARTA,,True
S1,sma,2025,SMAS HANG TUAH 1 JAKARTA,,True
S1,sma,2025,SMAS ISLAM AL-AZHAR 3 JAKARTA,,True
S1,sma,2025,SMAS ISLAM AL-AZHAR BSD,,True
S1,sma,2025,SMAS ISLAM AL-AZHAR CIREBON,,True
S1,sma,2025,SMAS ISLAM DARUSALAM,,True
S1,sma,2025,SMAS ISLAM PANGLIMA BESAR SOEDIRMAN,,True
S1,sma,2025,SMAS ISLAM SUNAN GUNUNG JATI,,True
S1,sma,2025,SMAS IT THARIQ BIN ZIYAD,,True
S1,sma,2025,SMAS JHON PAULS SCHOOL,,True
S1,sma,2025,SMAS KARTINI 1 JAKARTA,,True
S1,sma,2025,SMAS KHADIJAH,,True
S1,sma,2025,SMAS KHARISMA BANGSA,,True
S1,sma,2025,SMAS KOLESE LOYOLA,,True
S1,sma,2025,SMAS KRISTEN 7 BPK PENABUR JAKARTA,,True
S1,sma,2025,SMAS KRISTEN IPEKA SUNTER,,True
S1,sma,2025,SMAS LABSCHOOL CIBUBUR,,True
S1,sma,2025,SMAS MARSUDIRINI,,True
S1,sma,2025,SMAS METHODIST TANJUNG MORAWA,,True
S1,sma,2025,SMAS MTA SURAKARTA,,True
S1,sma,2025,SMAS MUHAMMADIYAH BOARDING SCHOOL (MBS) SLEMAN,,True
S1,sma,2025,SMAS MUHAMMADIYAH PONTREN IMAM SYUHODO,,True
S1,sma,2025,SMAS MUHAMMADIYAH WONOSOBO,,True
S1,sma,2025,SMAS MUTIARA HARAPAN,,True
S1,sma,2025,SMAS PANGUDI LUHUR,,True
S1,sma,2025,SMAS PESANTREN UNGGUL AL BAYAN,,True
S1,sma,2025,SMAS PESAT,,True
S1,sma,2025,SMAS PRIBADI,,True
S1,sma,2025,SMAS SANTA MARIA 1 CIREBON,,True
S1,sma,2025,SMAS SANTO THOMAS 1 MEDAN,,True
S1,sma,2025,SMAS SF ASSISI SAMARINDA,,True
S1,sma,2025,SMAS STELLA DUCE 1,,True
S1,sma,2025,SMAS STRADA ST AQUINO,,True
S1,sma,2025,SMAS SUTOMO 1,,True
S1,sma,2025,SMAS TAKHASSUS AL-QUR AN,,True
S1,sma,2025,SMAS TARAKANITA CITRA RAYA,,True
S1,sma,2025,SMAS TARUNA NUSANTARA,,True
S1,sma,2025,SMAS YOS SUDARSO,,True
S1,sma,2025,SMAS YP IPPI PETOJO JAKARTA,,True
S1,sma,2025,SMAS YUPPENTEK 1,,True
S1,sma,2025,"SMEA MUHAMMADIYAH 1, YOGYAKARTA",,True
S1,sma,2025,SMK (STM) PANCASILA 1 WONOGIRI,,True
S1,sma,2025,SMK ANALIS KIMIA BOGOR (SMAKBO),,True
S1,sma,2025,SMK INDONESIA YOGYAKARTA / SMF INDONESIA YOGYAKARTA,,True
S1,sma,2025,SMK NEGERI 1 BANTUL,,True
S1,sma,2025,SMK NEGERI 1 TEMANGGUNG,,True
S1,sma,2025,SMK NEGERI 7 SEMARANG,,True
S1,sma,2025,"SMK NEGERI 7, BANDUNG",,True
S1,sma,2025,SMK NEGERI KABUH,,True
S1,sma,2025,SMK SHAILENDRA PALEMBANG,,True
S1,sma,2025,"SMK TELKOM SANDHY PUTRA, MALANG",,True
S1,sma,2025,SMK-SMAK BOGOR,,True
S1,sma,2025,SMKN 1 JENANGAN,,True
S1,sma,2025,SMKN 1 KOTA BEKASI,,True
S1,sma,2025,SMKN 1 TALANG PADANG,,True
S1,sma,2025,SMKN 13 BANDUNG,,True
S1,sma,2025,SMKN 2 CILEGON,,True
S1,sma,2025,SMKN 3 MADIUN,,True
S1,sma,2025,SMKS BANI SALEH,,True
S1,sma,2025,SMKS BRIGJEND KATAMSO II,,True
S1,sma,2025,SMKS BUDI MULIA DUA,,True
S1,sma,2025,SMKS LEONARDO KLATEN,,True
S1,sma,2025,SMKS PGRI JATIBARANG,,True
S1,sma,2025,SMKS RADEN UMAR SAID KUDUS,,True
S1,sma,2025,SMKS TELKOM SANDHY PUTRA JAKARTA,,True
S1,sma,2025,"SMU BOPKRI 1, YOGYAKARTA",,True
S1,sma,2025,"SMU DWIWARNA, PARUNG",,True
S1,sma,2025,"SMU ISLAM AL-IZHAR, PD.LABU",,True
S1,sma,2025,THE CAMBRIDGE SCHOOL,,True
S1,sma,2025,"THE NEXT GENERATIONAL SCHOOL, DOHA",,True
S1,sma,2026,SMAN 1 YOGYAKARTA,13.0,False
S1,sma,2026,SMAN 8 YOGYAKARTA,11.0,False
S1,sma,2026,SMAN 7 YOGYAKARTA,10.0,False
S1,sma,2026,SMAN 6 YOGYAKARTA,9.0,False
S1,sma,2026,MAN 1 YOGYAKARTA,8.0,False
S1,sma,2026,SMA NEGERI 1 CILACAP,8.0,False
S1,sma,2026,SMAN 1 KALASAN,8.0,False
S1,sma,2026,SMAN 5 YOGYAKARTA,8.0,False
S1,sma,2026,SMAN 9 YOGYAKARTA,8.0,False
S1,sma,2026,MAN 2 KOTA MALANG,7.0,False
S1,sma,2026,SEKOLAH MENENGAH TEKNOLOGI INDUSTRI YOGYAKARTA,6.0,False
S1,sma,2026,SMAS KOLESE DE BRITTO DEPOK,6.0,False
S1,sma,2026,SMAS MUHAMMADIYAH 1 YOGYAKARTA,6.0,False
S1,sma,2026,SMA NEGERI 1 PURBALINGGA,5.0,False
S1,sma,2026,SMA NEGERI 1 TASIKMALAYA,5.0,False
S1,sma,2026,SMAN 1 PURWOREJO,5.0,False
S1,sma,2026,SMAN 1 WONOSARI,5.0,False
S1,sma,2026,SMAN 3 YOGYAKARTA,5.0,False
S1,sma,2026,LUAR NEGERI,4.0,False
S1,sma,2026,MAS UNGGULAN AMANATUL UMMAH SURABAYA,4.0,False
S1,sma,2026,SMA BUDI CENDEKIA ISLAMIC SCHOOL,4.0,False
S1,sma,2026,SMA LABSCHOOL CIRENDEU,4.0,False
S1,sma,2026,SMA NEGERI 1 BANTUL,4.0,False
S1,sma,2026,SMA NEGERI 1 PURWOKERTO,4.0,False
S1,sma,2026,SMA NEGERI 2 PURWOKERTO,4.0,False
S1,sma,2026,SMA NEGERI 7 PURWOREJO,4.0,False
S1,sma,2026,SMA SWASTA SUTOMO 1 MEDAN,4.0,False
S1,sma,2026,SMAN 1 GODEAN,4.0,False
S1,sma,2026,SMAN 1 PADANG,4.0,False
S1,sma,2026,SMAN 2 YOGYAKARTA,4.0,False
S1,sma,2026,SMAS AL IRSYAD AL ISLAMIYYAH,4.0,False
S1,sma,2026,SMAS ISLAM AL-AZHAR 4,4.0,False
S1,sma,2026,SMAS KOLESE LOYOLA,4.0,False
S1,sma,2026,SMK SMTI YOGYAKARTA,4.0,False
S1,sma,2026,MAN 2 KOTA KEDIRI,3.0,False
S1,sma,2026,MAN 4 JAKARTA,3.0,False
S1,sma,2026,SMA BINA NUSANTARA BEKASI,3.0,False
S1,sma,2026,SMA ISLAM AL AZHAR 9 YOGYAKARTA,3.0,False
S1,sma,2026,SMA NEGERI 1 BOYOLALI,3.0,False
S1,sma,2026,SMA NEGERI 1 KARANGANYAR,3.0,False
S1,sma,2026,SMA NEGERI 1 KUDUS,3.0,False
S1,sma,2026,SMA NEGERI 1 PATI,3.0,False
S1,sma,2026,SMA NEGERI 1 PEKALONGAN,3.0,False
S1,sma,2026,SMA NEGERI 1 PURWOREJO,3.0,False
S1,sma,2026,SMA NEGERI 1 SEMARANG,3.0,False
S1,sma,2026,SMA NEGERI 1 TEMANGGUNG,3.0,False
S1,sma,2026,SMA NEGERI 1 WATES,3.0,False
S1,sma,2026,SMA NEGERI 2 BANGUNTAPAN,3.0,False
S1,sma,2026,SMA NEGERI 2 SEMARANG,3.0,False
S1,sma,2026,SMA NEGERI 3 SEMARANG,3.0,False
S1,sma,2026,SMA NEGERI 4 PEKALONGAN,3.0,False
S1,sma,2026,SMA NEGERI 4 SURAKARTA,3.0,False
S1,sma,2026,SMA NEGERI 8 PEKANBARU,3.0,False
S1,sma,2026,SMA PANGUDI LUHUR VAN LITH MUNTILAN,3.0,False
S1,sma,2026,SMA TRENSAINS MUHAMMADIYAH SRAGEN,3.0,False
S1,sma,2026,SMAN 1 BUKITTINGGI,3.0,False
S1,sma,2026,SMAN 1 DEPOK,3.0,False
S1,sma,2026,SMAN 1 MAGETAN,3.0,False
S1,sma,2026,SMAN 1 PAKEM,3.0,False
S1,sma,2026,SMAN 1 TAMBUN SELATAN,3.0,False
S1,sma,2026,SMAN 11 YOGYAKARTA,3.0,False
S1,sma,2026,SMAN 2 KOTA TANGERANG SELATAN,3.0,False
S1,sma,2026,SMAN 2 MADIUN,3.0,False
S1,sma,2026,SMAN 2 PAYAKUMBUH,3.0,False
S1,sma,2026,SMAS STELLA DUCE 1,3.0,False
S1,sma,2026,AL AZHAR 28 IIBS SENIOR HIGH,,True
S1,sma,2026,KULLIYATUL MU`ALLIMIN AL-ISLAMIYAH (KMI) PP MODERN GONTOR PONOROGO,,True
S1,sma,2026,MA AL HIJRAH,,True
S1,sma,2026,MA AL IRSYAD TENGARAN,,True
S1,sma,2026,MA AL TSAQAFAH,,True
S1,sma,2026,MA AL- AZHAR ASY-SYARIF SUMATERA UTARA,,True
S1,sma,2026,MA ISLAM TERPADU DARUL FIKRI,,True
S1,sma,2026,MA I`ANATUTH-THULLAB,,True
S1,sma,2026,MA JAMILURRAHMAN WIROKERTEN BANGUNTAPAN BANTUL,,True
S1,sma,2026,MA MA,,True
S1,sma,2026,MA NEGERI 2 PATI,,True
S1,sma,2026,MA NEGERI WONOSOBO,,True
S1,sma,2026,MA UNGGULAN AMANATUL UMMAH 03,,True
S1,sma,2026,MAN 1 CILACAP,,True
S1,sma,2026,MAN 1 KOTA BEKASI,,True
S1,sma,2026,MAN 1 KOTA BUKITTINGGI,,True
S1,sma,2026,MAN 1 KOTA MAGELANG,,True
S1,sma,2026,MAN 1 KOTA MALANG,,True
S1,sma,2026,MAN 1 KOTA PEKALONGAN,,True
S1,sma,2026,MAN 1 KOTA TANGERANG SELATAN,,True
S1,sma,2026,MAN 1 KUDUS,,True
S1,sma,2026,MAN 1 PALEMBANG,,True
S1,sma,2026,MAN 1 PEKANBARU,,True
S1,sma,2026,MAN 1 SURAKARTA,,True
S1,sma,2026,MAN 1 WONOSOBO,,True
S1,sma,2026,MAN 11 JAKARTA,,True
S1,sma,2026,MAN 12 JAKARTA,,True
S1,sma,2026,MAN 2 CIAMIS,,True
S1,sma,2026,MAN 2 CIREBON,,True
S1,sma,2026,MAN 2 JEPARA,,True
S1,sma,2026,MAN 2 KEBUMEN,,True
S1,sma,2026,MAN 2 KEDIRI,,True
S1,sma,2026,MAN 2 KLATEN,,True
S1,sma,2026,MAN 2 KOTA SERANG,,True
S1,sma,2026,MAN 2 PEKANBARU,,True
S1,sma,2026,MAN 2 PONTIANAK,,True
S1,sma,2026,MAN 2 WATES KULON PROGO,,True
S1,sma,2026,MAN 3 BANYUWANGI,,True
S1,sma,2026,MAN 7 JAKARTA,,True
S1,sma,2026,MAN 9 JAKARTA,,True
S1,sma,2026,MAN BUNTET,,True
S1,sma,2026,MAN CIKARANG,,True
S1,sma,2026,MAN I CIREBON,,True
S1,sma,2026,MAN INSAN CENDEKIA JAMBI,,True
S1,sma,2026,MAN INSAN CENDEKIA LAMPUNG TIMUR,,True
S1,sma,2026,MAN INSAN CENDEKIA PASER,,True
S1,sma,2026,MAN INSAN CENDEKIA PASURUAN,,True
S1,sma,2026,MAN INSAN CENDEKIA PEKALONGAN,,True
S1,sma,2026,MAN INSAN CENDEKIA TANAH LAUT,,True
S1,sma,2026,MAN INSAN CENDEKIA TAPANULI SELATAN,,True
S1,sma,2026,MAN PAMEKASAN,,True
S1,sma,2026,MAN YK II,,True
S1,sma,2026,MAN YOGYAKARTA 3,,True
S1,sma,2026,MAS AL MUAYYAD,,True
S1,sma,2026,MAS ALI MAKSUM,,True
S1,sma,2026,MAS HUSNUL KHOTIMAH,,True
S1,sma,2026,MAS MIFTAHUNNAJAH,,True
S1,sma,2026,MAS MUALLIMIN MUHAMMADIYAH,,True
S1,sma,2026,MAS MUHARRIKUN NAJAAH,,True
S1,sma,2026,MAS PERSIS TAROGONG,,True
S1,sma,2026,MAS PPMI ASSALAAM,,True
S1,sma,2026,MAS UNGGULAN NURIS JEMBER,,True
S1,sma,2026,NATIONAL JUNIOR COLLEGE (SINGAPORE),,True
S1,sma,2026,PKBM AKSI,,True
S1,sma,2026,PKBM HOMESCHOOLING PENA,,True
S1,sma,2026,PKBM PELANGI ABADI NUSANTARA,,True
S1,sma,2026,PKBM SEKOLAH MURID MERDEKA,,True
S1,sma,2026,QATAR INTERNATIONAL SCHOOL,,True
S1,sma,2026,SATUAN PENDIDIKAN MUADALAH ALIYAH PESANTREN MUSTHAFAWIYAH,,True
S1,sma,2026,SEKOLAH NEGERI KHUSUS SAINS DAN BAHASA PAPUA,,True
S1,sma,2026,SMA 2 PERGURUAN CIKINI,,True
S1,sma,2026,SMA AL ISLAM 1 SURAKARTA,,True
S1,sma,2026,SMA AL MUTTAQIN FULLDAY SCHOOL,,True
S1,sma,2026,SMA AL WILDAN 4 ISLAMIC SCHOOL JAKARTA,,True
S1,sma,2026,SMA AL WILDAN ISLAMIC SCHOOL 3 BSD CITY,,True
S1,sma,2026,SMA AL-ABIDIN BILINGUAL BOARDING SCHOOL,,True
S1,sma,2026,SMA AL-MAAHIRA IIBS MALANG,,True
S1,sma,2026,SMA ALI MAKSUM,,True
S1,sma,2026,SMA AVICENNA JAGAKARSA,,True
S1,sma,2026,SMA BINA NUSANTARA SERPONG (BINUS),,True
S1,sma,2026,SMA BINTANG PELAJAR ISLAMIC BOARDING SCHOOL,,True
S1,sma,2026,SMA BINTARA DEPOK,,True
S1,sma,2026,SMA BOSOWA AL AZHAR CILEGON,,True
S1,sma,2026,SMA BUDI MULIA DUA,,True
S1,sma,2026,SMA CENDERAWASIH 1,,True
S1,sma,2026,SMA CINDERA MATA,,True
S1,sma,2026,SMA DAARUSSALAM,,True
S1,sma,2026,SMA DAARUT TAUHIID BOARDING SCHOOL PUTRI,,True
S1,sma,2026,SMA DARUL ULUM 2 UNGGULAN BPPT,,True
S1,sma,2026,SMA EDU GLOBAL,,True
S1,sma,2026,SMA FULLDAY AL-MUHAJIRIN,,True
S1,sma,2026,SMA GARUDA CENDEKIA,,True
S1,sma,2026,SMA GLOBAL MANDIRI,,True
S1,sma,2026,SMA HIGHFIELD,,True
S1,sma,2026,SMA IBNU HAJAR BOARDING SCHOOL,,True
S1,sma,2026,SMA INKLUSI SCHOOL OF HUMAN,,True
S1,sma,2026,SMA ISLAM AL AZHAR 7 SUKOHARJO,,True
S1,sma,2026,SMA ISLAM AL-AZHAR 8,,True
S1,sma,2026,SMA ISLAM PB. SOEDIRMAN,,True
S1,sma,2026,SMA ISLAM SINAR CENDEKIA,,True
S1,sma,2026,SMA ISLAM SUDIRMAN AMBARAWA,,True
S1,sma,2026,SMA ISLAM TERPADU AS-SYIFA BOARDING SCHOOL WANAREJA,,True
S1,sma,2026,SMA ISLAM TERPADU AULIYA,,True
S1,sma,2026,SMA ISLAM TERPADU NUR HIDAYAH,,True
S1,sma,2026,SMA IT AL IRSYAD AL ISLAMIYYAH PURWOKERTO,,True
S1,sma,2026,SMA IT IBNU ABBAS KLATEN,,True
S1,sma,2026,SMA JAKARTA ISLAMIC SCHOOL,,True
S1,sma,2026,SMA KARANGTURI,,True
S1,sma,2026,SMA KATOLIK SANTO FRANSISKUS ASSISI,,True
S1,sma,2026,SMA KATOLIK ST. LOUIS 1 SURABAYA,,True
S1,sma,2026,SMA KESATUAN BANGSA,,True
S1,sma,2026,SMA KHALIFA INSAN MADANI SEJAHTERA,,True
S1,sma,2026,SMA KOSGORO KOTA BOGOR,,True
S1,sma,2026,SMA KRISTA MITRA,,True
S1,sma,2026,SMA KRISTEN 1 PENABUR,,True
S1,sma,2026,SMA KRISTEN PENABUR CIREBON,,True
S1,sma,2026,SMA KRISTEN TRITUNGGAL,,True
S1,sma,2026,SMA LABORATORIUM UM,,True
S1,sma,2026,SMA LABSCHOOL KEBAYORAN,,True
S1,sma,2026,SMA MUHAMMADIYAH 3 JAKARTA,,True
S1,sma,2026,SMA MUHAMMADIYAH PROGRAM KHUSUS KOTTABARAT SURAKARTA,,True
S1,sma,2026,SMA N 1 CAWAS,,True
S1,sma,2026,SMA N 1 PACITAN,,True
S1,sma,2026,SMA N 1 SRAGEN,,True
S1,sma,2026,SMA N 1 WONOSARI,,True
S1,sma,2026,SMA N 14 PALEMBANG,,True
S1,sma,2026,SMA N 2 KAIMANA,,True
S1,sma,2026,SMA NASIONAL 3 BAHASA PUTERA HARAPAN,,True
S1,sma,2026,SMA NASIONAL KPS,,True
S1,sma,2026,SMA NEGERI 01 PALEMBANG,,True
S1,sma,2026,SMA NEGERI 04,,True
S1,sma,2026,SMA NEGERI 06,,True
S1,sma,2026,SMA NEGERI 1 AJIBARANG,,True
S1,sma,2026,SMA NEGERI 1 AMBARAWA,,True
S1,sma,2026,SMA NEGERI 1 BAMBANGLIPURO,,True
S1,sma,2026,SMA NEGERI 1 BANYUMAS,,True
S1,sma,2026,SMA NEGERI 1 BATANG,,True
S1,sma,2026,SMA NEGERI 1 BERGAS,,True
S1,sma,2026,SMA NEGERI 1 BLORA,,True
S1,sma,2026,SMA NEGERI 1 BREBES,,True
S1,sma,2026,SMA NEGERI 1 DEMAK,,True
S1,sma,2026,SMA NEGERI 1 JAKENAN,,True
S1,sma,2026,SMA NEGERI 1 JATISRONO,,True
S1,sma,2026,SMA NEGERI 1 JEPARA,,True
S1,sma,2026,SMA NEGERI 1 JETIS,,True
S1,sma,2026,SMA NEGERI 1 KABANJAHE,,True
S1,sma,2026,SMA NEGERI 1 KAJEN,,True
S1,sma,2026,SMA NEGERI 1 KARANGANOM,,True
S1,sma,2026,SMA NEGERI 1 KARANGNONGKO,,True
S1,sma,2026,SMA NEGERI 1 KASIHAN,,True
S1,sma,2026,SMA NEGERI 1 KEBUMEN,,True
S1,sma,2026,SMA NEGERI 1 KEDUNGWUNI,,True
S1,sma,2026,SMA NEGERI 1 KEJOBONG,,True
S1,sma,2026,SMA NEGERI 1 KENDAL,,True
S1,sma,2026,SMA NEGERI 1 KLATEN,,True
S1,sma,2026,SMA NEGERI 1 KOTA MUNGKID,,True
S1,sma,2026,SMA NEGERI 1 KROYA,,True
S1,sma,2026,SMA NEGERI 1 LASEM,,True
S1,sma,2026,SMA NEGERI 1 MAGELANG,,True
S1,sma,2026,SMA NEGERI 1 MERTOYUDAN,,True
S1,sma,2026,SMA NEGERI 1 MUNTILAN,,True
S1,sma,2026,SMA NEGERI 1 PEKANBARU,,True
S1,sma,2026,SMA NEGERI 1 PENGASIH,,True
S1,sma,2026,SMA NEGERI 1 REMBANG,,True
S1,sma,2026,SMA NEGERI 1 SANDEN,,True
S1,sma,2026,SMA NEGERI 1 SENTOLO,,True
S1,sma,2026,SMA NEGERI 1 SEWON,,True
S1,sma,2026,SMA NEGERI 1 SIDAREJA,,True
S1,sma,2026,SMA NEGERI 1 SUMPIUH,,True
S1,sma,2026,SMA NEGERI 1 TABANAN,,True
S1,sma,2026,SMA NEGERI 1 TAYU,,True
S1,sma,2026,SMA NEGERI 1 TEJAKULA,,True
S1,sma,2026,SMA NEGERI 1 TENGARAN,,True
S1,sma,2026,SMA NEGERI 1 TRENGGALEK,,True
S1,sma,2026,SMA NEGERI 1 WONOGIRI,,True
S1,sma,2026,SMA NEGERI 1 WONOSOBO,,True
S1,sma,2026,SMA NEGERI 10 PEKANBARU,,True
S1,sma,2026,SMA NEGERI 10 PURWOREJO,,True
S1,sma,2026,SMA NEGERI 2 BANTUL,,True
S1,sma,2026,SMA NEGERI 2 JOMBANG,,True
S1,sma,2026,SMA NEGERI 2 KOTA KEDIRI,,True
S1,sma,2026,SMA NEGERI 2 KUDUS,,True
S1,sma,2026,SMA NEGERI 2 KUNINGAN,,True
S1,sma,2026,SMA NEGERI 2 TEMANGGUNG,,True
S1,sma,2026,SMA NEGERI 2 WATES,,True
S1,sma,2026,SMA NEGERI 3 BANTUL,,True
S1,sma,2026,SMA NEGERI 3 BOYOLALI,,True
S1,sma,2026,SMA NEGERI 3 CILACAP,,True
S1,sma,2026,SMA NEGERI 3 KLATEN,,True
S1,sma,2026,SMA NEGERI 3 PASURUAN,,True
S1,sma,2026,SMA NEGERI 3 SUKOHARJO,,True
S1,sma,2026,SMA NEGERI 3 SURAKARTA,,True
S1,sma,2026,SMA NEGERI 3 TEGAL,,True
S1,sma,2026,SMA NEGERI 4 PURWOKERTO,,True
S1,sma,2026,SMA NEGERI 4 SEMARANG,,True
S1,sma,2026,SMA NEGERI 5 PURWOKERTO,,True
S1,sma,2026,SMA NEGERI 6 CIMAHI,,True
S1,sma,2026,SMA NEGERI 6 SURAKARTA,,True
S1,sma,2026,SMA NU AL MA,,True
S1,sma,2026,SMA NURUL HAYAH KETANGGUNGAN,,True
S1,sma,2026,SMA OLIFANT,,True
S1,sma,2026,SMA PANGUDI LUHUR SEDAYU,,True
S1,sma,2026,SMA PERJUANGAN TERPADU,,True
S1,sma,2026,SMA PESANTREN UNGGUL AL BAYAN ANYER,,True
S1,sma,2026,SMA PJ GLOBAL SCHOOL,,True
S1,sma,2026,SMA PRADITA DIRGANTARA,,True
S1,sma,2026,SMA S AL KAUTSAR,,True
S1,sma,2026,SMA S CENDANA MANDAU,,True
S1,sma,2026,SMA S MUHAMMADIYAH 1 PALANGKA RAYA,,True
S1,sma,2026,SMA SAHABATQU,,True
S1,sma,2026,SMA SCIENCE PLUS BAITUL QURAN BOARDING SCHOOL,,True
S1,sma,2026,SMA SEDES SAPIENTIAE JAMBU,,True
S1,sma,2026,SMA SEMESTA,,True
S1,sma,2026,SMA STRADA ST. THOMAS AQUINO,,True
S1,sma,2026,SMA SWASTA ISLAM PLUS ADZKIA,,True
S1,sma,2026,SMA SWASTA SANTO THOMAS 1 MEDAN,,True
S1,sma,2026,SMA TRIMURTI SURABAYA,,True
S1,sma,2026,SMA UNGGULAN CT ARSA FOUNDATION SUKOHARJO,,True
S1,sma,2026,SMA UNGGULAN RUSHD,,True
S1,sma,2026,SMA YADIKA 3,,True
S1,sma,2026,SMAIT ABU BAKAR BOARDING SCHOOL KULON PROGO,,True
S1,sma,2026,SMAIT BUAHATI ISLAMIC SCHOOL,,True
S1,sma,2026,SMAIT NURUL IHSAN BOARDING SCHOOL CILACAP,,True
S1,sma,2026,SMAN 01 SRENGAT,,True
S1,sma,2026,SMAN 01 TALUN,,True
S1,sma,2026,SMAN 07 MANADO,,True
S1,sma,2026,SMAN 1 ALAS,,True
S1,sma,2026,SMAN 1 AMPEL,,True
S1,sma,2026,SMAN 1 BALEENDAH,,True
S1,sma,2026,SMAN 1 BALIKPAPAN,,True
S1,sma,2026,SMAN 1 BANJARBARU,,True
S1,sma,2026,SMAN 1 BANJARMASIN,,True
S1,sma,2026,SMAN 1 BANJARNEGARA,,True
S1,sma,2026,SMAN 1 BANTARKAWUNG,,True
S1,sma,2026,SMAN 1 BATAM,,True
S1,sma,2026,SMAN 1 BEKASI,,True
S1,sma,2026,SMAN 1 BINUANG,,True
S1,sma,2026,SMAN 1 BLITAR,,True
S1,sma,2026,SMAN 1 BOGOR,,True
S1,sma,2026,SMAN 1 BOJA,,True
S1,sma,2026,SMAN 1 BOJONEGORO,,True
S1,sma,2026,SMAN 1 BOYOLALI,,True
S1,sma,2026,SMAN 1 BULULAWANG,,True
S1,sma,2026,SMAN 1 CIAMPEL,,True
S1,sma,2026,SMAN 1 CIANJUR,,True
S1,sma,2026,SMAN 1 CIBITUNG,,True
S1,sma,2026,SMAN 1 CIKARANG PUSAT,,True
S1,sma,2026,SMAN 1 CILILIN,,True
S1,sma,2026,SMAN 1 CIREBON,,True
S1,sma,2026,SMAN 1 DENPASAR,,True
S1,sma,2026,SMAN 1 DOLOK SANGGUL,,True
S1,sma,2026,SMAN 1 GARUT,,True
S1,sma,2026,SMAN 1 GEDANGAN,,True
S1,sma,2026,SMAN 1 GENTENG,,True
S1,sma,2026,SMAN 1 JAKARTA,,True
S1,sma,2026,SMAN 1 JATINOM,,True
S1,sma,2026,SMAN 1 JATISRONO,,True
S1,sma,2026,SMAN 1 KARANGANOM,,True
S1,sma,2026,SMAN 1 KARANGNONGKO,,True
S1,sma,2026,SMAN 1 KARTASURA,,True
S1,sma,2026,SMAN 1 KATAPANG,,True
S1,sma,2026,SMAN 1 KEDUNGGALAR,,True
S1,sma,2026,SMAN 1 KEDUNGWARU,,True
S1,sma,2026,SMAN 1 KOTA SERANG,,True
S1,sma,2026,SMAN 1 KUNDUR,,True
S1,sma,2026,SMAN 1 KUTA UTARA,,True
S1,sma,2026,SMAN 1 LAWANG,,True
S1,sma,2026,SMAN 1 LINTAU BUO,,True
S1,sma,2026,SMAN 1 MADIUN,,True
S1,sma,2026,SMAN 1 MARGAHAYU,,True
S1,sma,2026,SMAN 1 MATAULI PANDAN,,True
S1,sma,2026,SMAN 1 MUNTILAN,,True
S1,sma,2026,SMAN 1 NGAGLIK,,True
S1,sma,2026,SMAN 1 NGAWI,,True
S1,sma,2026,SMAN 1 PACITAN,,True
S1,sma,2026,SMAN 1 PADAMARA,,True
S1,sma,2026,SMAN 1 PANGALENGAN,,True
S1,sma,2026,SMAN 1 PARIGI,,True
S1,sma,2026,SMAN 1 PAYAKUMBUH,,True
S1,sma,2026,SMAN 1 PEMALI,,True
S1,sma,2026,SMAN 1 POLAN HARJO,,True
S1,sma,2026,SMAN 1 PONOROGO,,True
S1,sma,2026,SMAN 1 PRAMBANAN,,True
S1,sma,2026,SMAN 1 PREMBUN,,True
S1,sma,2026,SMAN 1 PRINGSEWU,,True
S1,sma,2026,SMAN 1 PURI,,True
S1,sma,2026,SMAN 1 SALAK,,True
S1,sma,2026,SMAN 1 SALATIGA,,True
S1,sma,2026,SMAN 1 SETU,,True
S1,sma,2026,SMAN 1 SIMO,,True
S1,sma,2026,SMAN 1 SLEMAN,,True
S1,sma,2026,SMAN 1 SUKOHARJO,,True
S1,sma,2026,SMAN 1 SUKOMORO,,True
S1,sma,2026,SMAN 1 SUNGAI RUMBAI,,True
S1,sma,2026,SMAN 1 SURAKARTA,,True
S1,sma,2026,SMAN 1 TALUN,,True
S1,sma,2026,SMAN 1 TANGERANG,,True
S1,sma,2026,SMAN 1 TAWANGSARI,,True
S1,sma,2026,SMAN 1 TELUK KERAMAT,,True
S1,sma,2026,SMAN 1 TERAS,,True
S1,sma,2026,SMAN 1 WAINGAPU,,True
S1,sma,2026,SMAN 1 WALED,,True
S1,sma,2026,SMAN 1 WONOGIRI,,True
S1,sma,2026,SMAN 10 BEKASI,,True
S1,sma,2026,SMAN 10 FAJAR HARAPAN BANDA ACEH,,True
S1,sma,2026,SMAN 10 YOGYAKARTA,,True
S1,sma,2026,SMAN 100 JAKARTA,,True
S1,sma,2026,SMAN 11 BEKASI,,True
S1,sma,2026,SMAN 13 KOTA BEKASI,,True
S1,sma,2026,SMAN 14 BANDAR LAMPUNG,,True
S1,sma,2026,SMAN 14 JAKARTA,,True
S1,sma,2026,SMAN 15 JAKARTA,,True
S1,sma,2026,SMAN 16 BANDAR LAMPUNG,,True
S1,sma,2026,SMAN 16 BANDUNG,,True
S1,sma,2026,SMAN 16 JAKARTA,,True
S1,sma,2026,SMAN 18 SURABAYA,,True
S1,sma,2026,SMAN 19 BANDUNG,,True
S1,sma,2026,SMAN 2 BANDAR LAMPUNG,,True
S1,sma,2026,SMAN 2 BEKASI,,True
S1,sma,2026,SMAN 2 CIBINONG,,True
S1,sma,2026,SMAN 2 CIREBON,,True
S1,sma,2026,SMAN 2 KEDIRI,,True
S1,sma,2026,SMAN 2 KLATEN,,True
S1,sma,2026,SMAN 2 KOTA BLITAR,,True
S1,sma,2026,SMAN 2 KOTA DEPOK,,True
S1,sma,2026,SMAN 2 MERAUKE,,True
S1,sma,2026,SMAN 2 NGAGLIK,,True
S1,sma,2026,SMAN 2 NGANJUK,,True
S1,sma,2026,SMAN 2 PADANG,,True
S1,sma,2026,SMAN 2 PURBALINGGA,,True
S1,sma,2026,SMAN 2 PURWAKARTA,,True
S1,sma,2026,SMAN 2 PURWOREJO,,True
S1,sma,2026,SMAN 2 SIDOARJO,,True
S1,sma,2026,SMAN 2 SLEMAN,,True
S1,sma,2026,SMAN 2 SRAGEN,,True
S1,sma,2026,SMAN 2 SURAKARTA,,True
S1,sma,2026,SMAN 2 TAMBUN SELATAN,,True
S1,sma,2026,SMAN 2 TARAKAN,,True
S1,sma,2026,SMAN 2 TUBAN,,True
S1,sma,2026,"SMAN 2, KOTA SUKABUMI",,True
S1,sma,2026,SMAN 21 JAKARTA,,True
S1,sma,2026,SMAN 22 JAKARTA,,True
S1,sma,2026,SMAN 22 KOTA BEKASI,,True
S1,sma,2026,SMAN 26 BANDUNG,,True
S1,sma,2026,SMAN 26 BATAM,,True
S1,sma,2026,SMAN 28 JAKARTA,,True
S1,sma,2026,SMAN 29 JAKARTA,,True
S1,sma,2026,SMAN 3 BALIKPAPAN,,True
S1,sma,2026,SMAN 3 BANDUNG,,True
S1,sma,2026,SMAN 3 BATAM,,True
S1,sma,2026,SMAN 3 BLITAR,,True
S1,sma,2026,SMAN 3 BOJONEGORO,,True
S1,sma,2026,SMAN 3 BOYOLALI,,True
S1,sma,2026,SMAN 3 CIREBON,,True
S1,sma,2026,SMAN 3 KLATEN,,True
S1,sma,2026,SMAN 3 KOTA JAMBI,,True
S1,sma,2026,SMAN 3 KOTA SERANG,,True
S1,sma,2026,SMAN 3 MEDAN,,True
S1,sma,2026,SMAN 3 PADANG,,True
S1,sma,2026,SMAN 3 PONOROGO,,True
S1,sma,2026,SMAN 3 PROBOLINGGO,,True
S1,sma,2026,SMAN 3 SUKABUMI,,True
S1,sma,2026,SMAN 30 JAKARTA,,True
S1,sma,2026,SMAN 34 JAKARTA,,True
S1,sma,2026,SMAN 37 JAKARTA,,True
S1,sma,2026,SMAN 38 JAKARTA,,True
S1,sma,2026,SMAN 4 DENPASAR,,True
S1,sma,2026,SMAN 4 KOTA DEPOK,,True
S1,sma,2026,SMAN 4 MAGELANG,,True
S1,sma,2026,SMAN 4 PONTIANAK,,True
S1,sma,2026,SMAN 4 PURWOREJO,,True
S1,sma,2026,SMAN 4 TAMBUN SELATAN,,True
S1,sma,2026,SMAN 4 YOGYAKARTA,,True
S1,sma,2026,SMAN 43 JAKARTA,,True
S1,sma,2026,SMAN 5 BALIKPAPAN SELATAN,,True
S1,sma,2026,SMAN 5 BANDAR LAMPUNG,,True
S1,sma,2026,SMAN 5 BANDUNG,,True
S1,sma,2026,SMAN 5 KENDARI,,True
S1,sma,2026,SMAN 5 TAMBUN SELATAN,,True
S1,sma,2026,SMAN 51 JAKARTA,,True
S1,sma,2026,SMAN 55 JAKARTA,,True
S1,sma,2026,SMAN 6 KOTA TANGERANG SELATAN,,True
S1,sma,2026,SMAN 60 JAKARTA,,True
S1,sma,2026,SMAN 7 JAKARTA,,True
S1,sma,2026,SMAN 7 MALANG,,True
S1,sma,2026,SMAN 7 PURWOREJO,,True
S1,sma,2026,SMAN 7 TANGERANG,,True
S1,sma,2026,SMAN 73 JAKARTA,,True
S1,sma,2026,SMAN 78 JAKARTA,,True
S1,sma,2026,SMAN 8 JAKARTA,,True
S1,sma,2026,SMAN 8 SURAKARTA,,True
S1,sma,2026,SMAN 91 JAKARTA,,True
S1,sma,2026,SMAN CMBBS,,True
S1,sma,2026,SMAS 1 KRISTEN BPK PENABUR,,True
S1,sma,2026,SMAS 5 YADIKA,,True
S1,sma,2026,SMAS AL - AZHAR,,True
S1,sma,2026,SMAS AL IZHAR JAKARTA,,True
S1,sma,2026,SMAS AL-IZZAH BATU,,True
S1,sma,2026,SMAS ANGKASA 1 H PERDANAKUSUMA,,True
S1,sma,2026,SMAS ANGKASA 2 H PERDANAKUSUMA,,True
S1,sma,2026,SMAS BATIK 1 SURAKARTA,,True
S1,sma,2026,SMAS BOPKRI 1,,True
S1,sma,2026,SMAS DARUNNAJAH,,True
S1,sma,2026,SMAS DON BOSCO III,,True
S1,sma,2026,SMAS FUTURE GATE,,True
S1,sma,2026,SMAS GLOBAL MANDIRI,,True
S1,sma,2026,SMAS GLOBAL PERSADA MANDIRI,,True
S1,sma,2026,SMAS ISLAM AL-AZHAR 3 JAKARTA,,True
S1,sma,2026,SMAS ISLAM ATHIRAH,,True
S1,sma,2026,SMAS ISLAM DARUSALAM,,True
S1,sma,2026,SMAS ISLAM DIAN DIDAKTIKA,,True
S1,sma,2026,SMAS ISLAM PANGLIMA BESAR SOEDIRMAN,,True
S1,sma,2026,SMAS ISLAM TERPADU AL KAHFI,,True
S1,sma,2026,SMAS ISLAM TERPADU NURUL FIKRI,,True
S1,sma,2026,SMAS IT ABU BAKAR,,True
S1,sma,2026,SMAS IT AL BINAA,,True
S1,sma,2026,SMAS IT AL FITYAN SCHOOL,,True
S1,sma,2026,SMAS IT DARUT TAQWA,,True
S1,sma,2026,SMAS IT IBNU ABBAS,,True
S1,sma,2026,SMAS IT UMMUL QURO,,True
S1,sma,2026,SMAS KALAM KUDUS,,True
S1,sma,2026,SMAS KANISIUS JAKARTA,,True
S1,sma,2026,SMAS KARTIKA I-5,,True
S1,sma,2026,SMAS KARTIKA X-1,,True
S1,sma,2026,SMAS KATOLIK MATER DEI,,True
S1,sma,2026,SMAS KATOLIK RAJAWALI,,True
S1,sma,2026,SMAS KATOLIK SAINT JOHN S,,True
S1,sma,2026,SMAS KATOLIK ST ALBERTUS,,True
S1,sma,2026,SMAS KRISTEN 2 BPK PENABUR,,True
S1,sma,2026,SMAS KRISTEN NASIONAL ANGLO,,True
S1,sma,2026,SMAS LABSCHOOL CIBUBUR,,True
S1,sma,2026,SMAS MUHAMMADIYAH 1 GRESIK,,True
S1,sma,2026,SMAS MUHAMMADIYAH 1 KLATEN,,True
S1,sma,2026,SMAS MUHAMMADIYAH 1 MAGELANG,,True
S1,sma,2026,SMAS MUHAMMADIYAH 1 PRAMBANAN,,True
S1,sma,2026,SMAS MUHAMMADIYAH 2,,True
S1,sma,2026,SMAS MUHAMMADIYAH 2 YOGYAKARTA,,True
S1,sma,2026,SMAS MUHAMMADIYAH 3 YOGYAKARTA,,True
S1,sma,2026,SMAS MUHAMMADIYAH 5 JAKARTA,,True
S1,sma,2026,SMAS MUHAMMADIYAH WONOSOBO,,True
S1,sma,2026,SMAS MUTIARA HARAPAN,,True
S1,sma,2026,SMAS NUSANTARA PLUS,,True
S1,sma,2026,SMAS PAHOA,,True
S1,sma,2026,SMAS PANGUDI LUHUR,,True
S1,sma,2026,SMAS PANGUDI LUHUR JAKARTA,,True
S1,sma,2026,SMAS PESANTREN UNGGUL AL BAYAN,,True
S1,sma,2026,SMAS PLUS SHAFIYYATUL AMALIYYAH,,True
S1,sma,2026,SMAS PUSAKA 1 JAKARTA,,True
S1,sma,2026,SMAS RIYADHUSSHOLIHIIN,,True
S1,sma,2026,SMAS SANTA MARIA,,True
S1,sma,2026,SMAS SANTA MARIA 1 CIREBON,,True
S1,sma,2026,SMAS SANTA URSULA,,True
S1,sma,2026,SMAS SANTA URSULA BSD,,True
S1,sma,2026,SMAS SAVERIUS KARANGMALANG,,True
S1,sma,2026,SMAS STELLA DUCE 2,,True
S1,sma,2026,SMAS SUTOMO 1,,True
S1,sma,2026,SMAS TARUNA NUSANTARA,,True
S1,sma,2026,SMAS UNGGUL DEL,,True
S1,sma,2026,SMAS WITAMA NASIONAL PLUS,,True
S1,sma,2026,SMAS XAVERIUS 1 JAMBI,,True
S1,sma,2026,SMAS YAYASAN PUPUK KALTIM BONTANG,,True
S1,sma,2026,SMATQ ABI-UMMI,,True
S1,sma,2026,SMK (STM) N 1 MAGELANG,,True
S1,sma,2026,SMK (STM) N 2 KLATEN,,True
S1,sma,2026,SMK - SMAK MAKASSAR,,True
S1,sma,2026,SMK ANALIS KIMIA BOGOR (SMAKBO),,True
S1,sma,2026,SMK IDN,,True
S1,sma,2026,SMK MADINATULQURAN,,True
S1,sma,2026,SMK NEGERI 1 BANTUL,,True
S1,sma,2026,SMK NEGERI 2 CILACAP,,True
S1,sma,2026,SMK ORA ET LABORA,,True
S1,sma,2026,SMK TELEKOMUNIKASI TUNAS HARAPAN,,True
S1,sma,2026,SMKN 1 GUNUNGPUTRI,,True
S1,sma,2026,SMKN 1 KOTA BEKASI,,True
S1,sma,2026,SMKN 1 KOTA CILEGON,,True
S1,sma,2026,SMKN 1 TANGERANG,,True
S1,sma,2026,SMKN 2 DEPOK,,True
S1,sma,2026,SMKN 3 MADIUN,,True
S1,sma,2026,SMKN 6 YOGYAKARTA,,True
S1,sma,2026,SMKS DAARUT TAUHIID,,True
S1,sma,2026,SMKS FARMASI NASIONAL SURAKARTA,,True
S1,sma,2026,SMKS MUHAMMADIYAH 3 YOGYAKARTA,,True
S1,sma,2026,SMKS TELKOM SANDHY PUTRA JAKARTA,,True
S1,sma,2026,"SMU DWIWARNA, PARUNG",,True
S1,sma,2026,"SMU ISLAM AL-IZHAR, PD.LABU",,True
S1,sma,2026,"SMU NEGERI 1, PAMULANG",,True
S2,univ_s1,0,UNIVERSITAS GADJAH MADA,249.0,False
S2,univ_s1,0,UNIVERSITAS NEGERI YOGYAKARTA,80.0,False
S2,univ_s1,0,UNIVERSITAS ISLAM INDONESIA,53.0,False
S2,univ_s1,0,UNIVERSITAS SEBELAS MARET,40.0,False
S2,univ_s1,0,UNIVERSITAS NUSA CENDANA,34.0,False
S2,univ_s1,0,UNIVERSITAS DIPONEGORO,31.0,False
S2,univ_s1,0,UNIVERSITAS AHMAD DAHLAN,29.0,False
S2,univ_s1,0,UNIVERSITAS AMIKOM YOGYAKARTA,25.0,False
S2,univ_s1,0,UNIVERSITAS SANATA DHARMA,21.0,False
S2,univ_s1,0,UNIVERSITAS NEGERI SEMARANG,20.0,False
S2,univ_s1,0,UNIVERSITAS HASANUDDIN,19.0,False
S2,univ_s1,0,UNIVERSITAS JENDERAL SOEDIRMAN,19.0,False
S2,univ_s1,0,UNIVERSITAS SRIWIJAYA,18.0,False
S2,univ_s1,0,UNIVERSITAS BRAWIJAYA,17.0,False
S2,univ_s1,0,UNIVERSITAS HALU OLEO,17.0,False
S2,univ_s1,0,UNIVERSITAS NEGERI MAKASSAR,17.0,False
S2,univ_s1,0,UNIVERSITAS AIRLANGGA,16.0,False
S2,univ_s1,0,UNIVERSITAS LAMPUNG,15.0,False
S2,univ_s1,0,UNIVERSITAS MUHAMMADIYAH SURAKARTA,15.0,False
S2,univ_s1,0,UNIVERSITAS NEGERI MALANG,15.0,False
S2,univ_s1,0,UNIVERSITAS BENGKULU,14.0,False
S2,univ_s1,0,UNIVERSITAS NEGERI MEDAN,14.0,False
S2,univ_s1,0,INSTITUT PERTANIAN BOGOR,13.0,False
S2,univ_s1,0,INSTITUT TEKNOLOGI BANDUNG,13.0,False
S2,univ_s1,0,INSTITUT TEKNOLOGI SEPULUH NOPEMBER,13.0,False
S2,univ_s1,0,UNIVERSITAS ISLAM NEGERI SUNAN KALIJAGA YOGYAKARTA,12.0,False
S2,univ_s1,0,UNIVERSITAS SYIAH KUALA,12.0,False
S2,univ_s1,0,UNIVERSITAS TEKNOLOGI YOGYAKARTA,12.0,False
S2,univ_s1,0,UNIVERSITAS ANDALAS,11.0,False
S2,univ_s1,0,UNIVERSITAS DIAN NUSWANTORO,11.0,False
S2,univ_s1,0,UNIVERSITAS PATTIMURA,11.0,False
S2,univ_s1,0,UNIVERSITAS TELKOM,11.0,False
S2,univ_s1,0,UNIVERSITAS UDAYANA,11.0,False
S2,univ_s1,0,UNIVERSITAS RIAU,10.0,False
S2,univ_s1,0,UNIVERSITAS SUMATERA UTARA,10.0,False
S2,univ_s1,0,UNIVERSITAS TANJUNGPURA,10.0,False
S2,univ_s1,0,UIN SUNAN KALIJAGA YOGYAKARTA,9.0,False
S2,univ_s1,0,UNIVERSITAS INDONESIA,9.0,False
S2,univ_s1,0,UNIVERSITAS LAMBUNG MANGKURAT,9.0,False
S2,univ_s1,0,UNIVERSITAS NEGERI SURABAYA,9.0,False
S2,univ_s1,0,UNIVERSITAS ATMA JAYA YOGYAKARTA,8.0,False
S2,univ_s1,0,UNIVERSITAS BINA NUSANTARA,8.0,False
S2,univ_s1,0,UNIVERSITAS KRISTEN DUTA WACANA,7.0,False
S2,univ_s1,0,UNIVERSITAS MATARAM,7.0,False
S2,univ_s1,0,UNIVERSITAS MULAWARMAN,7.0,False
S2,univ_s1,0,UNIVERSITAS SULTAN AGENG TIRTAYASA,7.0,False
S2,univ_s1,0,SEKOLAH TINGGI METEOROLOGI KLIMATOLOGI DAN GEOFISIKA,5.0,False
S2,univ_s1,0,UNIVERSITAS ISLAM NEGERI SULTAN SYARIF KASIM RIAU,5.0,False
S2,univ_s1,0,UNIVERSITAS JAMBI,5.0,False
S2,univ_s1,0,UNIVERSITAS JEMBER,5.0,False
S2,univ_s1,0,UNIVERSITAS KRISTEN SATYA WACANA,5.0,False
S2,univ_s1,0,UNIVERSITAS NEGERI PADANG,5.0,False
S2,univ_s1,0,UNIVERSITAS PALANGKA RAYA,5.0,False
S2,univ_s1,0,"UNIVERSITAS PEMBANGUNAN NASIONAL ""VETERAN"" YOGYAKARTA",5.0,False
S2,univ_s1,0,UNIVERSITAS SANATA DHARMA YOGYAKARTA,5.0,False
S2,univ_s1,0,UNIVERSITAS TADULAKO,5.0,False
S2,univ_s1,0,INSTITUT TEKNOLOGI SUMATERA,4.0,False
S2,univ_s1,0,UIN MAULANA MALIK IBRAHIM MALANG,4.0,False
S2,univ_s1,0,UIN SUNAN KALIJAGA,4.0,False
S2,univ_s1,0,UNIVERSITAS ISLAM NEGERI MAULANA MALIK IBRAHIM MALANG,4.0,False
S2,univ_s1,0,UNIVERSITAS ISLAM NEGERI SUNAN KALIJAGA,4.0,False
S2,univ_s1,0,UNIVERSITAS MUHAMMADIYAH MALANG,4.0,False
S2,univ_s1,0,UNIVERSITAS NEGERI MANADO,4.0,False
S2,univ_s1,0,UNIVERSITAS PADJADJARAN,4.0,False
S2,univ_s1,0,UNIVERSITAS PENDIDIKAN INDONESIA,4.0,False
S2,univ_s1,0,UNIVERSITAS TEKNOLOGI DIGITAL INDONESIA,4.0,False
S2,univ_s1,0,INSTITUT TEKNOLOGI KALIMANTAN,3.0,False
S2,univ_s1,0,POLITEKNIK STATISTIKA STIS,3.0,False
S2,univ_s1,0,STMIK AMIK BANDUNG,3.0,False
S2,univ_s1,0,TELKOM UNIVERSITY,3.0,False
S2,univ_s1,0,UNIVERSITAS ISLAM NEGERI ALAUDDIN MAKASSAR,3.0,False
S2,univ_s1,0,UNIVERSITAS ISLAM NEGERI MATARAM,3.0,False
S2,univ_s1,0,UNIVERSITAS KATOLIK WIDYA MANDIRA KUPANG,3.0,False
S2,univ_s1,0,UNIVERSITAS MUHAMMADIYAH RIAU,3.0,False
S2,univ_s1,0,UNIVERSITAS SAM RATULANGI,3.0,False
S2,univ_s1,0,UNIVERSITAS SULAWESI BARAT,3.0,False
S2,univ_s1,0,ABDUL WALI KHAN UNIVERSITY MARADAN,,True
S2,univ_s1,0,AL-SALAHIYAH SECONDARY SCHOOL,,True
S2,univ_s1,0,ALIGARH MUSLIM UNIVERSITY,,True
S2,univ_s1,0,"BAYERO UNIVERSITY, KANO",,True
S2,univ_s1,0,CHENG SHIU UNIVERSITY,,True
S2,univ_s1,0,DEPARTEMEN KIMIA FAKULTAS MIPA UNIVERSITAS GADJAH MADA,,True
S2,univ_s1,0,DILI INSTITUTE OF TECHNOLOGY,,True
S2,univ_s1,0,FAKULTAS MATEMATIKA DAN ILMU PENGETAHUAN ALAM UGM,,True
S2,univ_s1,0,"FAKULTAS MIPA, UNIVERSITAS GADJAH MADA",,True
S2,univ_s1,0,IAIN KEDIRI,,True
S2,univ_s1,0,INSTIPER YOGYAKARTA,,True
S2,univ_s1,0,INSTITUT AGAMA ISLAM TAZKIA,,True
S2,univ_s1,0,INSTITUT BISNIS DAN INFORMATIKA STIKOM SURABAYA,,True
S2,univ_s1,0,INSTITUT BISNIS DAN TEKNOLOGI INDONESIA,,True
S2,univ_s1,0,INSTITUT DIGITAL EKONOMI LPKIA,,True
S2,univ_s1,0,INSTITUT KEUANGAN PERBANKAN DAN INFORMATIKA ASIA PERBANAS,,True
S2,univ_s1,0,INSTITUT PEMERINTAHAN DALAM NEGERI,,True
S2,univ_s1,0,INSTITUT PTIQ JAKARTA,,True
S2,univ_s1,0,INSTITUT SAINS & TEKNOLOGI AKPRIND YOGYAKARTA,,True
S2,univ_s1,0,INSTITUT SAINS DAN TEKNOLOGI AKPRIND YOGYAKARTA,,True
S2,univ_s1,0,INSTITUT SAINS DAN TEKNOLOGI NASIONAL,,True
S2,univ_s1,0,INSTITUT SENI INDONESIA YOGYAKARTA,,True
S2,univ_s1,0,INSTITUT TEKNOLOGI BANDUNG (ITB),,True
S2,univ_s1,0,INSTITUT TEKNOLOGI DAN BISNIS MUHAMMADIYAH PURBALINGGA,,True
S2,univ_s1,0,INSTITUT TEKNOLOGI DAN BISNIS STIKOM BALI,,True
S2,univ_s1,0,INSTITUT TEKNOLOGI DEL,,True
S2,univ_s1,0,INSTITUT TEKNOLOGI DIRGANTARA ADISUTJIPTO,,True
S2,univ_s1,0,INSTITUT TEKNOLOGI NASIONAL MALANG,,True
S2,univ_s1,0,INSTITUT TEKNOLOGI NASIONAL YOGYAKARTA,,True
S2,univ_s1,0,INSTITUT TEKNOLOGI PLN JAKARTA,,True
S2,univ_s1,0,INSTITUT TEKNOLOGI SEPULUH NOPEMBER (ITS),,True
S2,univ_s1,0,INSTITUT TEKNOLOGI SEPULUH NOPEMBER SURABAYA,,True
S2,univ_s1,0,INSTITUT TEKNOLOGI TELKOM PURWOKERTO,,True
S2,univ_s1,0,IPB UNIVERSITY,,True
S2,univ_s1,0,ITB,,True
S2,univ_s1,0,IZMIR INSTITUTE OF TECHNOLOGY,,True
S2,univ_s1,0,JAMIA HAMDARD,,True
S2,univ_s1,0,KIMIA,,True
S2,univ_s1,0,KIMIA FMIPA UGM,,True
S2,univ_s1,0,MAN 2 KUDUS,,True
S2,univ_s1,0,MERCU BUANA YOGYAKARTA,,True
S2,univ_s1,0,NORTH SOUTH UNIVERSITY,,True
S2,univ_s1,0,POLITEKNIK ELEKTRONIKA NEGERI SURABAYA,,True
S2,univ_s1,0,POLITEKNIK NEGERI BANDUNG,,True
S2,univ_s1,0,POLITEKNIK NEGERI BANYUWANGI,,True
S2,univ_s1,0,POLITEKNIK NEGERI JAKARTA,,True
S2,univ_s1,0,POLITEKNIK NEGERI JEMBER,,True
S2,univ_s1,0,POLITEKNIK NEGERI JEMEBR,,True
S2,univ_s1,0,POLITEKNIK NEGERI PADANG,,True
S2,univ_s1,0,POLITEKNIK NEGERI SAMARINDA,,True
S2,univ_s1,0,POLITEKNIK NEGERI SRIWIJAYA,,True
S2,univ_s1,0,POLITEKNIK PERTANIAN NEGERI SAMARINDA,,True
S2,univ_s1,0,POLITEKNIK TEKNOLOGI NUKLIR INDONESIA,,True
S2,univ_s1,0,POLTEKNIK INDUSTRI ATMI CIKARANG,,True
S2,univ_s1,0,RITSUMEIKAN UNIVERSITY,,True
S2,univ_s1,0,SAM RATULANGI,,True
S2,univ_s1,0,SANATA DHARMA,,True
S2,univ_s1,0,SEKOLAH TINGGI ANALIS KIMIA CILEGON,,True
S2,univ_s1,0,SEKOLAH TINGGI MANAJEMENT INFORMATIKA KOMPUTER (STIKOM) UYELINDO KUPANG,,True
S2,univ_s1,0,"SEKOLAH TINGGI MULTI MEDIA ""MMTC"" YOGYAKARTA",,True
S2,univ_s1,0,SEKOLAH TINGGI MULTI MEDIA MMTC,,True
S2,univ_s1,0,SEKOLAH TINGGI TEKNOLOGI CIPASUNG,,True
S2,univ_s1,0,SEKOLAH TINGGI TEKNOLOGI NUKLIR,,True
S2,univ_s1,0,SEKOLAH TINGGI TEKNOLOGI NUKLIR (STTN),,True
S2,univ_s1,0,STIKES MUHAMMADIYAH PEKAJANGAN PEKALONGAN,,True
S2,univ_s1,0,STIKOM MUHAMMADIYAH JAYAPURA,,True
S2,univ_s1,0,STMIK AKAKOM,,True
S2,univ_s1,0,STMIK EL RAHMA YOGYAKARTA,,True
S2,univ_s1,0,STMIK NUSA MANDIRI,,True
S2,univ_s1,0,STMIK SINAR NUSANTARA,,True
S2,univ_s1,0,STTNAS YOGYAKARTA,,True
S2,univ_s1,0,SUNWAY UNIVERSITY,,True
S2,univ_s1,0,TEKNIK ELEKTRO UNIVERSITAS GADJAH MADA,,True
S2,univ_s1,0,"TEKNIK FISIKA, FAKULTAS TEKNIK UGM",,True
S2,univ_s1,0,TOKYO INTERNATIONAL UNIVERSITY,,True
S2,univ_s1,0,UIN ALAUDDIN MAKASSAR,,True
S2,univ_s1,0,UIN IMAM BONJOL PADANG,,True
S2,univ_s1,0,UIN SULTHAN THAHA SAIFUDDIN JAMBI,,True
S2,univ_s1,0,UIN SUNAN GUNUNG DJATI BANDUNG,,True
S2,univ_s1,0,UIN SYARIF HIDAYATULLAH,,True
S2,univ_s1,0,UIN SYARIF HIDAYATULLAH JAKARTA,,True
S2,univ_s1,0,UIN WALISONGO,,True
S2,univ_s1,0,UINIVERSITAS ISLAM NEGERI ALAUDDIN MAKASSAR,,True
S2,univ_s1,0,UNIIVERSITAS AMIKOM YOGYAKARTA,,True
S2,univ_s1,0,UNINVERSITAS AMIKOM YOGYAKARTA,,True
S2,univ_s1,0,UNIVERISTAS GADJAH MADA,,True
S2,univ_s1,0,UNIVERITAS NEGERI YOGYAKARTA,,True
S2,univ_s1,0,UNIVERRSITAS AHMAD DAHLAN,,True
S2,univ_s1,0,UNIVERSIATAS AMIKOM YOGYAKARTA,,True
S2,univ_s1,0,UNIVERSITAN PEMBANGUNAN NASIONAL VETERAN YOGYAKARTA,,True
S2,univ_s1,0,UNIVERSITAS AHMAD DAHLAN YOGYAKARTA,,True
S2,univ_s1,0,UNIVERSITAS AKI,,True
S2,univ_s1,0,UNIVERSITAS AMIKOM PURWOKERTO,,True
S2,univ_s1,0,UNIVERSITAS ARS INTERNASIONAL,,True
S2,univ_s1,0,UNIVERSITAS BANGKA BELITUNG,,True
S2,univ_s1,0,UNIVERSITAS BINA INSAN,,True
S2,univ_s1,0,UNIVERSITAS BUNG HATTA,,True
S2,univ_s1,0,UNIVERSITAS CENDERAWASIH,,True
S2,univ_s1,0,UNIVERSITAS DARUSSALAM AMBON,,True
S2,univ_s1,0,UNIVERSITAS DIPONEGORO SEMARANG,,True
S2,univ_s1,0,UNIVERSITAS GUNADARMA,,True
S2,univ_s1,0,UNIVERSITAS HARAPAN MEDAN,,True
S2,univ_s1,0,UNIVERSITAS INDO GLOBAL MANDIRI,,True
S2,univ_s1,0,UNIVERSITAS ISLAM NEGERI (UIN) SUNAN GUNUNG DJATI BANDUNG,,True
S2,univ_s1,0,UNIVERSITAS ISLAM NEGERI IMAM BONJOL PADANG,,True
S2,univ_s1,0,UNIVERSITAS ISLAM NEGERI MAULANA MALIK IBRAHIM,,True
S2,univ_s1,0,UNIVERSITAS ISLAM NEGERI RADEN INTAN LAMPUNG,,True
S2,univ_s1,0,UNIVERSITAS ISLAM NEGERI SAYYID ALI RAHMATULLAH TULUNGAGUNG,,True
S2,univ_s1,0,UNIVERSITAS ISLAM NEGERI SULTHAN THAHA SAIFUDDIN JAMBI,,True
S2,univ_s1,0,UNIVERSITAS ISLAM NEGERI SUMATERA UTARA,,True
S2,univ_s1,0,UNIVERSITAS ISLAM NEGERI SUMATERA UTARA MEDAN,,True
S2,univ_s1,0,UNIVERSITAS ISLAM NEGERI SUNAN GUNUNG DJATI BANDUNG,,True
S2,univ_s1,0,UNIVERSITAS ISLAM NEGERI SYARIF HIDAYATULLAH,,True
S2,univ_s1,0,UNIVERSITAS ISLAM NEGERI SYARIF HIDAYATULLAH JAKARTA,,True
S2,univ_s1,0,UNIVERSITAS ISLAM NEGERI WALISONGO SEMARANG,,True
S2,univ_s1,0,UNIVERSITAS ISLAM NEGRI MAULANA MALIK IBRAHIM,,True
S2,univ_s1,0,UNIVERSITAS ISLAM SULTAN AGUNG SEMARANG,,True
S2,univ_s1,0,UNIVERSITAS JENDERAL ACHMAD YANI YOGYAKARTA,,True
S2,univ_s1,0,UNIVERSITAS JENDERAL SOEDIRMAN (UNSOED),,True
S2,univ_s1,0,UNIVERSITAS JENDERAL SOEDIRMAN PURWOKERTO,,True
S2,univ_s1,0,UNIVERSITAS KANJURUHAN MALANG,,True
S2,univ_s1,0,UNIVERSITAS KATOLIK SOEGIJAPRANATA,,True
S2,univ_s1,0,UNIVERSITAS KATOLIK WIDYA MANDALA SURABAYA,,True
S2,univ_s1,0,UNIVERSITAS KHAIRUN,,True
S2,univ_s1,0,UNIVERSITAS KOMPUTER INDONESIA,,True
S2,univ_s1,0,UNIVERSITAS KRISTEN PETRA,,True
S2,univ_s1,0,UNIVERSITAS LINTAS INTERNASIONAL INDONESIA,,True
S2,univ_s1,0,UNIVERSITAS MA CHUNG,,True
S2,univ_s1,0,UNIVERSITAS MARITIM RAJA ALI HAJI,,True
S2,univ_s1,0,UNIVERSITAS MATARM,,True
S2,univ_s1,0,UNIVERSITAS MERCU BUANA,,True
S2,univ_s1,0,UNIVERSITAS MERCU BUANA JAKARTA,,True
S2,univ_s1,0,UNIVERSITAS MERCU BUANA YOGYAKARTA,,True
S2,univ_s1,0,UNIVERSITAS MERCUBUANA,,True
S2,univ_s1,0,UNIVERSITAS MERCUBUANA YOGYAKARTA,,True
S2,univ_s1,0,UNIVERSITAS MUAHMMADIYAH PALANGKA RAYA,,True
S2,univ_s1,0,UNIVERSITAS MUHAMMADIYAH PONOROGO,,True
S2,univ_s1,0,UNIVERSITAS MUHAMMADIYAH PONTIANAK,,True
S2,univ_s1,0,UNIVERSITAS MUHAMMADIYAH PROF DR HAMKA,,True
S2,univ_s1,0,UNIVERSITAS MUHAMMADIYAH PURWOKERTO,,True
S2,univ_s1,0,UNIVERSITAS MUHAMMADIYAH SEMARANG,,True
S2,univ_s1,0,UNIVERSITAS MUHAMMADIYAH YOGYAKARTA,,True
S2,univ_s1,0,UNIVERSITAS MURIA KUDUS,,True
S2,univ_s1,0,UNIVERSITAS MUSAMUS,,True
S2,univ_s1,0,UNIVERSITAS MUSLIM INDONESIA,,True
S2,univ_s1,0,UNIVERSITAS NAHDLATUL ULAMA YOGYAKARTA,,True
S2,univ_s1,0,UNIVERSITAS NEGERI JAKARTA,,True
S2,univ_s1,0,UNIVERSITAS NEGERI SEBELAS MARET,,True
S2,univ_s1,0,UNIVERSITAS NEGERI YOGYAKARTA (UNY),,True
S2,univ_s1,0,UNIVERSITAS NEGERI YOGYKARTA,,True
S2,univ_s1,0,UNIVERSITAS NEGRI YOGYAKARTA,,True
S2,univ_s1,0,UNIVERSITAS NUSA CENDANA KUPANG,,True
S2,univ_s1,0,UNIVERSITAS PAMULANG,,True
S2,univ_s1,0,UNIVERSITAS PAPUA,,True
S2,univ_s1,0,UNIVERSITAS PEMBANGUNAN NASIONAL,,True
S2,univ_s1,0,"UNIVERSITAS PEMBANGUNAN NASIONAL ""VETERAN” YOGYAKARTA",,True
S2,univ_s1,0,"UNIVERSITAS PEMBANGUNAN NASIONAL ""VETEREAN"" YOGYAKARTA",,True
S2,univ_s1,0,UNIVERSITAS PEMBANGUNAN NASIONAL VETERAN JAKARTA,,True
S2,univ_s1,0,UNIVERSITAS PEMBANGUNAN NASIONAL VETERAN JAWA TIMUR,,True
S2,univ_s1,0,UNIVERSITAS PEMBANGUNAN NASIONAL VETERAN YOGYAKARTA,,True
S2,univ_s1,0,UNIVERSITAS PEMBANGUNAN NASIONAL “VETERAN” YOGYAKARTA,,True
S2,univ_s1,0,UNIVERSITAS PENDIDIKAN GANESHA,,True
S2,univ_s1,0,UNIVERSITAS PERSATUAN GURU REPUBLIK INDONESIA SEMARANG,,True
S2,univ_s1,0,UNIVERSITAS PGRI MADIUN,,True
S2,univ_s1,0,UNIVERSITAS PGRI YOGYAKARTA,,True
S2,univ_s1,0,UNIVERSITAS RESPATI YOGYAKARTA,,True
S2,univ_s1,0,UNIVERSITAS SAHID JAKARTA,,True
S2,univ_s1,0,UNIVERSITAS SAINS AL-QUR'AN (UNSIQ),,True
S2,univ_s1,0,UNIVERSITAS SAINS ALQURAN,,True
S2,univ_s1,0,UNIVERSITAS SEBELAS MARET (UNS),,True
S2,univ_s1,0,UNIVERSITAS SEBELAS MARET SURAKARTA,,True
S2,univ_s1,0,UNIVERSITAS SEMBILANBELAS NOVEMBER KOLAKA,,True
S2,univ_s1,0,UNIVERSITAS SERANG RAYA,,True
S2,univ_s1,0,UNIVERSITAS SILIWANGI,,True
S2,univ_s1,0,UNIVERSITAS SINGAPERBANGSA KARAWANG,,True
S2,univ_s1,0,UNIVERSITAS SYIAH KUALLA,,True
S2,univ_s1,0,UNIVERSITAS TANJUNGPURA PONTIANAK,,True
S2,univ_s1,0,UNIVERSITAS TEKNOKRAT INDONESIA,,True
S2,univ_s1,0,UNIVERSITAS TEKNOLOGI YOGYAKRTA,,True
S2,univ_s1,0,UNIVERSITAS TELKOM KAMPUS PURWOKERTO,,True
S2,univ_s1,0,UNIVERSITAS TELKOM PURWOKERTO,,True
S2,univ_s1,0,UNIVERSITAS TERBUKA,,True
S2,univ_s1,0,UNIVERSITAS TIDAR,,True
S2,univ_s1,0,UNIVERSITAS TIMOR,,True
S2,univ_s1,0,UNIVERSITAS TRUNOJOYO MADURA,,True
S2,univ_s1,0,UNIVERSITAS WIDYATAMA,,True
S2,univ_s1,0,UNIVERSITAS YAPIS PAPUA,,True
S2,univ_s1,0,UNIVESITAS ISLAM INDONESIA,,True
S2,univ_s1,0,UNIVESITAS MUHAMMADIYAH PURWOKERTO,,True
S2,univ_s1,0,UNIVESITAS SEBELAS MARET SURAKARTA,,True
S2,univ_s1,0,UNIVRSITAS SEBELAS MARET,,True
S2,univ_s1,0,UNY,,True
S2,univ_s1,0,UPN VETERAN YOGYAKARTA,,True
S2,univ_s1,2021,UNIVERSITAS GADJAH MADA,32.0,False
S2,univ_s1,2021,UNIVERSITAS NEGERI YOGYAKARTA,14.0,False
S2,univ_s1,2021,UNIVERSITAS DIPONEGORO,7.0,False
S2,univ_s1,2021,UNIVERSITAS ISLAM INDONESIA,7.0,False
S2,univ_s1,2021,UNIVERSITAS AIRLANGGA,6.0,False
S2,univ_s1,2021,UNIVERSITAS HALU OLEO,4.0,False
S2,univ_s1,2021,UNIVERSITAS AHMAD DAHLAN,3.0,False
S2,univ_s1,2021,UNIVERSITAS AMIKOM YOGYAKARTA,3.0,False
S2,univ_s1,2021,UNIVERSITAS NEGERI SEMARANG,3.0,False
S2,univ_s1,2021,UNIVERSITAS SANATA DHARMA,3.0,False
S2,univ_s1,2021,UNIVERSITAS SRIWIJAYA,3.0,False
S2,univ_s1,2021,UNIVERSITAS SUMATERA UTARA,3.0,False
S2,univ_s1,2021,"BAYERO UNIVERSITY, KANO",,True
S2,univ_s1,2021,DEPARTEMEN KIMIA FAKULTAS MIPA UNIVERSITAS GADJAH MADA,,True
S2,univ_s1,2021,INSTITUT PERTANIAN BOGOR,,True
S2,univ_s1,2021,INSTITUT PTIQ JAKARTA,,True
S2,univ_s1,2021,INSTITUT TEKNOLOGI BANDUNG,,True
S2,univ_s1,2021,INSTITUT TEKNOLOGI DEL,,True
S2,univ_s1,2021,INSTITUT TEKNOLOGI SEPULUH NOPEMBER,,True
S2,univ_s1,2021,INSTITUT TEKNOLOGI SUMATERA,,True
S2,univ_s1,2021,MAN 2 KUDUS,,True
S2,univ_s1,2021,SEKOLAH TINGGI METEOROLOGI KLIMATOLOGI DAN GEOFISIKA,,True
S2,univ_s1,2021,STMIK SINAR NUSANTARA,,True
S2,univ_s1,2021,STTNAS YOGYAKARTA,,True
S2,univ_s1,2021,UNINVERSITAS AMIKOM YOGYAKARTA,,True
S2,univ_s1,2021,UNIVERSITAS ATMA JAYA YOGYAKARTA,,True
S2,univ_s1,2021,UNIVERSITAS BANGKA BELITUNG,,True
S2,univ_s1,2021,UNIVERSITAS BENGKULU,,True
S2,univ_s1,2021,UNIVERSITAS BINA NUSANTARA,,True
S2,univ_s1,2021,UNIVERSITAS BRAWIJAYA,,True
S2,univ_s1,2021,UNIVERSITAS DIAN NUSWANTORO,,True
S2,univ_s1,2021,UNIVERSITAS HASANUDDIN,,True
S2,univ_s1,2021,UNIVERSITAS INDO GLOBAL MANDIRI,,True
S2,univ_s1,2021,UNIVERSITAS ISLAM NEGERI MATARAM,,True
S2,univ_s1,2021,UNIVERSITAS ISLAM NEGERI MAULANA MALIK IBRAHIM MALANG,,True
S2,univ_s1,2021,UNIVERSITAS ISLAM NEGERI SULTAN SYARIF KASIM RIAU,,True
S2,univ_s1,2021,UNIVERSITAS JAMBI,,True
S2,univ_s1,2021,UNIVERSITAS JENDERAL SOEDIRMAN,,True
S2,univ_s1,2021,UNIVERSITAS JENDERAL SOEDIRMAN (UNSOED),,True
S2,univ_s1,2021,UNIVERSITAS KANJURUHAN MALANG,,True
S2,univ_s1,2021,UNIVERSITAS KRISTEN DUTA WACANA,,True
S2,univ_s1,2021,UNIVERSITAS LAMBUNG MANGKURAT,,True
S2,univ_s1,2021,UNIVERSITAS LAMPUNG,,True
S2,univ_s1,2021,UNIVERSITAS MERCUBUANA,,True
S2,univ_s1,2021,UNIVERSITAS MUHAMMADIYAH SURAKARTA,,True
S2,univ_s1,2021,UNIVERSITAS MURIA KUDUS,,True
S2,univ_s1,2021,UNIVERSITAS NEGERI MAKASSAR,,True
S2,univ_s1,2021,UNIVERSITAS NEGERI MALANG,,True
S2,univ_s1,2021,UNIVERSITAS NEGERI MEDAN,,True
S2,univ_s1,2021,UNIVERSITAS NEGERI PADANG,,True
S2,univ_s1,2021,UNIVERSITAS NEGERI SURABAYA,,True
S2,univ_s1,2021,UNIVERSITAS NUSA CENDANA,,True
S2,univ_s1,2021,UNIVERSITAS PATTIMURA,,True
S2,univ_s1,2021,UNIVERSITAS PEMBANGUNAN NASIONAL,,True
S2,univ_s1,2021,UNIVERSITAS SANATA DHARMA YOGYAKARTA,,True
S2,univ_s1,2021,UNIVERSITAS SEBELAS MARET,,True
S2,univ_s1,2021,UNIVERSITAS SEBELAS MARET SURAKARTA,,True
S2,univ_s1,2021,UNIVERSITAS SERANG RAYA,,True
S2,univ_s1,2021,UNIVERSITAS TANJUNGPURA,,True
S2,univ_s1,2021,UNIVERSITAS TEKNOLOGI YOGYAKARTA,,True
S2,univ_s1,2021,UNIVERSITAS TEKNOLOGI YOGYAKRTA,,True
S2,univ_s1,2021,UNIVERSITAS TELKOM,,True
S2,univ_s1,2021,UNIVERSITAS UDAYANA,,True
S2,univ_s1,2021,UNIVESITAS SEBELAS MARET SURAKARTA,,True
S2,univ_s1,2021,UNY,,True
S2,univ_s1,2022,UNIVERSITAS GADJAH MADA,37.0,False
S2,univ_s1,2022,UNIVERSITAS ISLAM INDONESIA,12.0,False
S2,univ_s1,2022,UNIVERSITAS NEGERI YOGYAKARTA,12.0,False
S2,univ_s1,2022,UNIVERSITAS HASANUDDIN,7.0,False
S2,univ_s1,2022,UNIVERSITAS AMIKOM YOGYAKARTA,5.0,False
S2,univ_s1,2022,UNIVERSITAS HALU OLEO,5.0,False
S2,univ_s1,2022,UNIVERSITAS SANATA DHARMA,5.0,False
S2,univ_s1,2022,UNIVERSITAS SEBELAS MARET,5.0,False
S2,univ_s1,2022,INSTITUT TEKNOLOGI BANDUNG,4.0,False
S2,univ_s1,2022,UNIVERSITAS AHMAD DAHLAN,4.0,False
S2,univ_s1,2022,UNIVERSITAS JENDERAL SOEDIRMAN,4.0,False
S2,univ_s1,2022,UNIVERSITAS NEGERI MAKASSAR,4.0,False
S2,univ_s1,2022,UNIVERSITAS NEGERI MALANG,4.0,False
S2,univ_s1,2022,UNIVERSITAS NUSA CENDANA,4.0,False
S2,univ_s1,2022,SEKOLAH TINGGI METEOROLOGI KLIMATOLOGI DAN GEOFISIKA,3.0,False
S2,univ_s1,2022,UNIVERSITAS BENGKULU,3.0,False
S2,univ_s1,2022,UNIVERSITAS DIPONEGORO,3.0,False
S2,univ_s1,2022,UNIVERSITAS LAMPUNG,3.0,False
S2,univ_s1,2022,UNIVERSITAS RIAU,3.0,False
S2,univ_s1,2022,UNIVERSITAS TEKNOLOGI YOGYAKARTA,3.0,False
S2,univ_s1,2022,INSTITUT AGAMA ISLAM TAZKIA,,True
S2,univ_s1,2022,INSTITUT BISNIS DAN INFORMATIKA STIKOM SURABAYA,,True
S2,univ_s1,2022,INSTITUT PERTANIAN BOGOR,,True
S2,univ_s1,2022,INSTITUT SAINS DAN TEKNOLOGI AKPRIND YOGYAKARTA,,True
S2,univ_s1,2022,INSTITUT TEKNOLOGI KALIMANTAN,,True
S2,univ_s1,2022,INSTITUT TEKNOLOGI SEPULUH NOPEMBER,,True
S2,univ_s1,2022,IZMIR INSTITUTE OF TECHNOLOGY,,True
S2,univ_s1,2022,KIMIA FMIPA UGM,,True
S2,univ_s1,2022,POLITEKNIK NEGERI BANDUNG,,True
S2,univ_s1,2022,SANATA DHARMA,,True
S2,univ_s1,2022,SEKOLAH TINGGI MULTI MEDIA MMTC,,True
S2,univ_s1,2022,"TEKNIK FISIKA, FAKULTAS TEKNIK UGM",,True
S2,univ_s1,2022,UIN MAULANA MALIK IBRAHIM MALANG,,True
S2,univ_s1,2022,UIN SUNAN KALIJAGA,,True
S2,univ_s1,2022,UIN SUNAN KALIJAGA YOGYAKARTA,,True
S2,univ_s1,2022,UNIVERSITAS AIRLANGGA,,True
S2,univ_s1,2022,UNIVERSITAS AMIKOM PURWOKERTO,,True
S2,univ_s1,2022,UNIVERSITAS ANDALAS,,True
S2,univ_s1,2022,UNIVERSITAS ARS INTERNASIONAL,,True
S2,univ_s1,2022,UNIVERSITAS BINA NUSANTARA,,True
S2,univ_s1,2022,UNIVERSITAS BRAWIJAYA,,True
S2,univ_s1,2022,UNIVERSITAS DIPONEGORO SEMARANG,,True
S2,univ_s1,2022,UNIVERSITAS ISLAM NEGERI MATARAM,,True
S2,univ_s1,2022,UNIVERSITAS ISLAM NEGERI MAULANA MALIK IBRAHIM,,True
S2,univ_s1,2022,UNIVERSITAS ISLAM NEGERI SUNAN GUNUNG DJATI BANDUNG,,True
S2,univ_s1,2022,UNIVERSITAS ISLAM NEGERI SUNAN KALIJAGA,,True
S2,univ_s1,2022,UNIVERSITAS ISLAM NEGERI SUNAN KALIJAGA YOGYAKARTA,,True
S2,univ_s1,2022,UNIVERSITAS ISLAM NEGERI SYARIF HIDAYATULLAH,,True
S2,univ_s1,2022,UNIVERSITAS ISLAM NEGERI SYARIF HIDAYATULLAH JAKARTA,,True
S2,univ_s1,2022,UNIVERSITAS JAMBI,,True
S2,univ_s1,2022,UNIVERSITAS JEMBER,,True
S2,univ_s1,2022,UNIVERSITAS JENDERAL SOEDIRMAN PURWOKERTO,,True
S2,univ_s1,2022,UNIVERSITAS KHAIRUN,,True
S2,univ_s1,2022,UNIVERSITAS KRISTEN DUTA WACANA,,True
S2,univ_s1,2022,UNIVERSITAS LAMBUNG MANGKURAT,,True
S2,univ_s1,2022,UNIVERSITAS MATARAM,,True
S2,univ_s1,2022,UNIVERSITAS MUHAMMADIYAH MALANG,,True
S2,univ_s1,2022,UNIVERSITAS MUHAMMADIYAH RIAU,,True
S2,univ_s1,2022,UNIVERSITAS MULAWARMAN,,True
S2,univ_s1,2022,UNIVERSITAS MUSLIM INDONESIA,,True
S2,univ_s1,2022,UNIVERSITAS NEGERI MEDAN,,True
S2,univ_s1,2022,UNIVERSITAS NEGERI SEMARANG,,True
S2,univ_s1,2022,UNIVERSITAS NEGERI SURABAYA,,True
S2,univ_s1,2022,UNIVERSITAS PADJADJARAN,,True
S2,univ_s1,2022,UNIVERSITAS PALANGKA RAYA,,True
S2,univ_s1,2022,UNIVERSITAS PATTIMURA,,True
S2,univ_s1,2022,UNIVERSITAS PENDIDIKAN GANESHA,,True
S2,univ_s1,2022,UNIVERSITAS PENDIDIKAN INDONESIA,,True
S2,univ_s1,2022,UNIVERSITAS RESPATI YOGYAKARTA,,True
S2,univ_s1,2022,UNIVERSITAS SAINS ALQURAN,,True
S2,univ_s1,2022,UNIVERSITAS SANATA DHARMA YOGYAKARTA,,True
S2,univ_s1,2022,UNIVERSITAS SEMBILANBELAS NOVEMBER KOLAKA,,True
S2,univ_s1,2022,UNIVERSITAS SRIWIJAYA,,True
S2,univ_s1,2022,UNIVERSITAS SULTAN AGENG TIRTAYASA,,True
S2,univ_s1,2022,UNIVERSITAS SYIAH KUALLA,,True
S2,univ_s1,2022,UNIVERSITAS TANJUNGPURA,,True
S2,univ_s1,2022,UNIVERSITAS TEKNOKRAT INDONESIA,,True
S2,univ_s1,2022,UNIVERSITAS TELKOM,,True
S2,univ_s1,2022,UNIVERSITAS UDAYANA,,True
S2,univ_s1,2022,UPN VETERAN YOGYAKARTA,,True
S2,univ_s1,2023,UNIVERSITAS GADJAH MADA,47.0,False
S2,univ_s1,2023,UNIVERSITAS NEGERI YOGYAKARTA,18.0,False
S2,univ_s1,2023,UNIVERSITAS ISLAM INDONESIA,13.0,False
S2,univ_s1,2023,UNIVERSITAS NUSA CENDANA,10.0,False
S2,univ_s1,2023,UNIVERSITAS SEBELAS MARET,10.0,False
S2,univ_s1,2023,UNIVERSITAS AHMAD DAHLAN,5.0,False
S2,univ_s1,2023,UNIVERSITAS MUHAMMADIYAH SURAKARTA,5.0,False
S2,univ_s1,2023,UNIVERSITAS SYIAH KUALA,5.0,False
S2,univ_s1,2023,INSTITUT TEKNOLOGI SEPULUH NOPEMBER,4.0,False
S2,univ_s1,2023,UNIVERSITAS DIPONEGORO,4.0,False
S2,univ_s1,2023,UNIVERSITAS INDONESIA,4.0,False
S2,univ_s1,2023,UNIVERSITAS ISLAM NEGERI SUNAN KALIJAGA YOGYAKARTA,4.0,False
S2,univ_s1,2023,UNIVERSITAS LAMPUNG,4.0,False
S2,univ_s1,2023,UNIVERSITAS TELKOM,4.0,False
S2,univ_s1,2023,UNIVERSITAS UDAYANA,4.0,False
S2,univ_s1,2023,UNIVERSITAS AIRLANGGA,3.0,False
S2,univ_s1,2023,UNIVERSITAS ANDALAS,3.0,False
S2,univ_s1,2023,UNIVERSITAS ATMA JAYA YOGYAKARTA,3.0,False
S2,univ_s1,2023,UNIVERSITAS BINA NUSANTARA,3.0,False
S2,univ_s1,2023,UNIVERSITAS DIAN NUSWANTORO,3.0,False
S2,univ_s1,2023,UNIVERSITAS HASANUDDIN,3.0,False
S2,univ_s1,2023,UNIVERSITAS LAMBUNG MANGKURAT,3.0,False
S2,univ_s1,2023,UNIVERSITAS MATARAM,3.0,False
S2,univ_s1,2023,UNIVERSITAS MUHAMMADIYAH MALANG,3.0,False
S2,univ_s1,2023,UNIVERSITAS NEGERI MAKASSAR,3.0,False
S2,univ_s1,2023,UNIVERSITAS NEGERI MANADO,3.0,False
S2,univ_s1,2023,UNIVERSITAS NEGERI MEDAN,3.0,False
S2,univ_s1,2023,UNIVERSITAS NEGERI SEMARANG,3.0,False
S2,univ_s1,2023,UNIVERSITAS SANATA DHARMA,3.0,False
S2,univ_s1,2023,UNIVERSITAS SANATA DHARMA YOGYAKARTA,3.0,False
S2,univ_s1,2023,UNIVERSITAS SRIWIJAYA,3.0,False
S2,univ_s1,2023,UNIVERSITAS TANJUNGPURA,3.0,False
S2,univ_s1,2023,IAIN KEDIRI,,True
S2,univ_s1,2023,INSTITUT DIGITAL EKONOMI LPKIA,,True
S2,univ_s1,2023,INSTITUT PERTANIAN BOGOR,,True
S2,univ_s1,2023,INSTITUT TEKNOLOGI NASIONAL MALANG,,True
S2,univ_s1,2023,INSTITUT TEKNOLOGI PLN JAKARTA,,True
S2,univ_s1,2023,INSTITUT TEKNOLOGI TELKOM PURWOKERTO,,True
S2,univ_s1,2023,MERCU BUANA YOGYAKARTA,,True
S2,univ_s1,2023,POLITEKNIK NEGERI JAKARTA,,True
S2,univ_s1,2023,POLITEKNIK NEGERI PADANG,,True
S2,univ_s1,2023,POLITEKNIK NEGERI SRIWIJAYA,,True
S2,univ_s1,2023,POLITEKNIK PERTANIAN NEGERI SAMARINDA,,True
S2,univ_s1,2023,POLITEKNIK TEKNOLOGI NUKLIR INDONESIA,,True
S2,univ_s1,2023,SAM RATULANGI,,True
S2,univ_s1,2023,SEKOLAH TINGGI METEOROLOGI KLIMATOLOGI DAN GEOFISIKA,,True
S2,univ_s1,2023,SEKOLAH TINGGI TEKNOLOGI NUKLIR (STTN),,True
S2,univ_s1,2023,STMIK AMIK BANDUNG,,True
S2,univ_s1,2023,STMIK EL RAHMA YOGYAKARTA,,True
S2,univ_s1,2023,STMIK NUSA MANDIRI,,True
S2,univ_s1,2023,TELKOM UNIVERSITY,,True
S2,univ_s1,2023,UIN MAULANA MALIK IBRAHIM MALANG,,True
S2,univ_s1,2023,UIN SUNAN KALIJAGA,,True
S2,univ_s1,2023,UNIVERITAS NEGERI YOGYAKARTA,,True
S2,univ_s1,2023,UNIVERRSITAS AHMAD DAHLAN,,True
S2,univ_s1,2023,UNIVERSITAN PEMBANGUNAN NASIONAL VETERAN YOGYAKARTA,,True
S2,univ_s1,2023,UNIVERSITAS AHMAD DAHLAN YOGYAKARTA,,True
S2,univ_s1,2023,UNIVERSITAS AMIKOM PURWOKERTO,,True
S2,univ_s1,2023,UNIVERSITAS AMIKOM YOGYAKARTA,,True
S2,univ_s1,2023,UNIVERSITAS BENGKULU,,True
S2,univ_s1,2023,UNIVERSITAS BINA INSAN,,True
S2,univ_s1,2023,UNIVERSITAS BRAWIJAYA,,True
S2,univ_s1,2023,UNIVERSITAS ISLAM NEGERI (UIN) SUNAN GUNUNG DJATI BANDUNG,,True
S2,univ_s1,2023,UNIVERSITAS ISLAM NEGERI MATARAM,,True
S2,univ_s1,2023,UNIVERSITAS ISLAM NEGERI MAULANA MALIK IBRAHIM,,True
S2,univ_s1,2023,UNIVERSITAS ISLAM NEGERI MAULANA MALIK IBRAHIM MALANG,,True
S2,univ_s1,2023,UNIVERSITAS ISLAM NEGERI SULTAN SYARIF KASIM RIAU,,True
S2,univ_s1,2023,UNIVERSITAS ISLAM NEGERI SUMATERA UTARA MEDAN,,True
S2,univ_s1,2023,UNIVERSITAS ISLAM NEGRI MAULANA MALIK IBRAHIM,,True
S2,univ_s1,2023,UNIVERSITAS ISLAM SULTAN AGUNG SEMARANG,,True
S2,univ_s1,2023,UNIVERSITAS JAMBI,,True
S2,univ_s1,2023,UNIVERSITAS JEMBER,,True
S2,univ_s1,2023,UNIVERSITAS JENDERAL ACHMAD YANI YOGYAKARTA,,True
S2,univ_s1,2023,UNIVERSITAS JENDERAL SOEDIRMAN,,True
S2,univ_s1,2023,UNIVERSITAS JENDERAL SOEDIRMAN PURWOKERTO,,True
S2,univ_s1,2023,UNIVERSITAS KATOLIK WIDYA MANDALA SURABAYA,,True
S2,univ_s1,2023,UNIVERSITAS KOMPUTER INDONESIA,,True
S2,univ_s1,2023,UNIVERSITAS KRISTEN DUTA WACANA,,True
S2,univ_s1,2023,UNIVERSITAS KRISTEN SATYA WACANA,,True
S2,univ_s1,2023,UNIVERSITAS LINTAS INTERNASIONAL INDONESIA,,True
S2,univ_s1,2023,UNIVERSITAS MERCU BUANA,,True
S2,univ_s1,2023,UNIVERSITAS MERCU BUANA YOGYAKARTA,,True
S2,univ_s1,2023,UNIVERSITAS MERCUBUANA YOGYAKARTA,,True
S2,univ_s1,2023,UNIVERSITAS MUHAMMADIYAH PONOROGO,,True
S2,univ_s1,2023,UNIVERSITAS MUHAMMADIYAH RIAU,,True
S2,univ_s1,2023,UNIVERSITAS MULAWARMAN,,True
S2,univ_s1,2023,UNIVERSITAS NEGERI SEBELAS MARET,,True
S2,univ_s1,2023,UNIVERSITAS NUSA CENDANA KUPANG,,True
S2,univ_s1,2023,UNIVERSITAS PALANGKA RAYA,,True
S2,univ_s1,2023,UNIVERSITAS PAMULANG,,True
S2,univ_s1,2023,UNIVERSITAS PATTIMURA,,True
S2,univ_s1,2023,"UNIVERSITAS PEMBANGUNAN NASIONAL ""VETERAN"" YOGYAKARTA",,True
S2,univ_s1,2023,UNIVERSITAS PENDIDIKAN GANESHA,,True
S2,univ_s1,2023,UNIVERSITAS PGRI YOGYAKARTA,,True
S2,univ_s1,2023,UNIVERSITAS RIAU,,True
S2,univ_s1,2023,UNIVERSITAS SUMATERA UTARA,,True
S2,univ_s1,2023,UNIVERSITAS TADULAKO,,True
S2,univ_s1,2023,UNIVERSITAS TANJUNGPURA PONTIANAK,,True
S2,univ_s1,2023,UNIVERSITAS TEKNOLOGI DIGITAL INDONESIA,,True
S2,univ_s1,2023,UNIVERSITAS TEKNOLOGI YOGYAKARTA,,True
S2,univ_s1,2023,UNIVERSITAS YAPIS PAPUA,,True
S2,univ_s1,2023,UNIVRSITAS SEBELAS MARET,,True
S2,univ_s1,2024,UNIVERSITAS GADJAH MADA,47.0,False
S2,univ_s1,2024,UNIVERSITAS NEGERI YOGYAKARTA,15.0,False
S2,univ_s1,2024,UNIVERSITAS SEBELAS MARET,9.0,False
S2,univ_s1,2024,UNIVERSITAS AMIKOM YOGYAKARTA,7.0,False
S2,univ_s1,2024,UNIVERSITAS DIPONEGORO,7.0,False
S2,univ_s1,2024,UNIVERSITAS NUSA CENDANA,7.0,False
S2,univ_s1,2024,UNIVERSITAS NEGERI SEMARANG,6.0,False
S2,univ_s1,2024,UNIVERSITAS SRIWIJAYA,6.0,False
S2,univ_s1,2024,UNIVERSITAS AHMAD DAHLAN,5.0,False
S2,univ_s1,2024,UNIVERSITAS BRAWIJAYA,5.0,False
S2,univ_s1,2024,UNIVERSITAS HALU OLEO,5.0,False
S2,univ_s1,2024,UNIVERSITAS ISLAM INDONESIA,5.0,False
S2,univ_s1,2024,INSTITUT PERTANIAN BOGOR,4.0,False
S2,univ_s1,2024,UNIVERSITAS AIRLANGGA,4.0,False
S2,univ_s1,2024,UNIVERSITAS ATMA JAYA YOGYAKARTA,4.0,False
S2,univ_s1,2024,UNIVERSITAS BENGKULU,4.0,False
S2,univ_s1,2024,UNIVERSITAS LAMPUNG,4.0,False
S2,univ_s1,2024,UNIVERSITAS TEKNOLOGI YOGYAKARTA,4.0,False
S2,univ_s1,2024,INSTITUT TEKNOLOGI BANDUNG,3.0,False
S2,univ_s1,2024,UNIVERSITAS JENDERAL SOEDIRMAN,3.0,False
S2,univ_s1,2024,UNIVERSITAS MUHAMMADIYAH SURAKARTA,3.0,False
S2,univ_s1,2024,UNIVERSITAS MULAWARMAN,3.0,False
S2,univ_s1,2024,UNIVERSITAS NEGERI MAKASSAR,3.0,False
S2,univ_s1,2024,UNIVERSITAS NEGERI SURABAYA,3.0,False
S2,univ_s1,2024,UNIVERSITAS SANATA DHARMA,3.0,False
S2,univ_s1,2024,UNIVERSITAS TADULAKO,3.0,False
S2,univ_s1,2024,FAKULTAS MATEMATIKA DAN ILMU PENGETAHUAN ALAM UGM,,True
S2,univ_s1,2024,INSTITUT BISNIS DAN TEKNOLOGI INDONESIA,,True
S2,univ_s1,2024,INSTITUT KEUANGAN PERBANKAN DAN INFORMATIKA ASIA PERBANAS,,True
S2,univ_s1,2024,INSTITUT SAINS DAN TEKNOLOGI NASIONAL,,True
S2,univ_s1,2024,INSTITUT SENI INDONESIA YOGYAKARTA,,True
S2,univ_s1,2024,INSTITUT TEKNOLOGI DAN BISNIS STIKOM BALI,,True
S2,univ_s1,2024,INSTITUT TEKNOLOGI SEPULUH NOPEMBER,,True
S2,univ_s1,2024,INSTITUT TEKNOLOGI SEPULUH NOPEMBER (ITS),,True
S2,univ_s1,2024,INSTITUT TEKNOLOGI SUMATERA,,True
S2,univ_s1,2024,KIMIA,,True
S2,univ_s1,2024,NORTH SOUTH UNIVERSITY,,True
S2,univ_s1,2024,POLITEKNIK NEGERI PADANG,,True
S2,univ_s1,2024,POLITEKNIK STATISTIKA STIS,,True
S2,univ_s1,2024,SEKOLAH TINGGI TEKNOLOGI NUKLIR,,True
S2,univ_s1,2024,STMIK AKAKOM,,True
S2,univ_s1,2024,SUNWAY UNIVERSITY,,True
S2,univ_s1,2024,TELKOM UNIVERSITY,,True
S2,univ_s1,2024,UIN ALAUDDIN MAKASSAR,,True
S2,univ_s1,2024,UIN SUNAN KALIJAGA YOGYAKARTA,,True
S2,univ_s1,2024,UIN WALISONGO,,True
S2,univ_s1,2024,UNIIVERSITAS AMIKOM YOGYAKARTA,,True
S2,univ_s1,2024,UNIVERSIATAS AMIKOM YOGYAKARTA,,True
S2,univ_s1,2024,UNIVERSITAS ANDALAS,,True
S2,univ_s1,2024,UNIVERSITAS BUNG HATTA,,True
S2,univ_s1,2024,UNIVERSITAS DIAN NUSWANTORO,,True
S2,univ_s1,2024,UNIVERSITAS HASANUDDIN,,True
S2,univ_s1,2024,UNIVERSITAS INDONESIA,,True
S2,univ_s1,2024,UNIVERSITAS ISLAM NEGERI ALAUDDIN MAKASSAR,,True
S2,univ_s1,2024,UNIVERSITAS ISLAM NEGERI MAULANA MALIK IBRAHIM MALANG,,True
S2,univ_s1,2024,UNIVERSITAS ISLAM NEGERI SUMATERA UTARA MEDAN,,True
S2,univ_s1,2024,UNIVERSITAS ISLAM NEGERI SUNAN KALIJAGA,,True
S2,univ_s1,2024,UNIVERSITAS ISLAM NEGERI SUNAN KALIJAGA YOGYAKARTA,,True
S2,univ_s1,2024,UNIVERSITAS ISLAM NEGERI WALISONGO SEMARANG,,True
S2,univ_s1,2024,UNIVERSITAS JEMBER,,True
S2,univ_s1,2024,UNIVERSITAS KATOLIK SOEGIJAPRANATA,,True
S2,univ_s1,2024,UNIVERSITAS KATOLIK WIDYA MANDIRA KUPANG,,True
S2,univ_s1,2024,UNIVERSITAS KRISTEN DUTA WACANA,,True
S2,univ_s1,2024,UNIVERSITAS KRISTEN SATYA WACANA,,True
S2,univ_s1,2024,UNIVERSITAS LAMBUNG MANGKURAT,,True
S2,univ_s1,2024,UNIVERSITAS MATARAM,,True
S2,univ_s1,2024,UNIVERSITAS MATARM,,True
S2,univ_s1,2024,UNIVERSITAS MUHAMMADIYAH PROF DR HAMKA,,True
S2,univ_s1,2024,UNIVERSITAS MUHAMMADIYAH SEMARANG,,True
S2,univ_s1,2024,UNIVERSITAS MUHAMMADIYAH YOGYAKARTA,,True
S2,univ_s1,2024,UNIVERSITAS MUSAMUS,,True
S2,univ_s1,2024,UNIVERSITAS NEGERI MALANG,,True
S2,univ_s1,2024,UNIVERSITAS NEGERI MANADO,,True
S2,univ_s1,2024,UNIVERSITAS NEGERI MEDAN,,True
S2,univ_s1,2024,UNIVERSITAS PADJADJARAN,,True
S2,univ_s1,2024,UNIVERSITAS PALANGKA RAYA,,True
S2,univ_s1,2024,UNIVERSITAS PAPUA,,True
S2,univ_s1,2024,UNIVERSITAS PATTIMURA,,True
S2,univ_s1,2024,UNIVERSITAS PEMBANGUNAN NASIONAL,,True
S2,univ_s1,2024,"UNIVERSITAS PEMBANGUNAN NASIONAL ""VETERAN"" YOGYAKARTA",,True
S2,univ_s1,2024,UNIVERSITAS PEMBANGUNAN NASIONAL VETERAN YOGYAKARTA,,True
S2,univ_s1,2024,UNIVERSITAS PENDIDIKAN INDONESIA,,True
S2,univ_s1,2024,UNIVERSITAS PGRI MADIUN,,True
S2,univ_s1,2024,UNIVERSITAS RIAU,,True
S2,univ_s1,2024,UNIVERSITAS SILIWANGI,,True
S2,univ_s1,2024,UNIVERSITAS SULAWESI BARAT,,True
S2,univ_s1,2024,UNIVERSITAS SULTAN AGENG TIRTAYASA,,True
S2,univ_s1,2024,UNIVERSITAS SYIAH KUALA,,True
S2,univ_s1,2024,UNIVERSITAS TANJUNGPURA,,True
S2,univ_s1,2024,UNIVERSITAS TEKNOLOGI DIGITAL INDONESIA,,True
S2,univ_s1,2024,UNIVERSITAS TIDAR,,True
S2,univ_s1,2024,UNIVERSITAS TIMOR,,True
S2,univ_s1,2024,UNIVERSITAS TRUNOJOYO MADURA,,True
S2,univ_s1,2024,UNIVESITAS ISLAM INDONESIA,,True
S2,univ_s1,2024,UNIVESITAS MUHAMMADIYAH PURWOKERTO,,True
S2,univ_s1,2025,UNIVERSITAS GADJAH MADA,39.0,False
S2,univ_s1,2025,UNIVERSITAS NEGERI YOGYAKARTA,13.0,False
S2,univ_s1,2025,UNIVERSITAS ISLAM INDONESIA,10.0,False
S2,univ_s1,2025,UNIVERSITAS SEBELAS MARET,9.0,False
S2,univ_s1,2025,UNIVERSITAS NUSA CENDANA,8.0,False
S2,univ_s1,2025,UNIVERSITAS DIPONEGORO,7.0,False
S2,univ_s1,2025,UNIVERSITAS AHMAD DAHLAN,6.0,False
S2,univ_s1,2025,UNIVERSITAS NEGERI MALANG,5.0,False
S2,univ_s1,2025,UNIVERSITAS NEGERI SEMARANG,5.0,False
S2,univ_s1,2025,UNIVERSITAS TELKOM,5.0,False
S2,univ_s1,2025,UNIVERSITAS AMIKOM YOGYAKARTA,4.0,False
S2,univ_s1,2025,UNIVERSITAS ANDALAS,4.0,False
S2,univ_s1,2025,UNIVERSITAS JENDERAL SOEDIRMAN,4.0,False
S2,univ_s1,2025,UNIVERSITAS SRIWIJAYA,4.0,False
S2,univ_s1,2025,UNIVERSITAS SULTAN AGENG TIRTAYASA,4.0,False
S2,univ_s1,2025,UNIVERSITAS UDAYANA,4.0,False
S2,univ_s1,2025,UIN SUNAN KALIJAGA YOGYAKARTA,3.0,False
S2,univ_s1,2025,UNIVERSITAS BENGKULU,3.0,False
S2,univ_s1,2025,UNIVERSITAS BRAWIJAYA,3.0,False
S2,univ_s1,2025,UNIVERSITAS DIAN NUSWANTORO,3.0,False
S2,univ_s1,2025,UNIVERSITAS HASANUDDIN,3.0,False
S2,univ_s1,2025,UNIVERSITAS INDONESIA,3.0,False
S2,univ_s1,2025,UNIVERSITAS ISLAM NEGERI SUNAN KALIJAGA YOGYAKARTA,3.0,False
S2,univ_s1,2025,UNIVERSITAS MUHAMMADIYAH SURAKARTA,3.0,False
S2,univ_s1,2025,UNIVERSITAS NEGERI MEDAN,3.0,False
S2,univ_s1,2025,UNIVERSITAS SANATA DHARMA,3.0,False
S2,univ_s1,2025,ALIGARH MUSLIM UNIVERSITY,,True
S2,univ_s1,2025,CHENG SHIU UNIVERSITY,,True
S2,univ_s1,2025,"FAKULTAS MIPA, UNIVERSITAS GADJAH MADA",,True
S2,univ_s1,2025,INSTITUT PERTANIAN BOGOR,,True
S2,univ_s1,2025,INSTITUT SAINS & TEKNOLOGI AKPRIND YOGYAKARTA,,True
S2,univ_s1,2025,INSTITUT TEKNOLOGI BANDUNG,,True
S2,univ_s1,2025,INSTITUT TEKNOLOGI DIRGANTARA ADISUTJIPTO,,True
S2,univ_s1,2025,INSTITUT TEKNOLOGI KALIMANTAN,,True
S2,univ_s1,2025,INSTITUT TEKNOLOGI NASIONAL MALANG,,True
S2,univ_s1,2025,INSTITUT TEKNOLOGI NASIONAL YOGYAKARTA,,True
S2,univ_s1,2025,INSTITUT TEKNOLOGI SEPULUH NOPEMBER,,True
S2,univ_s1,2025,INSTITUT TEKNOLOGI SEPULUH NOPEMBER SURABAYA,,True
S2,univ_s1,2025,IPB UNIVERSITY,,True
S2,univ_s1,2025,ITB,,True
S2,univ_s1,2025,JAMIA HAMDARD,,True
S2,univ_s1,2025,POLITEKNIK ELEKTRONIKA NEGERI SURABAYA,,True
S2,univ_s1,2025,POLITEKNIK NEGERI BANYUWANGI,,True
S2,univ_s1,2025,POLITEKNIK NEGERI JEMBER,,True
S2,univ_s1,2025,POLITEKNIK NEGERI JEMEBR,,True
S2,univ_s1,2025,POLITEKNIK TEKNOLOGI NUKLIR INDONESIA,,True
S2,univ_s1,2025,POLTEKNIK INDUSTRI ATMI CIKARANG,,True
S2,univ_s1,2025,RITSUMEIKAN UNIVERSITY,,True
S2,univ_s1,2025,SEKOLAH TINGGI MANAJEMENT INFORMATIKA KOMPUTER (STIKOM) UYELINDO KUPANG,,True
S2,univ_s1,2025,"SEKOLAH TINGGI MULTI MEDIA ""MMTC"" YOGYAKARTA",,True
S2,univ_s1,2025,SEKOLAH TINGGI TEKNOLOGI CIPASUNG,,True
S2,univ_s1,2025,STIKES MUHAMMADIYAH PEKAJANGAN PEKALONGAN,,True
S2,univ_s1,2025,STIKOM MUHAMMADIYAH JAYAPURA,,True
S2,univ_s1,2025,TEKNIK ELEKTRO UNIVERSITAS GADJAH MADA,,True
S2,univ_s1,2025,UIN ALAUDDIN MAKASSAR,,True
S2,univ_s1,2025,UIN IMAM BONJOL PADANG,,True
S2,univ_s1,2025,UIN MAULANA MALIK IBRAHIM MALANG,,True
S2,univ_s1,2025,UIN SUNAN KALIJAGA,,True
S2,univ_s1,2025,UIN SYARIF HIDAYATULLAH,,True
S2,univ_s1,2025,UIN SYARIF HIDAYATULLAH JAKARTA,,True
S2,univ_s1,2025,UNIVERSITAS AIRLANGGA,,True
S2,univ_s1,2025,UNIVERSITAS AKI,,True
S2,univ_s1,2025,UNIVERSITAS BANGKA BELITUNG,,True
S2,univ_s1,2025,UNIVERSITAS BINA NUSANTARA,,True
S2,univ_s1,2025,UNIVERSITAS GUNADARMA,,True
S2,univ_s1,2025,UNIVERSITAS HALU OLEO,,True
S2,univ_s1,2025,UNIVERSITAS HARAPAN MEDAN,,True
S2,univ_s1,2025,UNIVERSITAS ISLAM NEGERI ALAUDDIN MAKASSAR,,True
S2,univ_s1,2025,UNIVERSITAS ISLAM NEGERI SAYYID ALI RAHMATULLAH TULUNGAGUNG,,True
S2,univ_s1,2025,UNIVERSITAS ISLAM NEGERI SULTAN SYARIF KASIM RIAU,,True
S2,univ_s1,2025,UNIVERSITAS ISLAM NEGERI SULTHAN THAHA SAIFUDDIN JAMBI,,True
S2,univ_s1,2025,UNIVERSITAS ISLAM NEGERI SUNAN GUNUNG DJATI BANDUNG,,True
S2,univ_s1,2025,UNIVERSITAS ISLAM NEGERI SUNAN KALIJAGA,,True
S2,univ_s1,2025,UNIVERSITAS JEMBER,,True
S2,univ_s1,2025,UNIVERSITAS KATOLIK SOEGIJAPRANATA,,True
S2,univ_s1,2025,UNIVERSITAS KATOLIK WIDYA MANDIRA KUPANG,,True
S2,univ_s1,2025,UNIVERSITAS KHAIRUN,,True
S2,univ_s1,2025,UNIVERSITAS KRISTEN DUTA WACANA,,True
S2,univ_s1,2025,UNIVERSITAS KRISTEN PETRA,,True
S2,univ_s1,2025,UNIVERSITAS KRISTEN SATYA WACANA,,True
S2,univ_s1,2025,UNIVERSITAS LAMBUNG MANGKURAT,,True
S2,univ_s1,2025,UNIVERSITAS LAMPUNG,,True
S2,univ_s1,2025,UNIVERSITAS MA CHUNG,,True
S2,univ_s1,2025,UNIVERSITAS MERCU BUANA JAKARTA,,True
S2,univ_s1,2025,UNIVERSITAS MUAHMMADIYAH PALANGKA RAYA,,True
S2,univ_s1,2025,UNIVERSITAS MUHAMMADIYAH PURWOKERTO,,True
S2,univ_s1,2025,UNIVERSITAS MUHAMMADIYAH SEMARANG,,True
S2,univ_s1,2025,UNIVERSITAS NEGERI JAKARTA,,True
S2,univ_s1,2025,UNIVERSITAS NEGERI MAKASSAR,,True
S2,univ_s1,2025,UNIVERSITAS NEGERI PADANG,,True
S2,univ_s1,2025,UNIVERSITAS NEGERI SURABAYA,,True
S2,univ_s1,2025,UNIVERSITAS PADJADJARAN,,True
S2,univ_s1,2025,UNIVERSITAS PAMULANG,,True
S2,univ_s1,2025,UNIVERSITAS PATTIMURA,,True
S2,univ_s1,2025,"UNIVERSITAS PEMBANGUNAN NASIONAL ""VETEREAN"" YOGYAKARTA",,True
S2,univ_s1,2025,UNIVERSITAS PEMBANGUNAN NASIONAL VETERAN JAKARTA,,True
S2,univ_s1,2025,UNIVERSITAS PEMBANGUNAN NASIONAL “VETERAN” YOGYAKARTA,,True
S2,univ_s1,2025,UNIVERSITAS PENDIDIKAN INDONESIA,,True
S2,univ_s1,2025,UNIVERSITAS RIAU,,True
S2,univ_s1,2025,UNIVERSITAS SAM RATULANGI,,True
S2,univ_s1,2025,UNIVERSITAS SEBELAS MARET (UNS),,True
S2,univ_s1,2025,UNIVERSITAS SINGAPERBANGSA KARAWANG,,True
S2,univ_s1,2025,UNIVERSITAS SUMATERA UTARA,,True
S2,univ_s1,2025,UNIVERSITAS SYIAH KUALA,,True
S2,univ_s1,2025,UNIVERSITAS TANJUNGPURA,,True
S2,univ_s1,2025,UNIVERSITAS TEKNOLOGI YOGYAKARTA,,True
S2,univ_s1,2025,UNIVERSITAS TELKOM KAMPUS PURWOKERTO,,True
S2,univ_s1,2025,UNIVERSITAS TELKOM PURWOKERTO,,True
S2,univ_s1,2025,UNIVERSITAS TERBUKA,,True
S2,univ_s1,2025,UNIVERSITAS TIMOR,,True
S2,univ_s1,2025,UNIVERSITAS WIDYATAMA,,True
S2,univ_s1,2026,UNIVERSITAS GADJAH MADA,47.0,False
S2,univ_s1,2026,UNIVERSITAS NEGERI YOGYAKARTA,8.0,False
S2,univ_s1,2026,UNIVERSITAS AHMAD DAHLAN,6.0,False
S2,univ_s1,2026,UNIVERSITAS ISLAM INDONESIA,6.0,False
S2,univ_s1,2026,UNIVERSITAS AMIKOM YOGYAKARTA,5.0,False
S2,univ_s1,2026,UNIVERSITAS BRAWIJAYA,5.0,False
S2,univ_s1,2026,UNIVERSITAS SEBELAS MARET,5.0,False
S2,univ_s1,2026,UNIVERSITAS JENDERAL SOEDIRMAN,4.0,False
S2,univ_s1,2026,UNIVERSITAS NEGERI MAKASSAR,4.0,False
S2,univ_s1,2026,UNIVERSITAS NUSA CENDANA,4.0,False
S2,univ_s1,2026,UNIVERSITAS PATTIMURA,4.0,False
S2,univ_s1,2026,UNIVERSITAS SANATA DHARMA,4.0,False
S2,univ_s1,2026,UNIVERSITAS SYIAH KUALA,4.0,False
S2,univ_s1,2026,INSTITUT PERTANIAN BOGOR,3.0,False
S2,univ_s1,2026,INSTITUT TEKNOLOGI BANDUNG,3.0,False
S2,univ_s1,2026,INSTITUT TEKNOLOGI SEPULUH NOPEMBER,3.0,False
S2,univ_s1,2026,UIN SUNAN KALIJAGA YOGYAKARTA,3.0,False
S2,univ_s1,2026,UNIVERSITAS DIPONEGORO,3.0,False
S2,univ_s1,2026,UNIVERSITAS NEGERI MALANG,3.0,False
S2,univ_s1,2026,UNIVERSITAS NEGERI SURABAYA,3.0,False
S2,univ_s1,2026,UNIVERSITAS SUMATERA UTARA,3.0,False
S2,univ_s1,2026,ABDUL WALI KHAN UNIVERSITY MARADAN,,True
S2,univ_s1,2026,AL-SALAHIYAH SECONDARY SCHOOL,,True
S2,univ_s1,2026,DILI INSTITUTE OF TECHNOLOGY,,True
S2,univ_s1,2026,INSTIPER YOGYAKARTA,,True
S2,univ_s1,2026,INSTITUT PEMERINTAHAN DALAM NEGERI,,True
S2,univ_s1,2026,INSTITUT TEKNOLOGI BANDUNG (ITB),,True
S2,univ_s1,2026,INSTITUT TEKNOLOGI DAN BISNIS MUHAMMADIYAH PURBALINGGA,,True
S2,univ_s1,2026,INSTITUT TEKNOLOGI SUMATERA,,True
S2,univ_s1,2026,POLITEKNIK ELEKTRONIKA NEGERI SURABAYA,,True
S2,univ_s1,2026,POLITEKNIK NEGERI SAMARINDA,,True
S2,univ_s1,2026,POLITEKNIK STATISTIKA STIS,,True
S2,univ_s1,2026,SEKOLAH TINGGI ANALIS KIMIA CILEGON,,True
S2,univ_s1,2026,"SEKOLAH TINGGI MULTI MEDIA ""MMTC"" YOGYAKARTA",,True
S2,univ_s1,2026,STMIK AMIK BANDUNG,,True
S2,univ_s1,2026,TELKOM UNIVERSITY,,True
S2,univ_s1,2026,TOKYO INTERNATIONAL UNIVERSITY,,True
S2,univ_s1,2026,UIN SULTHAN THAHA SAIFUDDIN JAMBI,,True
S2,univ_s1,2026,UIN SUNAN GUNUNG DJATI BANDUNG,,True
S2,univ_s1,2026,UIN SYARIF HIDAYATULLAH JAKARTA,,True
S2,univ_s1,2026,UINIVERSITAS ISLAM NEGERI ALAUDDIN MAKASSAR,,True
S2,univ_s1,2026,UNIVERISTAS GADJAH MADA,,True
S2,univ_s1,2026,UNIVERSITAS AIRLANGGA,,True
S2,univ_s1,2026,UNIVERSITAS ANDALAS,,True
S2,univ_s1,2026,UNIVERSITAS BENGKULU,,True
S2,univ_s1,2026,UNIVERSITAS CENDERAWASIH,,True
S2,univ_s1,2026,UNIVERSITAS DARUSSALAM AMBON,,True
S2,univ_s1,2026,UNIVERSITAS DIAN NUSWANTORO,,True
S2,univ_s1,2026,UNIVERSITAS GUNADARMA,,True
S2,univ_s1,2026,UNIVERSITAS HALU OLEO,,True
S2,univ_s1,2026,UNIVERSITAS HASANUDDIN,,True
S2,univ_s1,2026,UNIVERSITAS INDONESIA,,True
S2,univ_s1,2026,UNIVERSITAS ISLAM NEGERI IMAM BONJOL PADANG,,True
S2,univ_s1,2026,UNIVERSITAS ISLAM NEGERI RADEN INTAN LAMPUNG,,True
S2,univ_s1,2026,UNIVERSITAS ISLAM NEGERI SULTAN SYARIF KASIM RIAU,,True
S2,univ_s1,2026,UNIVERSITAS ISLAM NEGERI SUMATERA UTARA,,True
S2,univ_s1,2026,UNIVERSITAS ISLAM NEGERI SUNAN KALIJAGA YOGYAKARTA,,True
S2,univ_s1,2026,UNIVERSITAS ISLAM NEGERI WALISONGO SEMARANG,,True
S2,univ_s1,2026,UNIVERSITAS JAMBI,,True
S2,univ_s1,2026,UNIVERSITAS JEMBER,,True
S2,univ_s1,2026,UNIVERSITAS KATOLIK WIDYA MANDIRA KUPANG,,True
S2,univ_s1,2026,UNIVERSITAS KOMPUTER INDONESIA,,True
S2,univ_s1,2026,UNIVERSITAS LAMBUNG MANGKURAT,,True
S2,univ_s1,2026,UNIVERSITAS MARITIM RAJA ALI HAJI,,True
S2,univ_s1,2026,UNIVERSITAS MATARAM,,True
S2,univ_s1,2026,UNIVERSITAS MUHAMMADIYAH PONTIANAK,,True
S2,univ_s1,2026,UNIVERSITAS MUHAMMADIYAH SURAKARTA,,True
S2,univ_s1,2026,UNIVERSITAS MULAWARMAN,,True
S2,univ_s1,2026,UNIVERSITAS MUSLIM INDONESIA,,True
S2,univ_s1,2026,UNIVERSITAS NAHDLATUL ULAMA YOGYAKARTA,,True
S2,univ_s1,2026,UNIVERSITAS NEGERI MEDAN,,True
S2,univ_s1,2026,UNIVERSITAS NEGERI PADANG,,True
S2,univ_s1,2026,UNIVERSITAS NEGERI SEMARANG,,True
S2,univ_s1,2026,UNIVERSITAS NEGERI YOGYAKARTA (UNY),,True
S2,univ_s1,2026,UNIVERSITAS NEGERI YOGYKARTA,,True
S2,univ_s1,2026,UNIVERSITAS NEGRI YOGYAKARTA,,True
S2,univ_s1,2026,UNIVERSITAS PALANGKA RAYA,,True
S2,univ_s1,2026,"UNIVERSITAS PEMBANGUNAN NASIONAL ""VETERAN"" YOGYAKARTA",,True
S2,univ_s1,2026,"UNIVERSITAS PEMBANGUNAN NASIONAL ""VETERAN” YOGYAKARTA",,True
S2,univ_s1,2026,UNIVERSITAS PEMBANGUNAN NASIONAL VETERAN JAWA TIMUR,,True
S2,univ_s1,2026,UNIVERSITAS PENDIDIKAN INDONESIA,,True
S2,univ_s1,2026,UNIVERSITAS PERSATUAN GURU REPUBLIK INDONESIA SEMARANG,,True
S2,univ_s1,2026,UNIVERSITAS RIAU,,True
S2,univ_s1,2026,UNIVERSITAS SAHID JAKARTA,,True
S2,univ_s1,2026,UNIVERSITAS SAINS AL-QUR'AN (UNSIQ),,True
S2,univ_s1,2026,UNIVERSITAS SAM RATULANGI,,True
S2,univ_s1,2026,UNIVERSITAS SULAWESI BARAT,,True
S2,univ_s1,2026,UNIVERSITAS TADULAKO,,True
S2,univ_s1,2026,UNIVERSITAS TANJUNGPURA,,True
S2,univ_s1,2026,UNIVERSITAS TEKNOLOGI DIGITAL INDONESIA,,True
S2,univ_s1,2026,UNIVERSITAS UDAYANA,,True
S3,univ_s2,0,UNIVERSITAS GADJAH MADA,288.0,False
S3,univ_s2,0,INSTITUT TEKNOLOGI BANDUNG,22.0,False
S3,univ_s2,0,INSTITUT PERTANIAN BOGOR,18.0,False
S3,univ_s2,0,INSTITUT TEKNOLOGI SEPULUH NOPEMBER,18.0,False
S3,univ_s2,0,UNIVERSITAS INDONESIA,15.0,False
S3,univ_s2,0,UNIVERSITAS ATMA JAYA YOGYAKARTA,7.0,False
S3,univ_s2,0,UNIVERSITAS BRAWIJAYA,7.0,False
S3,univ_s2,0,UNIVERSITAS DIPONEGORO,7.0,False
S3,univ_s2,0,UNIVERSITAS ISLAM INDONESIA,6.0,False
S3,univ_s2,0,UNIVERSITAS AMIKOM YOGYAKARTA,5.0,False
S3,univ_s2,0,UGM,4.0,False
S3,univ_s2,0,UNIVERSITAS DIAN NUSWANTORO,4.0,False
S3,univ_s2,0,UNIVERSITAS KRISTEN SATYA WACANA,4.0,False
S3,univ_s2,0,UNIVERSITAS TELKOM,4.0,False
S3,univ_s2,0,UNIVERSITAS BINA NUSANTARA,3.0,False
S3,univ_s2,0,UNIVERSITAS BUDI LUHUR,3.0,False
S3,univ_s2,0,UNIVERSITAS GADJAH MADA (UGM),3.0,False
S3,univ_s2,0,UNIVERSITAS NEGERI MALANG,3.0,False
S3,univ_s2,0,UNIVERSITAS PENDIDIKAN GANESHA,3.0,False
S3,univ_s2,0,UNIVERSITAS SEBELAS MARET,3.0,False
S3,univ_s2,0,UNIVERSITAS SUMATERA UTARA,3.0,False
S3,univ_s2,0,DELFT UNIVERSITY OF TECHNOLOGY,,True
S3,univ_s2,0,HUMAN CENTERED AND BIOMEDICAL ENGINEERING TOKYO INSTITUTE OF TECHNOLOGY,,True
S3,univ_s2,0,ILMU KIMIA UGM,,True
S3,univ_s2,0,"ILMU KIMIA, MIPA, UNIVERSITAS GADJAH MADA",,True
S3,univ_s2,0,ILMU KOMPUTER FMIPA UGM,,True
S3,univ_s2,0,ILMU KOMPUTER UGM,,True
S3,univ_s2,0,INSTITUT PERTANIAN BOGOR (IPB UNIVERSITY),,True
S3,univ_s2,0,INSTITUT TEKNOLOGI BANDUNG (ITB),,True
S3,univ_s2,0,INSTITUT TEKNOLOGI SEPULUH NOPEMBER (ITS) SURABAYA,,True
S3,univ_s2,0,INSTITUT TEKNOLOGI SEPULUH NOPEMBER SURABAYA,,True
S3,univ_s2,0,INSTITUT TEKNOLOGI SEPULUH NOPEMBER SURABAYA (ITS),,True
S3,univ_s2,0,INSTITUT TEKNOLOGI SEPULUH NOVEMBER,,True
S3,univ_s2,0,INSTITUT TEKNOLOGI SEPULUH NOVEMBER (ITS) SURABAYA,,True
S3,univ_s2,0,INSTITUT TEKNOLOGI SEPULUH NOVEMBER SURABAYA,,True
S3,univ_s2,0,INSTITUTE PERTANIAN BOGOR,,True
S3,univ_s2,0,JURUSAN FISIKA UNIVERSITAS ANDALAS,,True
S3,univ_s2,0,JURUSAN MATEMATIKA FMIPA UNIVERSITAS GADJAH MADA,,True
S3,univ_s2,0,KEIMYUNG UNIVERSITY,,True
S3,univ_s2,0,KEPCO INTERNATIONAL NUCLEAR GRADUATE SCHOOL,,True
S3,univ_s2,0,KHWAJA FAREED UNIVERSITY OF ENGINEERING & INFORMATION TECHNOLOGY,,True
S3,univ_s2,0,KING MONGKUT'S UNIVERSITY OF TECHNOLOGY NORTH BANGKOK,,True
S3,univ_s2,0,KYOTO UNIVERSITY,,True
S3,univ_s2,0,KYUSHU UNIVERSITY,,True
S3,univ_s2,0,MAGISTER ILMU FISIKA UNIVERSITAS INDONESIA,,True
S3,univ_s2,0,"MAGISTER ILMU FISIKA, FAKULTAS MATEMATIKA DAN ILMU PENGETAHUAN ALAM, UNIVERSITAS GADJAH MADA",,True
S3,univ_s2,0,MAGISTER ILMU KOMPUTER FMIPA UNIVERSITAS GADJAH MADA,,True
S3,univ_s2,0,"MAGISTER ILMU KOMPUTER, DEPARTEMEN ILMU KOMPUTER DAN ELEKTRONIKA, FAKULTAS MATEMATIKA DAN ILMU PENGETAHUAN ALAM, UNIVERSITAS GADJAH MADA",,True
S3,univ_s2,0,MAGISTER KIMIA FMIPA UGM,,True
S3,univ_s2,0,"MAGISTER KIMIA, FAKULTAS MIPA, UNIVERSITAS PADJADJARAN",,True
S3,univ_s2,0,MAGISTER MATERIAL SCIENCE-UNIVERSITAS INDONESIA,,True
S3,univ_s2,0,MAGISTER TEKNIK ELEKTRO,,True
S3,univ_s2,0,MAGISTER TEKNOLOGI INFORMASI DTETI UGM,,True
S3,univ_s2,0,NATIONAL CENTRAL UNIVERSITY,,True
S3,univ_s2,0,POLITEKNIK ELEKTRONIKA NEGERI SURABAYA,,True
S3,univ_s2,0,PRODI MATEMATIKA FMIPA UGM,,True
S3,univ_s2,0,PRODI S2 ILMU KIMIA FMIPA UGM,,True
S3,univ_s2,0,PRODI S2 MATEMATIKA FMIPA UGM,,True
S3,univ_s2,0,"PROGRAM PASCA SARJANA, PROGRAM STUDI MATEMATIKA, FAKULTAS MATEMATIKA DAN ILMU PENGETAHUAN ALAM, UNIVERSITAS GADJAH MADA",,True
S3,univ_s2,0,"PROGRAM STUDI GEOFISIKA TERAPAN (S2), FTTM, INSTITUT TEKNOLOGI BANDUNG",,True
S3,univ_s2,0,"PROGRAM STUDI MAGISTER AKTUARIA, FMIPA ITB",,True
S3,univ_s2,0,"PROGRAM STUDI MAGISTER ILMU KOMPUTER, UNIVERSITAS GADJAH MADA",,True
S3,univ_s2,0,"PROGRAM STUDI MAGISTER PENGINDERAAN JAUH, FAKULTAS GEOGRAFI, UNIVERSITAS GADJAH MADA",,True
S3,univ_s2,0,PROGRAM STUDI MATEMATIKA UNIVERSITAS GADJAH MADA,,True
S3,univ_s2,0,"PROGRAM STUDI S2 ILMU KOMPUTER, FMIPA, UNIVERSITAS GADJAH MADA",,True
S3,univ_s2,0,PROGRAM STUDI S2 MATEMATIKA FMIPA UNIVERSITAS GADJAH MADA,,True
S3,univ_s2,0,"PROGRAM STUDI TEKNIK ELEKTRO (TEKNOLOGI INFORMASI), FAKULTAS TEKNIK, UNIVERSITAS GADJAH MADA",,True
S3,univ_s2,0,"PROGRAM STUDI TEKNIK ELEKTRO, FAKULTAS TEKNIK, UNIVERSITAS GADJAH MADA",,True
S3,univ_s2,0,ROYAL UNIVERSITY OF PHNOM PENH,,True
S3,univ_s2,0,"S2 ILMU KOMPUTER, FAKULTAS MATEMATIKA DAN ILMU PENGETAHUAN ALAM, UNIVERSITAS GADJAH MADA",,True
S3,univ_s2,0,S2 TEKNIK ELEKTRO UGM,,True
S3,univ_s2,0,SAGA UNIVERSITY,,True
S3,univ_s2,0,SOUTHERN CROSS UNIVERSITY,,True
S3,univ_s2,0,STATE UNIVERSITY OF ZANZIBAR,,True
S3,univ_s2,0,STIMIK AMIKOM YOGYAKARTA,,True
S3,univ_s2,0,STMIK AMIKOM YOGYAKARTA,,True
S3,univ_s2,0,STMIK NUSA MANDIRI JAKARTA,,True
S3,univ_s2,0,THE UNIVERSITY OF NEW SOUTH WALES,,True
S3,univ_s2,0,THE UNIVERSITY OF QUEENSLAND,,True
S3,univ_s2,0,UI,,True
S3,univ_s2,0,UIVERSITAS GADJAH MADA,,True
S3,univ_s2,0,UNIVERISTAS GADJAH MADA,,True
S3,univ_s2,0,UNIVERSITAS AHMAD DAHLAN,,True
S3,univ_s2,0,UNIVERSITAS AHMAD DAHLAN YOGYAKARTA,,True
S3,univ_s2,0,UNIVERSITAS AIRLANGGA,,True
S3,univ_s2,0,UNIVERSITAS ANDALAS,,True
S3,univ_s2,0,UNIVERSITAS BINA NUSANTARA JAKARTA,,True
S3,univ_s2,0,UNIVERSITAS GADJAH MADA (UGM) YOGYAKARTA,,True
S3,univ_s2,0,UNIVERSITAS GADJAH MADA YOGYAKARTA,,True
S3,univ_s2,0,UNIVERSITAS HASANUDDIN,,True
S3,univ_s2,0,UNIVERSITAS HASANUDDIN MAKASSAR,,True
S3,univ_s2,0,"UNIVERSITAS INDONESIA, S2 MATEMATIKA",,True
S3,univ_s2,0,UNIVERSITAS ISLAM NEGERI SUNAN KALIJAGA,,True
S3,univ_s2,0,UNIVERSITAS KEBANGSAAN MALAYSIA (UKM),,True
S3,univ_s2,0,UNIVERSITAS LAMPUNG,,True
S3,univ_s2,0,UNIVERSITAS NEGERI MAKASSAR,,True
S3,univ_s2,0,UNIVERSITAS NEGERI PADANG,,True
S3,univ_s2,0,UNIVERSITAS NUSA CENDANA,,True
S3,univ_s2,0,UNIVERSITAS PADJADJARAN,,True
S3,univ_s2,0,UNIVERSITAS PADJADJARAN BANDUNG,,True
S3,univ_s2,0,"UNIVERSITAS PUTRA INDONESIA ""YPTK""",,True
S3,univ_s2,0,"UNIVERSITAS PUTRA INDONESIA ""YPTK"" PADANG",,True
S3,univ_s2,0,UNIVERSITAS RIAU,,True
S3,univ_s2,0,UNIVERSITAS SRIWIJAYA,,True
S3,univ_s2,0,UNIVERSITAS SYAHKUALA (USK) BANDA ACEH,,True
S3,univ_s2,0,UNIVERSITEIT LEIDEN (LEIDEN UNIVERSITY),,True
S3,univ_s2,0,UNIVERSITI PENDIDIKAN SULTAN IDRIS,,True
S3,univ_s2,0,UNIVERSITI TEKNIKAL MALAYSIA MELAKA,,True
S3,univ_s2,0,UNIVERSITI UTARA MALAYSIA,,True
S3,univ_s2,0,UNIVERSITTAS BINA NUSANTARA,,True
S3,univ_s2,0,UNIVERSITY OF BIRMINGHAM,,True
S3,univ_s2,0,UNIVERSITY OF TWENTE,,True
S3,univ_s2,0,YUAN ZE UNIVERSITY,,True
S3,univ_s2,2021,UNIVERSITAS GADJAH MADA,43.0,False
S3,univ_s2,2021,INSTITUT TEKNOLOGI BANDUNG,4.0,False
S3,univ_s2,2021,ILMU KOMPUTER UGM,,True
S3,univ_s2,2021,INSTITUT TEKNOLOGI SEPULUH NOPEMBER,,True
S3,univ_s2,2021,INSTITUT TEKNOLOGI SEPULUH NOVEMBER (ITS) SURABAYA,,True
S3,univ_s2,2021,INSTITUTE PERTANIAN BOGOR,,True
S3,univ_s2,2021,JURUSAN FISIKA UNIVERSITAS ANDALAS,,True
S3,univ_s2,2021,KING MONGKUT'S UNIVERSITY OF TECHNOLOGY NORTH BANGKOK,,True
S3,univ_s2,2021,"MAGISTER ILMU KOMPUTER, DEPARTEMEN ILMU KOMPUTER DAN ELEKTRONIKA, FAKULTAS MATEMATIKA DAN ILMU PENGETAHUAN ALAM, UNIVERSITAS GADJAH MADA",,True
S3,univ_s2,2021,"MAGISTER KIMIA, FAKULTAS MIPA, UNIVERSITAS PADJADJARAN",,True
S3,univ_s2,2021,PRODI MATEMATIKA FMIPA UGM,,True
S3,univ_s2,2021,PRODI S2 ILMU KIMIA FMIPA UGM,,True
S3,univ_s2,2021,"PROGRAM STUDI S2 ILMU KOMPUTER, FMIPA, UNIVERSITAS GADJAH MADA",,True
S3,univ_s2,2021,"PROGRAM STUDI TEKNIK ELEKTRO (TEKNOLOGI INFORMASI), FAKULTAS TEKNIK, UNIVERSITAS GADJAH MADA",,True
S3,univ_s2,2021,SAGA UNIVERSITY,,True
S3,univ_s2,2021,STMIK AMIKOM YOGYAKARTA,,True
S3,univ_s2,2021,UNIVERSITAS ANDALAS,,True
S3,univ_s2,2021,UNIVERSITAS DIAN NUSWANTORO,,True
S3,univ_s2,2021,UNIVERSITAS GADJAH MADA (UGM),,True
S3,univ_s2,2021,UNIVERSITAS INDONESIA,,True
S3,univ_s2,2021,UNIVERSITAS KRISTEN SATYA WACANA,,True
S3,univ_s2,2022,UNIVERSITAS GADJAH MADA,65.0,False
S3,univ_s2,2022,INSTITUT PERTANIAN BOGOR,4.0,False
S3,univ_s2,2022,UNIVERSITAS INDONESIA,4.0,False
S3,univ_s2,2022,ILMU KOMPUTER FMIPA UGM,,True
S3,univ_s2,2022,INSTITUT PERTANIAN BOGOR (IPB UNIVERSITY),,True
S3,univ_s2,2022,INSTITUT TEKNOLOGI BANDUNG,,True
S3,univ_s2,2022,INSTITUT TEKNOLOGI SEPULUH NOPEMBER,,True
S3,univ_s2,2022,INSTITUT TEKNOLOGI SEPULUH NOPEMBER SURABAYA (ITS),,True
S3,univ_s2,2022,INSTITUT TEKNOLOGI SEPULUH NOVEMBER,,True
S3,univ_s2,2022,JURUSAN MATEMATIKA FMIPA UNIVERSITAS GADJAH MADA,,True
S3,univ_s2,2022,PRODI S2 MATEMATIKA FMIPA UGM,,True
S3,univ_s2,2022,"PROGRAM PASCA SARJANA, PROGRAM STUDI MATEMATIKA, FAKULTAS MATEMATIKA DAN ILMU PENGETAHUAN ALAM, UNIVERSITAS GADJAH MADA",,True
S3,univ_s2,2022,"PROGRAM STUDI MAGISTER PENGINDERAAN JAUH, FAKULTAS GEOGRAFI, UNIVERSITAS GADJAH MADA",,True
S3,univ_s2,2022,PROGRAM STUDI MATEMATIKA UNIVERSITAS GADJAH MADA,,True
S3,univ_s2,2022,"S2 ILMU KOMPUTER, FAKULTAS MATEMATIKA DAN ILMU PENGETAHUAN ALAM, UNIVERSITAS GADJAH MADA",,True
S3,univ_s2,2022,S2 TEKNIK ELEKTRO UGM,,True
S3,univ_s2,2022,THE UNIVERSITY OF QUEENSLAND,,True
S3,univ_s2,2022,UNIVERSITAS AMIKOM YOGYAKARTA,,True
S3,univ_s2,2022,UNIVERSITAS ATMA JAYA YOGYAKARTA,,True
S3,univ_s2,2022,UNIVERSITAS BINA NUSANTARA JAKARTA,,True
S3,univ_s2,2022,UNIVERSITAS BRAWIJAYA,,True
S3,univ_s2,2022,UNIVERSITAS DIPONEGORO,,True
S3,univ_s2,2022,UNIVERSITAS GADJAH MADA (UGM) YOGYAKARTA,,True
S3,univ_s2,2022,UNIVERSITAS HASANUDDIN,,True
S3,univ_s2,2022,UNIVERSITAS KRISTEN SATYA WACANA,,True
S3,univ_s2,2022,UNIVERSITAS LAMPUNG,,True
S3,univ_s2,2022,UNIVERSITAS PADJADJARAN BANDUNG,,True
S3,univ_s2,2022,UNIVERSITI PENDIDIKAN SULTAN IDRIS,,True
S3,univ_s2,2022,UNIVERSITY OF TWENTE,,True
S3,univ_s2,2023,UNIVERSITAS GADJAH MADA,40.0,False
S3,univ_s2,2023,INSTITUT TEKNOLOGI BANDUNG,6.0,False
S3,univ_s2,2023,UNIVERSITAS ISLAM INDONESIA,5.0,False
S3,univ_s2,2023,UNIVERSITAS INDONESIA,3.0,False
S3,univ_s2,2023,INSTITUT TEKNOLOGI BANDUNG (ITB),,True
S3,univ_s2,2023,INSTITUT TEKNOLOGI SEPULUH NOPEMBER,,True
S3,univ_s2,2023,INSTITUT TEKNOLOGI SEPULUH NOPEMBER SURABAYA,,True
S3,univ_s2,2023,INSTITUT TEKNOLOGI SEPULUH NOVEMBER SURABAYA,,True
S3,univ_s2,2023,KYUSHU UNIVERSITY,,True
S3,univ_s2,2023,MAGISTER ILMU FISIKA UNIVERSITAS INDONESIA,,True
S3,univ_s2,2023,MAGISTER ILMU KOMPUTER FMIPA UNIVERSITAS GADJAH MADA,,True
S3,univ_s2,2023,"PROGRAM STUDI GEOFISIKA TERAPAN (S2), FTTM, INSTITUT TEKNOLOGI BANDUNG",,True
S3,univ_s2,2023,STMIK AMIKOM YOGYAKARTA,,True
S3,univ_s2,2023,STMIK NUSA MANDIRI JAKARTA,,True
S3,univ_s2,2023,UNIVERSITAS AMIKOM YOGYAKARTA,,True
S3,univ_s2,2023,UNIVERSITAS ATMA JAYA YOGYAKARTA,,True
S3,univ_s2,2023,UNIVERSITAS BINA NUSANTARA,,True
S3,univ_s2,2023,UNIVERSITAS BRAWIJAYA,,True
S3,univ_s2,2023,UNIVERSITAS BUDI LUHUR,,True
S3,univ_s2,2023,UNIVERSITAS GADJAH MADA (UGM),,True
S3,univ_s2,2023,UNIVERSITAS ISLAM NEGERI SUNAN KALIJAGA,,True
S3,univ_s2,2023,UNIVERSITAS KRISTEN SATYA WACANA,,True
S3,univ_s2,2023,UNIVERSITAS LAMPUNG,,True
S3,univ_s2,2023,UNIVERSITAS NEGERI MAKASSAR,,True
S3,univ_s2,2023,"UNIVERSITAS PUTRA INDONESIA ""YPTK"" PADANG",,True
S3,univ_s2,2023,UNIVERSITAS SEBELAS MARET,,True
S3,univ_s2,2023,UNIVERSITAS SUMATERA UTARA,,True
S3,univ_s2,2023,UNIVERSITAS TELKOM,,True
S3,univ_s2,2023,UNIVERSITEIT LEIDEN (LEIDEN UNIVERSITY),,True
S3,univ_s2,2023,UNIVERSITI TEKNIKAL MALAYSIA MELAKA,,True
S3,univ_s2,2024,UNIVERSITAS GADJAH MADA,42.0,False
S3,univ_s2,2024,INSTITUT TEKNOLOGI SEPULUH NOPEMBER,5.0,False
S3,univ_s2,2024,UNIVERSITAS INDONESIA,4.0,False
S3,univ_s2,2024,INSTITUT PERTANIAN BOGOR,3.0,False
S3,univ_s2,2024,INSTITUT TEKNOLOGI BANDUNG,3.0,False
S3,univ_s2,2024,DELFT UNIVERSITY OF TECHNOLOGY,,True
S3,univ_s2,2024,INSTITUT TEKNOLOGI SEPULUH NOPEMBER (ITS) SURABAYA,,True
S3,univ_s2,2024,KEIMYUNG UNIVERSITY,,True
S3,univ_s2,2024,KEPCO INTERNATIONAL NUCLEAR GRADUATE SCHOOL,,True
S3,univ_s2,2024,KHWAJA FAREED UNIVERSITY OF ENGINEERING & INFORMATION TECHNOLOGY,,True
S3,univ_s2,2024,KYOTO UNIVERSITY,,True
S3,univ_s2,2024,MAGISTER TEKNIK ELEKTRO,,True
S3,univ_s2,2024,NATIONAL CENTRAL UNIVERSITY,,True
S3,univ_s2,2024,"PROGRAM STUDI MAGISTER ILMU KOMPUTER, UNIVERSITAS GADJAH MADA",,True
S3,univ_s2,2024,ROYAL UNIVERSITY OF PHNOM PENH,,True
S3,univ_s2,2024,SOUTHERN CROSS UNIVERSITY,,True
S3,univ_s2,2024,THE UNIVERSITY OF NEW SOUTH WALES,,True
S3,univ_s2,2024,THE UNIVERSITY OF QUEENSLAND,,True
S3,univ_s2,2024,UGM,,True
S3,univ_s2,2024,UIVERSITAS GADJAH MADA,,True
S3,univ_s2,2024,UNIVERSITAS AMIKOM YOGYAKARTA,,True
S3,univ_s2,2024,UNIVERSITAS BRAWIJAYA,,True
S3,univ_s2,2024,UNIVERSITAS DIAN NUSWANTORO,,True
S3,univ_s2,2024,UNIVERSITAS DIPONEGORO,,True
S3,univ_s2,2024,UNIVERSITAS NEGERI MALANG,,True
S3,univ_s2,2024,UNIVERSITAS NEGERI PADANG,,True
S3,univ_s2,2024,"UNIVERSITAS PUTRA INDONESIA ""YPTK""",,True
S3,univ_s2,2024,UNIVERSITAS SUMATERA UTARA,,True
S3,univ_s2,2024,UNIVERSITAS TELKOM,,True
S3,univ_s2,2025,UNIVERSITAS GADJAH MADA,61.0,False
S3,univ_s2,2025,INSTITUT PERTANIAN BOGOR,8.0,False
S3,univ_s2,2025,INSTITUT TEKNOLOGI SEPULUH NOPEMBER,6.0,False
S3,univ_s2,2025,INSTITUT TEKNOLOGI BANDUNG,3.0,False
S3,univ_s2,2025,UNIVERSITAS ATMA JAYA YOGYAKARTA,3.0,False
S3,univ_s2,2025,UNIVERSITAS PENDIDIKAN GANESHA,3.0,False
S3,univ_s2,2025,HUMAN CENTERED AND BIOMEDICAL ENGINEERING TOKYO INSTITUTE OF TECHNOLOGY,,True
S3,univ_s2,2025,ILMU KIMIA UGM,,True
S3,univ_s2,2025,"ILMU KIMIA, MIPA, UNIVERSITAS GADJAH MADA",,True
S3,univ_s2,2025,"MAGISTER ILMU FISIKA, FAKULTAS MATEMATIKA DAN ILMU PENGETAHUAN ALAM, UNIVERSITAS GADJAH MADA",,True
S3,univ_s2,2025,MAGISTER MATERIAL SCIENCE-UNIVERSITAS INDONESIA,,True
S3,univ_s2,2025,MAGISTER TEKNOLOGI INFORMASI DTETI UGM,,True
S3,univ_s2,2025,POLITEKNIK ELEKTRONIKA NEGERI SURABAYA,,True
S3,univ_s2,2025,"PROGRAM STUDI MAGISTER AKTUARIA, FMIPA ITB",,True
S3,univ_s2,2025,PROGRAM STUDI S2 MATEMATIKA FMIPA UNIVERSITAS GADJAH MADA,,True
S3,univ_s2,2025,"PROGRAM STUDI TEKNIK ELEKTRO, FAKULTAS TEKNIK, UNIVERSITAS GADJAH MADA",,True
S3,univ_s2,2025,STATE UNIVERSITY OF ZANZIBAR,,True
S3,univ_s2,2025,UNIVERSITAS AHMAD DAHLAN,,True
S3,univ_s2,2025,UNIVERSITAS AHMAD DAHLAN YOGYAKARTA,,True
S3,univ_s2,2025,UNIVERSITAS AMIKOM YOGYAKARTA,,True
S3,univ_s2,2025,UNIVERSITAS BINA NUSANTARA,,True
S3,univ_s2,2025,UNIVERSITAS BRAWIJAYA,,True
S3,univ_s2,2025,UNIVERSITAS BUDI LUHUR,,True
S3,univ_s2,2025,UNIVERSITAS DIAN NUSWANTORO,,True
S3,univ_s2,2025,UNIVERSITAS DIPONEGORO,,True
S3,univ_s2,2025,UNIVERSITAS GADJAH MADA YOGYAKARTA,,True
S3,univ_s2,2025,UNIVERSITAS HASANUDDIN,,True
S3,univ_s2,2025,UNIVERSITAS HASANUDDIN MAKASSAR,,True
S3,univ_s2,2025,UNIVERSITAS INDONESIA,,True
S3,univ_s2,2025,UNIVERSITAS NEGERI MALANG,,True
S3,univ_s2,2025,UNIVERSITAS PADJADJARAN,,True
S3,univ_s2,2025,UNIVERSITAS RIAU,,True
S3,univ_s2,2025,UNIVERSITAS SRIWIJAYA,,True
S3,univ_s2,2025,UNIVERSITAS SYAHKUALA (USK) BANDA ACEH,,True
S3,univ_s2,2025,UNIVERSITAS TELKOM,,True
S3,univ_s2,2025,UNIVERSITTAS BINA NUSANTARA,,True
S3,univ_s2,2025,YUAN ZE UNIVERSITY,,True
S3,univ_s2,2026,UNIVERSITAS GADJAH MADA,37.0,False
S3,univ_s2,2026,INSTITUT TEKNOLOGI BANDUNG,4.0,False
S3,univ_s2,2026,INSTITUT PERTANIAN BOGOR,3.0,False
S3,univ_s2,2026,INSTITUT TEKNOLOGI BANDUNG (ITB),,True
S3,univ_s2,2026,INSTITUT TEKNOLOGI SEPULUH NOPEMBER,,True
S3,univ_s2,2026,MAGISTER KIMIA FMIPA UGM,,True
S3,univ_s2,2026,NATIONAL CENTRAL UNIVERSITY,,True
S3,univ_s2,2026,STIMIK AMIKOM YOGYAKARTA,,True
S3,univ_s2,2026,UGM,,True
S3,univ_s2,2026,UI,,True
S3,univ_s2,2026,UNIVERISTAS GADJAH MADA,,True
S3,univ_s2,2026,UNIVERSITAS AIRLANGGA,,True
S3,univ_s2,2026,UNIVERSITAS AMIKOM YOGYAKARTA,,True
S3,univ_s2,2026,UNIVERSITAS ANDALAS,,True
S3,univ_s2,2026,UNIVERSITAS ATMA JAYA YOGYAKARTA,,True
S3,univ_s2,2026,UNIVERSITAS BRAWIJAYA,,True
S3,univ_s2,2026,UNIVERSITAS DIAN NUSWANTORO,,True
S3,univ_s2,2026,UNIVERSITAS DIPONEGORO,,True
S3,univ_s2,2026,UNIVERSITAS GADJAH MADA (UGM),,True
S3,univ_s2,2026,"UNIVERSITAS INDONESIA, S2 MATEMATIKA",,True
S3,univ_s2,2026,UNIVERSITAS ISLAM INDONESIA,,True
S3,univ_s2,2026,UNIVERSITAS KEBANGSAAN MALAYSIA (UKM),,True
S3,univ_s2,2026,UNIVERSITAS NEGERI MALANG,,True
S3,univ_s2,2026,UNIVERSITAS NEGERI PADANG,,True
S3,univ_s2,2026,UNIVERSITAS NUSA CENDANA,,True
S3,univ_s2,2026,UNIVERSITAS SEBELAS MARET,,True
S3,univ_s2,2026,UNIVERSITAS SUMATERA UTARA,,True
S3,univ_s2,2026,UNIVERSITI UTARA MALAYSIA,,True
S3,univ_s2,2026,UNIVERSITY OF BIRMINGHAM,,True
S3,univ_s1,0,UNIVERSITAS GADJAH MADA,95.0,False
S3,univ_s1,0,UNIVERSITAS NEGERI YOGYAKARTA,25.0,False
S3,univ_s1,0,UNIVERSITAS LAMPUNG,14.0,False
S3,univ_s1,0,UNIVERSITAS SEBELAS MARET,14.0,False
S3,univ_s1,0,UNIVERSITAS DIPONEGORO,13.0,False
S3,univ_s1,0,UNIVERSITAS NEGERI SEMARANG,12.0,False
S3,univ_s1,0,UNIVERSITAS BRAWIJAYA,11.0,False
S3,univ_s1,0,UNIVERSITAS ISLAM INDONESIA,11.0,False
S3,univ_s1,0,UNIVERSITAS NEGERI MAKASSAR,11.0,False
S3,univ_s1,0,INSTITUT TEKNOLOGI SEPULUH NOPEMBER,10.0,False
S3,univ_s1,0,UNIVERSITAS JENDERAL SOEDIRMAN,10.0,False
S3,univ_s1,0,UNIVERSITAS HASANUDDIN,8.0,False
S3,univ_s1,0,UNIVERSITAS KRISTEN SATYA WACANA,8.0,False
S3,univ_s1,0,UNIVERSITAS NUSA CENDANA,7.0,False
S3,univ_s1,0,UNIVERSITAS AIRLANGGA,6.0,False
S3,univ_s1,0,UNIVERSITAS NEGERI MALANG,6.0,False
S3,univ_s1,0,UNIVERSITAS NEGERI MEDAN,6.0,False
S3,univ_s1,0,INSTITUT PERTANIAN BOGOR,5.0,False
S3,univ_s1,0,STMIK AMIKOM YOGYAKARTA,5.0,False
S3,univ_s1,0,UNIVERSITAS ANDALAS,5.0,False
S3,univ_s1,0,UNIVERSITAS BENGKULU,5.0,False
S3,univ_s1,0,UNIVERSITAS INDONESIA,5.0,False
S3,univ_s1,0,INSTITUT TEKNOLOGI BANDUNG,4.0,False
S3,univ_s1,0,UNIVERSITAS AHMAD DAHLAN,4.0,False
S3,univ_s1,0,UNIVERSITAS ATMA JAYA YOGYAKARTA,4.0,False
S3,univ_s1,0,UNIVERSITAS DIAN NUSWANTORO,4.0,False
S3,univ_s1,0,UNIVERSITAS HALU OLEO,4.0,False
S3,univ_s1,0,UNIVERSITAS KHAIRUN,4.0,False
S3,univ_s1,0,UNIVERSITAS NEGERI PADANG,4.0,False
S3,univ_s1,0,UNIVERSITAS RIAU,4.0,False
S3,univ_s1,0,UNIVERSITAS SRIWIJAYA,4.0,False
S3,univ_s1,0,UNIVERSITAS TELKOM,4.0,False
S3,univ_s1,0,INSTITUT TEKNOLOGI TELKOM,3.0,False
S3,univ_s1,0,POLITEKNIK ELEKTRONIKA NEGERI SURABAYA,3.0,False
S3,univ_s1,0,UGM,3.0,False
S3,univ_s1,0,UNIVERSITAS CENDERAWASIH,3.0,False
S3,univ_s1,0,UNIVERSITAS MATARAM,3.0,False
S3,univ_s1,0,UNIVERSITAS MUHAMMADIYAH SURAKARTA,3.0,False
S3,univ_s1,0,UNIVERSITAS PADJADJARAN,3.0,False
S3,univ_s1,0,UNIVERSITAS PATTIMURA,3.0,False
S3,univ_s1,0,UNIVERSITAS SUMATERA UTARA,3.0,False
S3,univ_s1,0,UNIVERSITAS TANJUNGPURA,3.0,False
S3,univ_s1,0,DELFT UNIVERSITY OF TECHNOLOGY,,True
S3,univ_s1,0,"DEPARTEMEN FISIKA, FAKULTAS SAINS DAN MATEMATIKA, UNIVERSITAS DIPONEGORO",,True
S3,univ_s1,0,DILI INSTITUTE OF TECHNOLOGY,,True
S3,univ_s1,0,ELEKTRONIKA & INSTRUMENTASI UGM,,True
S3,univ_s1,0,ELEKTRONIKA DAN INSTRUMENTASI DIKE UGM,,True
S3,univ_s1,0,ELEKTRONIKA DAN INSTRUMENTASI UGM,,True
S3,univ_s1,0,FAKULTAS MIPA JURUSAN FISIKA UNIVERSITAS GADJAH MADA,,True
S3,univ_s1,0,IAIN IMAM BONJOL PADANG,,True
S3,univ_s1,0,IKI NEGERI MALANG,,True
S3,univ_s1,0,IKIP MATARAM,,True
S3,univ_s1,0,ILMU KOMPUTER FMIPA UGM,,True
S3,univ_s1,0,INSTITUR TEKNOLOGI SEPULUH NOPEMBER,,True
S3,univ_s1,0,INSTITUT AGAMA ISLAM NEGERI WALISONGO,,True
S3,univ_s1,0,INSTITUT PERTANIAN BOGOR (IPB UNIVERSITY),,True
S3,univ_s1,0,INSTITUT SAINS DAN TEKNOLOGI TD. PARDEDE (ISTP) MEDAN,,True
S3,univ_s1,0,INSTITUT TEKNOLOGI DAN BISNIS STIKOM BALI,,True
S3,univ_s1,0,INSTITUT TEKNOLOGI SEPULUH NOPEMBER (ITS) SURABAYA,,True
S3,univ_s1,0,INSTITUT TEKNOLOGI SEPULUH NOPEMBER SURABAYA,,True
S3,univ_s1,0,IST AKPRIND YOGYAKARTA,,True
S3,univ_s1,0,ITB STIKOM BALI,,True
S3,univ_s1,0,JURUSAN FISIKA UNIVERSITAS ANDALAS,,True
S3,univ_s1,0,"JURUSAN ILMU EKONOMI DAN STUDI PEMBANGUNAN, FAKULTAS EKONOMI, UNIVERSITAS GADJAH MADA",,True
S3,univ_s1,0,"JURUSAN KIMIA, FAKULTAS MIPA, UNIVERSITAS ISLAM INDONESIA",,True
S3,univ_s1,0,JURUSAN MATEMATIKA FMIPA UNIVERSITAS RIAU,,True
S3,univ_s1,0,KHWAJA FAREED UNIVERSITY OF ENGINEERING & INFORMATION TECHNOLOGY,,True
S3,univ_s1,0,KIMIA FMIPA UGM,,True
S3,univ_s1,0,"KIMIA, MIPA, UNIVERSITAS HASANUDDIN",,True
S3,univ_s1,0,MATEMATIKA,,True
S3,univ_s1,0,"MUSLIM UNIVERSITY OF MOROGORO, TANZANIA",,True
S3,univ_s1,0,NANYANG TECHNOLOGICAL UNIVERSITY,,True
S3,univ_s1,0,"PENDIDIKAN FISIKA, FAKULTAS KEGURUAN DAN ILMU PENDIDIKAN, UNIVERSITAS HALU OLEO",,True
S3,univ_s1,0,PENDIDIKAN KIMIA UNIVERSITAS NEGERI YOGYAKARTA,,True
S3,univ_s1,0,PRODI KIMIA FMIPA UGM,,True
S3,univ_s1,0,PRODI MATEMATIKA FMIPA UGM,,True
S3,univ_s1,0,PRODI S1 MATEMATIKA FMIPA UGM,,True
S3,univ_s1,0,"PROGRAM SARJANA, PROGRAM STUDI MATEMATIKA, FAKULTAS MATEMATIKA DAN ILMU PENGETAHUAN ALAM, UNIVERSITAS GADJAH MADA",,True
S3,univ_s1,0,"PROGRAM STUDI KARTOGRAFI DAN PENGINDERAAN JAUH, FAKULTAS GEOGRAFI, UNIVERSITAS GADJAH MADA",,True
S3,univ_s1,0,PROGRAM STUDI MATEMATIKA FMIPA UNIVERSITAS RIAU,,True
S3,univ_s1,0,"PROGRAM STUDI MATEMATIKA, FMIPA ULM",,True
S3,univ_s1,0,"PROGRAM STUDI S1ELEKTRONIKA DAN INSTRUMENTASI, FMIPA, UNIVERSITAS GADJAH MADA",,True
S3,univ_s1,0,PROGRAM STUDI STATISTIKA UNIVERSITAS GADJAH MADA,,True
S3,univ_s1,0,"PROGRAM STUDI TEKNIK ELEKTRO, FAKULTAS TEKNIK, UNIVERSITAS GADJAH MADA",,True
S3,univ_s1,0,"PROGRAM STUDI TEKNIK INFORMATIKA, UNIVERSITAS KATOLIK SOEGIJAPRANATA",,True
S3,univ_s1,0,ROYAL UNIVERSITY OF PHNOM PENH,,True
S3,univ_s1,0,"S1 ELEKTRONIKA DAN INSTRUMENTASI, DEPARTEMEN ILMU KOMPUTER DAN ELEKTRONIKA, FAKULTAS MATEMATIKA DAN ILMU PENGETAHUAN ALAM, UNIVERSITAS GADJAH MADA",,True
S3,univ_s1,0,"S1 ELEKTRONIKA DAN INSTRUMENTASI, FAKULTAS MATEMATIKA DAN ILMU PENGETAHUAN ALAM, UNIVERSITAS GADJAH MADA",,True
S3,univ_s1,0,S1 ILMU KOMPUTER FMIPA UNIVERSITAS GADJAH MADA,,True
S3,univ_s1,0,SEKOLAH TINGGI ILMU KOMPUTER (STIKOM) AMBON,,True
S3,univ_s1,0,SEKOLAH TINGGI INFORMATIKA & KOMPUTER INDONESIA (STIKI),,True
S3,univ_s1,0,SEKOLAH TINGGI METEOROLOGI KLIMATOLOGI DAN GEOFISIKA,,True
S3,univ_s1,0,SEKOLAH TINGGI SAINS DAN TEKNOLOGI INDONESIA,,True
S3,univ_s1,0,SEKOLAH TINGGI SANDI NEGARA,,True
S3,univ_s1,0,SEKOLAH TINGGI TEKNOLOGI NUKLIR,,True
S3,univ_s1,0,SEKOLAH TINGGI TEKNOLOGI TELKOM,,True
S3,univ_s1,0,STIMIK AMIKOM YOGYAKARTA,,True
S3,univ_s1,0,STKIP MUHAMMADIYAH KUNINGAN,,True
S3,univ_s1,0,STMIK AMIKOM PURWOKERTO,,True
S3,univ_s1,0,STMIK DIPANEGARA MAKSASSAR,,True
S3,univ_s1,0,STMIK POTENSI UTAMA MEDAN,,True
S3,univ_s1,0,STMIK SAMARINDA,,True
S3,univ_s1,0,STMIK SINAR NUSANTARA,,True
S3,univ_s1,0,STMIK TASIKMALAYA,,True
S3,univ_s1,0,STMIK TEKNOKRAT,,True
S3,univ_s1,0,STMIK WIDYA CIPTA DHARMA SAMARINDA,,True
S3,univ_s1,0,STMIK WIDYA PRATAMA,,True
S3,univ_s1,0,TEKNIK INFORMATIKA UIN SUKA,,True
S3,univ_s1,0,TELKOM UNIVERSITY,,True
S3,univ_s1,0,TEXAS A&M UNIVERSITY,,True
S3,univ_s1,0,UIN ALAUDDIN MAKASSAR,,True
S3,univ_s1,0,UIN SUNAN KALIJAGA YOGYAKARTA,,True
S3,univ_s1,0,UNIVERSITAR NEGERI YOGYAKARTA,,True
S3,univ_s1,0,UNIVERSITAS AHMAD DAHLAN YOGYAKARTA,,True
S3,univ_s1,0,UNIVERSITAS AHMAD DAHLAN YOGYKARTA,,True
S3,univ_s1,0,UNIVERSITAS AL ASYARIAH MANDAR,,True
S3,univ_s1,0,UNIVERSITAS AMIKOM YOGYAKARTA,,True
S3,univ_s1,0,UNIVERSITAS BINA DARMA,,True
S3,univ_s1,0,UNIVERSITAS BINA NUSANTARA,,True
S3,univ_s1,0,UNIVERSITAS BOYOLALI,,True
S3,univ_s1,0,UNIVERSITAS BUNG HATTA,,True
S3,univ_s1,0,UNIVERSITAS DIAN NUSWANTORO SEMARANG,,True
S3,univ_s1,0,"UNIVERSITAS DIPONEGORO, S1 MATEMATIKA",,True
S3,univ_s1,0,UNIVERSITAS DR. SOETOMO,,True
S3,univ_s1,0,UNIVERSITAS GADJAG MADA,,True
S3,univ_s1,0,UNIVERSITAS GADJAH MADA (UGM),,True
S3,univ_s1,0,UNIVERSITAS GAJAH MADA,,True
S3,univ_s1,0,UNIVERSITAS GUNADARMA,,True
S3,univ_s1,0,UNIVERSITAS HALUOEO,,True
S3,univ_s1,0,UNIVERSITAS HARAPAN MEDAN,,True
S3,univ_s1,0,UNIVERSITAS INDRAPRASTA PGRI,,True
S3,univ_s1,0,UNIVERSITAS ISLAM NEGERI MAULANA MALIK IBRAHIM MALANG,,True
S3,univ_s1,0,UNIVERSITAS ISLAM NEGERI SULTAN SYARIF KASIM RIAU,,True
S3,univ_s1,0,UNIVERSITAS ISLAM NEGERI SUNAN KALIJAGA,,True
S3,univ_s1,0,UNIVERSITAS ISLAM NEGERI SYARIF HIDAYATULLAH JAKARTA,,True
S3,univ_s1,0,UNIVERSITAS JABAL GHAFUR,,True
S3,univ_s1,0,UNIVERSITAS JAMBI,,True
S3,univ_s1,0,UNIVERSITAS JAYA BAYA,,True
S3,univ_s1,0,UNIVERSITAS JEMBER,,True
S3,univ_s1,0,UNIVERSITAS JENDERAL ACHMAD YANI,,True
S3,univ_s1,0,UNIVERSITAS JENDERAL SOEDIRMAN (UNSOED),,True
S3,univ_s1,0,UNIVERSITAS KATOLIK WIDYA MANDIRA KUPANG,,True
S3,univ_s1,0,UNIVERSITAS KLABAT,,True
S3,univ_s1,0,UNIVERSITAS KRISTEN DUTA WACANA,,True
S3,univ_s1,0,UNIVERSITAS KRISTEN PETRA SURABAYA,,True
S3,univ_s1,0,UNIVERSITAS LAMBUNG MANGKURAT,,True
S3,univ_s1,0,UNIVERSITAS MUHAMMADIYAH CIREBON,,True
S3,univ_s1,0,UNIVERSITAS MUHAMMADIYAH MAGELANG,,True
S3,univ_s1,0,UNIVERSITAS MUHAMMADIYAH MAKASSAR,,True
S3,univ_s1,0,UNIVERSITAS MUHAMMADIYAH MALANG,,True
S3,univ_s1,0,UNIVERSITAS MUHAMMADIYAH PURWOREJO,,True
S3,univ_s1,0,UNIVERSITAS MULAWARMAN,,True
S3,univ_s1,0,UNIVERSITAS MURIA KUDUS,,True
S3,univ_s1,0,UNIVERSITAS MUSAMUS,,True
S3,univ_s1,0,UNIVERSITAS MUSAMUS MERAUKE,,True
S3,univ_s1,0,UNIVERSITAS NAHDLATUL ULAMA SIDOARJO,,True
S3,univ_s1,0,UNIVERSITAS NEGERI GORONTALO,,True
S3,univ_s1,0,UNIVERSITAS NEGERI JAKARTA,,True
S3,univ_s1,0,UNIVERSITAS NEGERI MANADO,,True
S3,univ_s1,0,UNIVERSITAS NEGERI PAPUA,,True
S3,univ_s1,0,UNIVERSITAS NEGERI SURABAYA,,True
S3,univ_s1,0,UNIVERSITAS NEGERI YOGYAKARTA (UNY),,True
S3,univ_s1,0,UNIVERSITAS NUSA BANGSA,,True
S3,univ_s1,0,UNIVERSITAS NUSA CENDANA (UNDANA),,True
S3,univ_s1,0,UNIVERSITAS NUSA NIPA,,True
S3,univ_s1,0,UNIVERSITAS NUSANTARA MANADO,,True
S3,univ_s1,0,UNIVERSITAS PADJADJARAN (UNPAD),,True
S3,univ_s1,0,UNIVERSITAS PALANGKA RAYA,,True
S3,univ_s1,0,"UNIVERSITAS PEMBANGUNAN NASIONAL ""VETERAN"" YOGYAKARTA",,True
S3,univ_s1,0,UNIVERSITAS PEMBANGUNAN NASIONAL VETERAN YOGYAKARTA,,True
S3,univ_s1,0,UNIVERSITAS PEMBANGUNAN PANCA BUDI,,True
S3,univ_s1,0,UNIVERSITAS PENDIDIKAN INDONESIA,,True
S3,univ_s1,0,UNIVERSITAS PERSADA INDONESIA Y.A.I,,True
S3,univ_s1,0,UNIVERSITAS SAINS DAN TEKNOLOGI JAYAPURA,,True
S3,univ_s1,0,UNIVERSITAS SAM RATULANGI,,True
S3,univ_s1,0,UNIVERSITAS SEBELAS MARET (UNS),,True
S3,univ_s1,0,UNIVERSITAS SEBELAS MARET (UNS) SURAKARTA,,True
S3,univ_s1,0,UNIVERSITAS SEBELAS MARET SURAKARTA,,True
S3,univ_s1,0,UNIVERSITAS SEBELAS MARET SURAKARTA (UNS),,True
S3,univ_s1,0,UNIVERSITAS SRIWJAYA,,True
S3,univ_s1,0,UNIVERSITAS STIKUBANK SEMARANG,,True
S3,univ_s1,0,UNIVERSITAS SULTAN AGENG TIRTAYASA,,True
S3,univ_s1,0,UNIVERSITAS SURABAYA,,True
S3,univ_s1,0,UNIVERSITAS SYIAH KUALA,,True
S3,univ_s1,0,UNIVERSITAS TADULAKO,,True
S3,univ_s1,0,UNIVERSITAS TIMOR,,True
S3,univ_s1,0,UNIVERSITAS TRUNOJOYO MADURA,,True
S3,univ_s1,0,UNIVERSITAS UDAYANA,,True
S3,univ_s1,0,UNIVERSITAS WAHID HASYIM,,True
S3,univ_s1,0,UNIVERSITI TEKNOLOGI MALAYSIA,,True
S3,univ_s1,0,UNIVERSITI UTARA MALAYSIA,,True
S3,univ_s1,0,UNIVESRITAS GADJAH MADA,,True
S3,univ_s1,0,UPI,,True
S3,univ_s1,0,"UPN ""VETRERAN"" YOGYAKARTA",,True
S3,univ_s1,2021,UNIVERSITAS GADJAH MADA,18.0,False
S3,univ_s1,2021,UNIVERSITAS NEGERI YOGYAKARTA,6.0,False
S3,univ_s1,2021,UNIVERSITAS LAMPUNG,3.0,False
S3,univ_s1,2021,INSTITUT TEKNOLOGI SEPULUH NOPEMBER,,True
S3,univ_s1,2021,JURUSAN FISIKA UNIVERSITAS ANDALAS,,True
S3,univ_s1,2021,"JURUSAN ILMU EKONOMI DAN STUDI PEMBANGUNAN, FAKULTAS EKONOMI, UNIVERSITAS GADJAH MADA",,True
S3,univ_s1,2021,"JURUSAN KIMIA, FAKULTAS MIPA, UNIVERSITAS ISLAM INDONESIA",,True
S3,univ_s1,2021,PRODI KIMIA FMIPA UGM,,True
S3,univ_s1,2021,PRODI MATEMATIKA FMIPA UGM,,True
S3,univ_s1,2021,"PROGRAM STUDI S1ELEKTRONIKA DAN INSTRUMENTASI, FMIPA, UNIVERSITAS GADJAH MADA",,True
S3,univ_s1,2021,"S1 ELEKTRONIKA DAN INSTRUMENTASI, DEPARTEMEN ILMU KOMPUTER DAN ELEKTRONIKA, FAKULTAS MATEMATIKA DAN ILMU PENGETAHUAN ALAM, UNIVERSITAS GADJAH MADA",,True
S3,univ_s1,2021,SEKOLAH TINGGI TEKNOLOGI NUKLIR,,True
S3,univ_s1,2021,SEKOLAH TINGGI TEKNOLOGI TELKOM,,True
S3,univ_s1,2021,STMIK AMIKOM YOGYAKARTA,,True
S3,univ_s1,2021,TEKNIK INFORMATIKA UIN SUKA,,True
S3,univ_s1,2021,UNIVERSITAS AHMAD DAHLAN YOGYAKARTA,,True
S3,univ_s1,2021,UNIVERSITAS ANDALAS,,True
S3,univ_s1,2021,UNIVERSITAS BENGKULU,,True
S3,univ_s1,2021,UNIVERSITAS BRAWIJAYA,,True
S3,univ_s1,2021,UNIVERSITAS DIAN NUSWANTORO,,True
S3,univ_s1,2021,UNIVERSITAS DIPONEGORO,,True
S3,univ_s1,2021,UNIVERSITAS HALU OLEO,,True
S3,univ_s1,2021,UNIVERSITAS INDONESIA,,True
S3,univ_s1,2021,UNIVERSITAS ISLAM NEGERI SYARIF HIDAYATULLAH JAKARTA,,True
S3,univ_s1,2021,UNIVERSITAS JENDERAL SOEDIRMAN,,True
S3,univ_s1,2021,UNIVERSITAS KRISTEN SATYA WACANA,,True
S3,univ_s1,2021,UNIVERSITAS MATARAM,,True
S3,univ_s1,2021,UNIVERSITAS MUHAMMADIYAH CIREBON,,True
S3,univ_s1,2021,UNIVERSITAS MUSAMUS,,True
S3,univ_s1,2021,UNIVERSITAS MUSAMUS MERAUKE,,True
S3,univ_s1,2021,UNIVERSITAS NEGERI PAPUA,,True
S3,univ_s1,2021,UNIVERSITAS NEGERI SEMARANG,,True
S3,univ_s1,2021,UNIVERSITAS SEBELAS MARET,,True
S3,univ_s1,2021,UNIVERSITAS SEBELAS MARET (UNS),,True
S3,univ_s1,2021,UNIVERSITAS TANJUNGPURA,,True
S3,univ_s1,2021,UNIVERSITAS TELKOM,,True
S3,univ_s1,2022,UNIVERSITAS GADJAH MADA,19.0,False
S3,univ_s1,2022,UNIVERSITAS NEGERI YOGYAKARTA,7.0,False
S3,univ_s1,2022,UNIVERSITAS ISLAM INDONESIA,5.0,False
S3,univ_s1,2022,UNIVERSITAS LAMPUNG,5.0,False
S3,univ_s1,2022,UNIVERSITAS HASANUDDIN,4.0,False
S3,univ_s1,2022,UNIVERSITAS NEGERI MEDAN,4.0,False
S3,univ_s1,2022,INSTITUT TEKNOLOGI SEPULUH NOPEMBER,3.0,False
S3,univ_s1,2022,UNIVERSITAS NEGERI SEMARANG,3.0,False
S3,univ_s1,2022,UNIVERSITAS NUSA CENDANA,3.0,False
S3,univ_s1,2022,ELEKTRONIKA & INSTRUMENTASI UGM,,True
S3,univ_s1,2022,ILMU KOMPUTER FMIPA UGM,,True
S3,univ_s1,2022,INSTITUT PERTANIAN BOGOR,,True
S3,univ_s1,2022,INSTITUT PERTANIAN BOGOR (IPB UNIVERSITY),,True
S3,univ_s1,2022,INSTITUT TEKNOLOGI TELKOM,,True
S3,univ_s1,2022,JURUSAN MATEMATIKA FMIPA UNIVERSITAS RIAU,,True
S3,univ_s1,2022,POLITEKNIK ELEKTRONIKA NEGERI SURABAYA,,True
S3,univ_s1,2022,PRODI S1 MATEMATIKA FMIPA UGM,,True
S3,univ_s1,2022,"PROGRAM SARJANA, PROGRAM STUDI MATEMATIKA, FAKULTAS MATEMATIKA DAN ILMU PENGETAHUAN ALAM, UNIVERSITAS GADJAH MADA",,True
S3,univ_s1,2022,"PROGRAM STUDI KARTOGRAFI DAN PENGINDERAAN JAUH, FAKULTAS GEOGRAFI, UNIVERSITAS GADJAH MADA",,True
S3,univ_s1,2022,PROGRAM STUDI STATISTIKA UNIVERSITAS GADJAH MADA,,True
S3,univ_s1,2022,"S1 ELEKTRONIKA DAN INSTRUMENTASI, FAKULTAS MATEMATIKA DAN ILMU PENGETAHUAN ALAM, UNIVERSITAS GADJAH MADA",,True
S3,univ_s1,2022,SEKOLAH TINGGI INFORMATIKA & KOMPUTER INDONESIA (STIKI),,True
S3,univ_s1,2022,SEKOLAH TINGGI TEKNOLOGI TELKOM,,True
S3,univ_s1,2022,STMIK POTENSI UTAMA MEDAN,,True
S3,univ_s1,2022,STMIK SAMARINDA,,True
S3,univ_s1,2022,STMIK TASIKMALAYA,,True
S3,univ_s1,2022,STMIK TEKNOKRAT,,True
S3,univ_s1,2022,UNIVERSITAS AHMAD DAHLAN,,True
S3,univ_s1,2022,UNIVERSITAS AHMAD DAHLAN YOGYKARTA,,True
S3,univ_s1,2022,UNIVERSITAS AIRLANGGA,,True
S3,univ_s1,2022,UNIVERSITAS BENGKULU,,True
S3,univ_s1,2022,UNIVERSITAS BINA DARMA,,True
S3,univ_s1,2022,UNIVERSITAS BRAWIJAYA,,True
S3,univ_s1,2022,UNIVERSITAS CENDERAWASIH,,True
S3,univ_s1,2022,UNIVERSITAS DIAN NUSWANTORO SEMARANG,,True
S3,univ_s1,2022,UNIVERSITAS DIPONEGORO,,True
S3,univ_s1,2022,UNIVERSITAS DR. SOETOMO,,True
S3,univ_s1,2022,UNIVERSITAS HALU OLEO,,True
S3,univ_s1,2022,UNIVERSITAS HALUOEO,,True
S3,univ_s1,2022,UNIVERSITAS INDONESIA,,True
S3,univ_s1,2022,UNIVERSITAS JENDERAL SOEDIRMAN,,True
S3,univ_s1,2022,UNIVERSITAS KHAIRUN,,True
S3,univ_s1,2022,UNIVERSITAS KRISTEN SATYA WACANA,,True
S3,univ_s1,2022,UNIVERSITAS NEGERI MAKASSAR,,True
S3,univ_s1,2022,UNIVERSITAS NUSA BANGSA,,True
S3,univ_s1,2022,UNIVERSITAS NUSA NIPA,,True
S3,univ_s1,2022,UNIVERSITAS NUSANTARA MANADO,,True
S3,univ_s1,2022,UNIVERSITAS PADJADJARAN,,True
S3,univ_s1,2022,"UNIVERSITAS PEMBANGUNAN NASIONAL ""VETERAN"" YOGYAKARTA",,True
S3,univ_s1,2022,UNIVERSITAS SAINS DAN TEKNOLOGI JAYAPURA,,True
S3,univ_s1,2022,UNIVERSITAS SEBELAS MARET,,True
S3,univ_s1,2022,UNIVERSITAS SEBELAS MARET (UNS) SURAKARTA,,True
S3,univ_s1,2022,UNIVERSITAS SUMATERA UTARA,,True
S3,univ_s1,2022,UNIVERSITAS TANJUNGPURA,,True
S3,univ_s1,2022,UNIVESRITAS GADJAH MADA,,True
S3,univ_s1,2023,UNIVERSITAS GADJAH MADA,15.0,False
S3,univ_s1,2023,UNIVERSITAS NEGERI YOGYAKARTA,7.0,False
S3,univ_s1,2023,UNIVERSITAS JENDERAL SOEDIRMAN,4.0,False
S3,univ_s1,2023,UNIVERSITAS KRISTEN SATYA WACANA,3.0,False
S3,univ_s1,2023,UNIVERSITAS SEBELAS MARET,3.0,False
S3,univ_s1,2023,"DEPARTEMEN FISIKA, FAKULTAS SAINS DAN MATEMATIKA, UNIVERSITAS DIPONEGORO",,True
S3,univ_s1,2023,DILI INSTITUTE OF TECHNOLOGY,,True
S3,univ_s1,2023,FAKULTAS MIPA JURUSAN FISIKA UNIVERSITAS GADJAH MADA,,True
S3,univ_s1,2023,IKI NEGERI MALANG,,True
S3,univ_s1,2023,INSTITUT PERTANIAN BOGOR,,True
S3,univ_s1,2023,INSTITUT TEKNOLOGI BANDUNG,,True
S3,univ_s1,2023,INSTITUT TEKNOLOGI SEPULUH NOPEMBER SURABAYA,,True
S3,univ_s1,2023,INSTITUT TEKNOLOGI TELKOM,,True
S3,univ_s1,2023,S1 ILMU KOMPUTER FMIPA UNIVERSITAS GADJAH MADA,,True
S3,univ_s1,2023,SEKOLAH TINGGI ILMU KOMPUTER (STIKOM) AMBON,,True
S3,univ_s1,2023,SEKOLAH TINGGI SAINS DAN TEKNOLOGI INDONESIA,,True
S3,univ_s1,2023,SEKOLAH TINGGI SANDI NEGARA,,True
S3,univ_s1,2023,STIMIK AMIKOM YOGYAKARTA,,True
S3,univ_s1,2023,STMIK AMIKOM YOGYAKARTA,,True
S3,univ_s1,2023,STMIK SINAR NUSANTARA,,True
S3,univ_s1,2023,STMIK WIDYA CIPTA DHARMA SAMARINDA,,True
S3,univ_s1,2023,UIN ALAUDDIN MAKASSAR,,True
S3,univ_s1,2023,UNIVERSITAS AIRLANGGA,,True
S3,univ_s1,2023,UNIVERSITAS AL ASYARIAH MANDAR,,True
S3,univ_s1,2023,UNIVERSITAS AMIKOM YOGYAKARTA,,True
S3,univ_s1,2023,UNIVERSITAS BOYOLALI,,True
S3,univ_s1,2023,UNIVERSITAS BRAWIJAYA,,True
S3,univ_s1,2023,UNIVERSITAS DIAN NUSWANTORO,,True
S3,univ_s1,2023,UNIVERSITAS DIPONEGORO,,True
S3,univ_s1,2023,UNIVERSITAS GAJAH MADA,,True
S3,univ_s1,2023,UNIVERSITAS GUNADARMA,,True
S3,univ_s1,2023,UNIVERSITAS HASANUDDIN,,True
S3,univ_s1,2023,UNIVERSITAS ISLAM INDONESIA,,True
S3,univ_s1,2023,UNIVERSITAS ISLAM NEGERI SUNAN KALIJAGA,,True
S3,univ_s1,2023,UNIVERSITAS JAMBI,,True
S3,univ_s1,2023,UNIVERSITAS JENDERAL SOEDIRMAN (UNSOED),,True
S3,univ_s1,2023,UNIVERSITAS KHAIRUN,,True
S3,univ_s1,2023,UNIVERSITAS LAMPUNG,,True
S3,univ_s1,2023,UNIVERSITAS MATARAM,,True
S3,univ_s1,2023,UNIVERSITAS MULAWARMAN,,True
S3,univ_s1,2023,UNIVERSITAS NAHDLATUL ULAMA SIDOARJO,,True
S3,univ_s1,2023,UNIVERSITAS NEGERI MALANG,,True
S3,univ_s1,2023,UNIVERSITAS NEGERI MEDAN,,True
S3,univ_s1,2023,UNIVERSITAS NEGERI SEMARANG,,True
S3,univ_s1,2023,UNIVERSITAS NEGERI SURABAYA,,True
S3,univ_s1,2023,UNIVERSITAS NUSA CENDANA (UNDANA),,True
S3,univ_s1,2023,UNIVERSITAS PADJADJARAN,,True
S3,univ_s1,2023,"UNIVERSITAS PEMBANGUNAN NASIONAL ""VETERAN"" YOGYAKARTA",,True
S3,univ_s1,2023,UNIVERSITAS PEMBANGUNAN PANCA BUDI,,True
S3,univ_s1,2023,UNIVERSITAS PENDIDIKAN INDONESIA,,True
S3,univ_s1,2023,UNIVERSITAS SUMATERA UTARA,,True
S3,univ_s1,2023,UNIVERSITAS UDAYANA,,True
S3,univ_s1,2024,UNIVERSITAS GADJAH MADA,16.0,False
S3,univ_s1,2024,UNIVERSITAS SEBELAS MARET,4.0,False
S3,univ_s1,2024,UNIVERSITAS NUSA CENDANA,3.0,False
S3,univ_s1,2024,DELFT UNIVERSITY OF TECHNOLOGY,,True
S3,univ_s1,2024,IKIP MATARAM,,True
S3,univ_s1,2024,INSTITUT PERTANIAN BOGOR,,True
S3,univ_s1,2024,INSTITUT TEKNOLOGI BANDUNG,,True
S3,univ_s1,2024,INSTITUT TEKNOLOGI SEPULUH NOPEMBER,,True
S3,univ_s1,2024,INSTITUT TEKNOLOGI SEPULUH NOPEMBER (ITS) SURABAYA,,True
S3,univ_s1,2024,INSTITUT TEKNOLOGI TELKOM,,True
S3,univ_s1,2024,KHWAJA FAREED UNIVERSITY OF ENGINEERING & INFORMATION TECHNOLOGY,,True
S3,univ_s1,2024,MATEMATIKA,,True
S3,univ_s1,2024,"PROGRAM STUDI TEKNIK INFORMATIKA, UNIVERSITAS KATOLIK SOEGIJAPRANATA",,True
S3,univ_s1,2024,ROYAL UNIVERSITY OF PHNOM PENH,,True
S3,univ_s1,2024,SEKOLAH TINGGI METEOROLOGI KLIMATOLOGI DAN GEOFISIKA,,True
S3,univ_s1,2024,STMIK WIDYA PRATAMA,,True
S3,univ_s1,2024,TEXAS A&M UNIVERSITY,,True
S3,univ_s1,2024,UNIVERSITAS AHMAD DAHLAN,,True
S3,univ_s1,2024,UNIVERSITAS ANDALAS,,True
S3,univ_s1,2024,UNIVERSITAS BRAWIJAYA,,True
S3,univ_s1,2024,UNIVERSITAS BUNG HATTA,,True
S3,univ_s1,2024,UNIVERSITAS CENDERAWASIH,,True
S3,univ_s1,2024,UNIVERSITAS DIPONEGORO,,True
S3,univ_s1,2024,UNIVERSITAS GUNADARMA,,True
S3,univ_s1,2024,UNIVERSITAS HALU OLEO,,True
S3,univ_s1,2024,UNIVERSITAS HARAPAN MEDAN,,True
S3,univ_s1,2024,UNIVERSITAS INDONESIA,,True
S3,univ_s1,2024,UNIVERSITAS ISLAM INDONESIA,,True
S3,univ_s1,2024,UNIVERSITAS ISLAM NEGERI SYARIF HIDAYATULLAH JAKARTA,,True
S3,univ_s1,2024,UNIVERSITAS JEMBER,,True
S3,univ_s1,2024,UNIVERSITAS JENDERAL SOEDIRMAN,,True
S3,univ_s1,2024,UNIVERSITAS KRISTEN DUTA WACANA,,True
S3,univ_s1,2024,UNIVERSITAS LAMPUNG,,True
S3,univ_s1,2024,UNIVERSITAS MUHAMMADIYAH PURWOREJO,,True
S3,univ_s1,2024,UNIVERSITAS MUHAMMADIYAH SURAKARTA,,True
S3,univ_s1,2024,UNIVERSITAS NEGERI GORONTALO,,True
S3,univ_s1,2024,UNIVERSITAS NEGERI MAKASSAR,,True
S3,univ_s1,2024,UNIVERSITAS NEGERI MALANG,,True
S3,univ_s1,2024,UNIVERSITAS NEGERI PADANG,,True
S3,univ_s1,2024,UNIVERSITAS NEGERI SEMARANG,,True
S3,univ_s1,2024,UNIVERSITAS NEGERI YOGYAKARTA,,True
S3,univ_s1,2024,UNIVERSITAS PADJADJARAN,,True
S3,univ_s1,2024,UNIVERSITAS RIAU,,True
S3,univ_s1,2024,UNIVERSITAS SAM RATULANGI,,True
S3,univ_s1,2024,UNIVERSITAS SEBELAS MARET SURAKARTA (UNS),,True
S3,univ_s1,2024,UNIVERSITAS SRIWIJAYA,,True
S3,univ_s1,2024,UNIVERSITAS SRIWJAYA,,True
S3,univ_s1,2024,UNIVERSITAS STIKUBANK SEMARANG,,True
S3,univ_s1,2024,UNIVERSITAS SURABAYA,,True
S3,univ_s1,2024,UNIVERSITAS SYIAH KUALA,,True
S3,univ_s1,2024,UNIVERSITAS TANJUNGPURA,,True
S3,univ_s1,2024,UNIVERSITAS TIMOR,,True
S3,univ_s1,2024,UPI,,True
S3,univ_s1,2024,"UPN ""VETRERAN"" YOGYAKARTA",,True
S3,univ_s1,2025,UNIVERSITAS GADJAH MADA,18.0,False
S3,univ_s1,2025,UNIVERSITAS NEGERI MAKASSAR,6.0,False
S3,univ_s1,2025,UNIVERSITAS NEGERI SEMARANG,4.0,False
S3,univ_s1,2025,INSTITUT TEKNOLOGI SEPULUH NOPEMBER,3.0,False
S3,univ_s1,2025,UNIVERSITAS BRAWIJAYA,3.0,False
S3,univ_s1,2025,UNIVERSITAS DIPONEGORO,3.0,False
S3,univ_s1,2025,UNIVERSITAS ISLAM INDONESIA,3.0,False
S3,univ_s1,2025,UNIVERSITAS LAMPUNG,3.0,False
S3,univ_s1,2025,UNIVERSITAS SRIWIJAYA,3.0,False
S3,univ_s1,2025,ELEKTRONIKA DAN INSTRUMENTASI DIKE UGM,,True
S3,univ_s1,2025,ELEKTRONIKA DAN INSTRUMENTASI UGM,,True
S3,univ_s1,2025,IAIN IMAM BONJOL PADANG,,True
S3,univ_s1,2025,INSTITUT SAINS DAN TEKNOLOGI TD. PARDEDE (ISTP) MEDAN,,True
S3,univ_s1,2025,INSTITUT TEKNOLOGI BANDUNG,,True
S3,univ_s1,2025,INSTITUT TEKNOLOGI DAN BISNIS STIKOM BALI,,True
S3,univ_s1,2025,IST AKPRIND YOGYAKARTA,,True
S3,univ_s1,2025,ITB STIKOM BALI,,True
S3,univ_s1,2025,"KIMIA, MIPA, UNIVERSITAS HASANUDDIN",,True
S3,univ_s1,2025,"MUSLIM UNIVERSITY OF MOROGORO, TANZANIA",,True
S3,univ_s1,2025,NANYANG TECHNOLOGICAL UNIVERSITY,,True
S3,univ_s1,2025,"PENDIDIKAN FISIKA, FAKULTAS KEGURUAN DAN ILMU PENDIDIKAN, UNIVERSITAS HALU OLEO",,True
S3,univ_s1,2025,PENDIDIKAN KIMIA UNIVERSITAS NEGERI YOGYAKARTA,,True
S3,univ_s1,2025,POLITEKNIK ELEKTRONIKA NEGERI SURABAYA,,True
S3,univ_s1,2025,PROGRAM STUDI MATEMATIKA FMIPA UNIVERSITAS RIAU,,True
S3,univ_s1,2025,"PROGRAM STUDI MATEMATIKA, FMIPA ULM",,True
S3,univ_s1,2025,"PROGRAM STUDI TEKNIK ELEKTRO, FAKULTAS TEKNIK, UNIVERSITAS GADJAH MADA",,True
S3,univ_s1,2025,STKIP MUHAMMADIYAH KUNINGAN,,True
S3,univ_s1,2025,STMIK AMIKOM PURWOKERTO,,True
S3,univ_s1,2025,STMIK DIPANEGARA MAKSASSAR,,True
S3,univ_s1,2025,UIN SUNAN KALIJAGA YOGYAKARTA,,True
S3,univ_s1,2025,UNIVERSITAR NEGERI YOGYAKARTA,,True
S3,univ_s1,2025,UNIVERSITAS AHMAD DAHLAN,,True
S3,univ_s1,2025,UNIVERSITAS ATMA JAYA YOGYAKARTA,,True
S3,univ_s1,2025,UNIVERSITAS BENGKULU,,True
S3,univ_s1,2025,UNIVERSITAS BINA NUSANTARA,,True
S3,univ_s1,2025,UNIVERSITAS DIAN NUSWANTORO,,True
S3,univ_s1,2025,UNIVERSITAS GADJAG MADA,,True
S3,univ_s1,2025,UNIVERSITAS HALU OLEO,,True
S3,univ_s1,2025,UNIVERSITAS HASANUDDIN,,True
S3,univ_s1,2025,UNIVERSITAS INDRAPRASTA PGRI,,True
S3,univ_s1,2025,UNIVERSITAS JABAL GHAFUR,,True
S3,univ_s1,2025,UNIVERSITAS JAYA BAYA,,True
S3,univ_s1,2025,UNIVERSITAS JENDERAL ACHMAD YANI,,True
S3,univ_s1,2025,UNIVERSITAS JENDERAL SOEDIRMAN,,True
S3,univ_s1,2025,UNIVERSITAS KHAIRUN,,True
S3,univ_s1,2025,UNIVERSITAS KLABAT,,True
S3,univ_s1,2025,UNIVERSITAS KRISTEN DUTA WACANA,,True
S3,univ_s1,2025,UNIVERSITAS KRISTEN SATYA WACANA,,True
S3,univ_s1,2025,UNIVERSITAS LAMBUNG MANGKURAT,,True
S3,univ_s1,2025,UNIVERSITAS MATARAM,,True
S3,univ_s1,2025,UNIVERSITAS MUHAMMADIYAH MAKASSAR,,True
S3,univ_s1,2025,UNIVERSITAS MUHAMMADIYAH MALANG,,True
S3,univ_s1,2025,UNIVERSITAS NEGERI GORONTALO,,True
S3,univ_s1,2025,UNIVERSITAS NEGERI JAKARTA,,True
S3,univ_s1,2025,UNIVERSITAS NEGERI MALANG,,True
S3,univ_s1,2025,UNIVERSITAS NEGERI MANADO,,True
S3,univ_s1,2025,UNIVERSITAS NEGERI YOGYAKARTA,,True
S3,univ_s1,2025,UNIVERSITAS NEGERI YOGYAKARTA (UNY),,True
S3,univ_s1,2025,UNIVERSITAS NUSA CENDANA,,True
S3,univ_s1,2025,UNIVERSITAS PATTIMURA,,True
S3,univ_s1,2025,UNIVERSITAS PEMBANGUNAN NASIONAL VETERAN YOGYAKARTA,,True
S3,univ_s1,2025,UNIVERSITAS PERSADA INDONESIA Y.A.I,,True
S3,univ_s1,2025,UNIVERSITAS RIAU,,True
S3,univ_s1,2025,UNIVERSITAS SEBELAS MARET,,True
S3,univ_s1,2025,UNIVERSITAS SEBELAS MARET SURAKARTA,,True
S3,univ_s1,2025,UNIVERSITAS SULTAN AGENG TIRTAYASA,,True
S3,univ_s1,2025,UNIVERSITAS TADULAKO,,True
S3,univ_s1,2025,UNIVERSITAS TELKOM,,True
S3,univ_s1,2025,UNIVERSITI TEKNOLOGI MALAYSIA,,True
S3,univ_s1,2026,UNIVERSITAS GADJAH MADA,9.0,False
S3,univ_s1,2026,STMIK AMIKOM YOGYAKARTA,3.0,False
S3,univ_s1,2026,UGM,3.0,False
S3,univ_s1,2026,UNIVERSITAS DIPONEGORO,3.0,False
S3,univ_s1,2026,UNIVERSITAS NEGERI YOGYAKARTA,3.0,False
S3,univ_s1,2026,INSTITUR TEKNOLOGI SEPULUH NOPEMBER,,True
S3,univ_s1,2026,INSTITUT AGAMA ISLAM NEGERI WALISONGO,,True
S3,univ_s1,2026,INSTITUT PERTANIAN BOGOR,,True
S3,univ_s1,2026,INSTITUT TEKNOLOGI SEPULUH NOPEMBER,,True
S3,univ_s1,2026,KIMIA FMIPA UGM,,True
S3,univ_s1,2026,STIMIK AMIKOM YOGYAKARTA,,True
S3,univ_s1,2026,TELKOM UNIVERSITY,,True
S3,univ_s1,2026,UNIVERSITAS AIRLANGGA,,True
S3,univ_s1,2026,UNIVERSITAS AMIKOM YOGYAKARTA,,True
S3,univ_s1,2026,UNIVERSITAS ANDALAS,,True
S3,univ_s1,2026,UNIVERSITAS ATMA JAYA YOGYAKARTA,,True
S3,univ_s1,2026,UNIVERSITAS BENGKULU,,True
S3,univ_s1,2026,UNIVERSITAS BRAWIJAYA,,True
S3,univ_s1,2026,UNIVERSITAS DIAN NUSWANTORO,,True
S3,univ_s1,2026,"UNIVERSITAS DIPONEGORO, S1 MATEMATIKA",,True
S3,univ_s1,2026,UNIVERSITAS GADJAH MADA (UGM),,True
S3,univ_s1,2026,UNIVERSITAS ISLAM NEGERI MAULANA MALIK IBRAHIM MALANG,,True
S3,univ_s1,2026,UNIVERSITAS ISLAM NEGERI SULTAN SYARIF KASIM RIAU,,True
S3,univ_s1,2026,UNIVERSITAS ISLAM NEGERI SUNAN KALIJAGA,,True
S3,univ_s1,2026,UNIVERSITAS JENDERAL SOEDIRMAN,,True
S3,univ_s1,2026,UNIVERSITAS KATOLIK WIDYA MANDIRA KUPANG,,True
S3,univ_s1,2026,UNIVERSITAS KRISTEN PETRA SURABAYA,,True
S3,univ_s1,2026,UNIVERSITAS MUHAMMADIYAH MAGELANG,,True
S3,univ_s1,2026,UNIVERSITAS MUHAMMADIYAH SURAKARTA,,True
S3,univ_s1,2026,UNIVERSITAS MURIA KUDUS,,True
S3,univ_s1,2026,UNIVERSITAS MUSAMUS MERAUKE,,True
S3,univ_s1,2026,UNIVERSITAS NEGERI MAKASSAR,,True
S3,univ_s1,2026,UNIVERSITAS NEGERI MALANG,,True
S3,univ_s1,2026,UNIVERSITAS NEGERI MEDAN,,True
S3,univ_s1,2026,UNIVERSITAS NEGERI PADANG,,True
S3,univ_s1,2026,UNIVERSITAS NEGERI SEMARANG,,True
S3,univ_s1,2026,UNIVERSITAS NEGERI SURABAYA,,True
S3,univ_s1,2026,UNIVERSITAS NUSA NIPA,,True
S3,univ_s1,2026,UNIVERSITAS PADJADJARAN (UNPAD),,True
S3,univ_s1,2026,UNIVERSITAS PALANGKA RAYA,,True
S3,univ_s1,2026,UNIVERSITAS PATTIMURA,,True
S3,univ_s1,2026,UNIVERSITAS RIAU,,True
S3,univ_s1,2026,UNIVERSITAS SEBELAS MARET,,True
S3,univ_s1,2026,UNIVERSITAS SEBELAS MARET SURAKARTA,,True
S3,univ_s1,2026,UNIVERSITAS SUMATERA UTARA,,True
S3,univ_s1,2026,UNIVERSITAS TRUNOJOYO MADURA,,True
S3,univ_s1,2026,UNIVERSITAS WAHID HASYIM,,True
S3,univ_s1,2026,UNIVERSITI UTARA MALAYSIA,,True
