cluster,topic,dept,n,sample,prominence,dept_counts
Adsorption Mechanisms for Metal Ion Removal,Selective Adsorption of Precious Metal Ions,Kimia,96,"[""Simultaneous removal of lead(II), chromium(III), and copper(II) heavy metal ions through an adsorption process using C-phenylcalix[4]pyrogallolarene material"", ""Chitosan-functionalized natural magnetic particle@silica modified with (3-chloropropyl)trimethoxysilane as a highly stable magnetic adsorbent for gold(III) ion"", ""Linear and nonlinear modeling of kinetics and isotherm of malachite green dye adsorption to trimellitic-modified pineapple peel""]",97.7,"{""Kimia"": 76, ""Fisika"": 12, ""Belum terpetakan"": 1, ""Matematika"": 3, ""Ilmu Komputer dan Elektronika"": 4}"
"Image Segmentation, Deep Neural Networks and Object Detection",Deep Learning Techniques for Plant Disease Detection,Ilmu Komputer dan Elektronika,86,"[""Understanding of Convolutional Neural Network (CNN): A Review"", ""ALERT: Accurate learning for energy and timeliness"", ""Comparison of Multi-Label U-Net and Mask R-CNN for panoramic radiograph segmentation to detect periodontitis""]",100.0,"{""Ilmu Komputer dan Elektronika"": 68, ""Fisika"": 5, ""Matematika"": 6, ""Kimia"": 7}"
Catalytic Pyrolysis and Bio-Oil Production Potential,Catalytic Innovations in Biofuel Production,Kimia,85,"[""A Comprehensive Review of Experimental Parameters in Bio-oil Upgrading from Pyrolysis of Biomass to Biofuel Through Catalytic Hydrodeoxygenation"", ""Hydrocracking optimization of palm oil to bio-gasoline and bio-aviation fuels using molybdenum nitride-bentonite catalyst"", ""Green synthesis of hierarchical porous carbon prepared from coconut lumber sawdust as Ni-based catalyst support for hydrotreating Callophyllum inophyllum oil""]",94.2,"{""Kimia"": 81, ""Matematika"": 2, ""Ilmu Komputer dan Elektronika"": 2}"
Photocatalytic Properties of Titanium Dioxide Structures,Photocatalytic Innovations in Titanium Dioxide Applications,Kimia,72,"[""High reusability of green-synthesized Fe3O4/TiO2 photocatalyst nanoparticles for efficient degradation of methylene blue dye"", ""Doping TiO2 with Fe from iron rusty waste for enhancing its activity under visible light in the Congo red dye photodegradation"", ""Photocatalytic degradation of naphthol blue from Batik waste water using functionalized TiO2-based composites""]",92.5,"{""Fisika"": 11, ""Kimia"": 52, ""Matematika"": 4, ""Belum terpetakan"": 3, ""Ilmu Komputer dan Elektronika"": 2}"
Innovative Gas Sensors for Environmental Monitoring,Quartz Crystal Microbalance Sensors for Gas Detection,Fisika,67,"[""Gas and humidity sensing with quartz crystal microbalance (QCM) coated with graphene-based materials – A mini review"", ""Fast and noninvasive electronic nose for sniffing out COVID-19 based on exhaled breath-print recognition"", ""Gas sensor array to classify the chicken meat with E. coli contaminant by using random forest and support vector machine""]",96.1,"{""Fisika"": 41, ""Belum terpetakan"": 4, ""Kimia"": 11, ""Ilmu Komputer dan Elektronika"": 8, ""Matematika"": 3}"
Hydroxyapatite Applications in Biomedical Engineering,Hydroxyapatite Nanoparticles in Biomedical Applications,Fisika,56,"[""Bioceramic hydroxyapatite-based scaffold with a porous structure using honeycomb as a natural polymeric Porogen for bone tissue engineering"", ""Porous structure of bioceramics carbonated hydroxyapatite-based honeycomb scaffold for bone tissue engineering"", ""Porous carbonated hydroxyapatite-based scaffold using simple gas foaming method""]",70.7,"{""Fisika"": 50, ""Kimia"": 4, ""Matematika"": 1, ""Ilmu Komputer dan Elektronika"": 1}"
Machine Learning Techniques in Sentiment Analysis,Transformative Approaches in Language Model Performance,Ilmu Komputer dan Elektronika,52,"[""BLEND: A Benchmark for LLMs on Everyday Knowledge in Diverse Cultures and Languages"", ""NusaCrowd: Open Source Initiative for Indonesian NLP Resources"", ""CLICK-ID: A novel dataset for Indonesian clickbait headlines""]",99.9,"{""Ilmu Komputer dan Elektronika"": 38, ""Fisika"": 5, ""Matematika"": 3, ""Kimia"": 5, ""Belum terpetakan"": 1}"
Earthquake Dynamics and Volcanic Processes,Dynamics of Magma and Volcanic Eruptions,Fisika,49,"[""Hidden mechanical weaknesses within lava domes provided by buried high-porosity hydrothermal alteration zones"", ""Porosity, strength, and alteration – Towards a new volcano stability assessment tool using VNIR-SWIR reflectance spectroscopy"", ""LiDAR and UAV SfM-MVS of Merapi Volcanic Dome and Crater Rim Change from 2012 to 2014""]",57.1,"{""Fisika"": 36, ""Kimia"": 5, ""Belum terpetakan"": 2, ""Matematika"": 5, ""Ilmu Komputer dan Elektronika"": 1}"
Zeolite Catalysts in Chemical Reaction Optimization,Catalytic Innovations in Zirconia-Based Isomerization,Kimia,40,"[""Recent Progress on Sulfated Nanozirconia as a Solid Acid Catalyst in the Hydrocracking Reaction"", ""Highly selective hierarchical ZSM-5 from kaolin for catalytic cracking of Calophyllum inophyllum oil to biofuel"", ""Synthesis of nickel catalyst supported on ZrO2/SO4pillared bentonite and its application for conversion of coconut oil into gasoline via hydrocracking process""]",60.6,"{""Kimia"": 36, ""Matematika"": 2, ""Ilmu Komputer dan Elektronika"": 2}"
Biodiesel Production and Environmental Impacts,Catalytic Advances in Biodiesel Production Processes,Kimia,38,"[""The synthesis of SO4/ZrO2and Zr/CaO catalysts via hydrothermal treatment and their application for conversion of low-grade coconut oil into biodiesel"", ""Hydrothermal treatment of SO4/TiO2 and TiO2/CaO as heterogeneous catalysts for the conversion of Jatropha oil into biodiesel"", ""Environmental Impacts and the Food vs. Fuel Debate: A Critical Review of Palm Oil as Biodiesel""]",89.3,"{""Kimia"": 35, ""Matematika"": 1, ""Fisika"": 2}"
Hydrogen Bonding and Complexation in Crystalline Structures,Photochromic Dithizone Complexes in Metal Ion Removal,Kimia,38,"[""Synthesis and evaluation of chalcone derivatives as novel sunscreen agent"", ""Simultaneous Adsorption of Zn(II) and Hg(II) Ions on Selective Adsorbent of Dithizone-Immobilized Bentonite in the Presence of Mg(II) Ion"", ""Eco-friendly immobilization of dithizone on coal bottom ash for the adsorption of lead(II) ion from water""]",69.2,"{""Kimia"": 35, ""Fisika"": 2, ""Matematika"": 1}"
Perovskite and Dye-Sensitized Solar Cell Innovations,Lead-Free Perovskite Solar Cells,Fisika,35,"[""Performance analysis of carbon-based perovskite solar cells by graphene oxide as hole transport layer: Experimental and numerical simulation"", ""Integrated adsorption and photocatalytic removal of methylene blue dye from aqueous solution by hierarchical Nb2O5@PAN/PVDF/ANO composite nanofibers"", ""Natural resources for dye-sensitized solar cells""]",99.4,"{""Fisika"": 17, ""Belum terpetakan"": 2, ""Kimia"": 12, ""Ilmu Komputer dan Elektronika"": 3, ""Matematika"": 1}"
Structure and Properties of Algebraic Systems,Properties and Structures of Prime Submodules,Matematika,34,"[""Krull modules and completely integrally closed modules"", ""On Unique Factorization Modules: A Submodule Approach"", ""Finitely generated torsion-free modules over integrally closed domains""]",7.7,"{""Matematika"": 24, ""Fisika"": 4, ""Ilmu Komputer dan Elektronika"": 2, ""Kimia"": 4}"
Antioxidant Compounds and Their Medicinal Potential,Health Benefits of Garcinia Mangostana Compounds,Kimia,33,"[""An update on the anticancer activity of xanthone derivatives: A review"", ""Phytochemical screening and metabolomic approach based on Fourier transform infrared (FTIR): Identification of α-amylase inhibitor metabolites in Vernonia amygdalina leaves"", ""Synthesis and in vitro assay of hydroxyxanthones as antioxidant and anticancer agents""]",97.5,"{""Kimia"": 28, ""Fisika"": 3, ""Belum terpetakan"": 1, ""Ilmu Komputer dan Elektronika"": 1}"
Risk Management and Optimization in Financial Markets,Robust Portfolio Optimization and Risk Management,Matematika,33,"[""Robust covariance estimators for mean-variance portfolio optimization with transaction lots"", ""Modified capital asset pricing model (CAPM) into sharia framework"", ""Robust mean–variance portfolio selection using cluster analysis: A comparison between kamila and weighted k-mean clustering""]",75.4,"{""Belum terpetakan"": 2, ""Matematika"": 26, ""Fisika"": 3, ""Ilmu Komputer dan Elektronika"": 2}"
Carbon Quantum Dots and Organic Light Emitting Devices,Fluorescent Carbon Dots in Biomedical Applications,Kimia,31,"[""Green synthesis of magnetically separable and reusable Fe3O4/Cdots nanocomposites photocatalyst utilizing Moringa oleifera extract and watermelon peel for rapid dye degradation"", ""Transforming high-density polyethylene plastic bags into eco-friendly carbon dots for detecting ferric (Fe3+) ions"", ""Highly fluorescent nitrogen-doped graphene quantum dots (N-GQDs) synthesized from Pennisetum purpureum for selective and sensitive detection of Fe3+ ions""]",97.3,"{""Fisika"": 11, ""Kimia"": 17, ""Ilmu Komputer dan Elektronika"": 3}"
Graphene-Based Nanocomposites for Enhanced Properties,Graphene Nanocomposites and Their Multifaceted Applications,Kimia,30,"[""Electrolyte effect in electrochemical exfoliation of graphite"", ""Challenges of using natural extracts as green reducing agents in the synthesis of rGO: A brief review"", ""Nanocomposites based on biocompatible polymers and graphene oxide for antibacterial coatings""]",92.6,"{""Kimia"": 15, ""Fisika"": 9, ""Belum terpetakan"": 3, ""Matematika"": 2, ""Ilmu Komputer dan Elektronika"": 1}"
Properties and Applications of Two-Dimensional Materials,MXenes in Energy Storage and Sensing Applications,Kimia,30,"[""Recent advances and latest technologies in energy storage applications based on 2D MXene"", ""Spin splitting with persistent spin textures induced by the line defect in the 1T phase of monolayer transition metal dichalcogenides"", ""2D MXene-polymer based composites for biomedical applications""]",98.6,"{""Kimia"": 13, ""Fisika"": 13, ""Matematika"": 3, ""Ilmu Komputer dan Elektronika"": 1}"
"COVID-19, Its Impact, and Vaccination",Modeling COVID-19 Dynamics and Control Strategies,Ilmu Komputer dan Elektronika,29,"[""Real-time forecasting of the COVID-19 epidemic using the richards model in South Sulawesi, Indonesia"", ""Myocarditis and pericarditis associated with SARS-CoV-2 vaccines: A population-based descriptive cohort and a nested self-controlled risk interval study using electronic health care data from four European countries"", ""Molecular epidemiology of SARS-CoV-2 isolated from COVID-19 family clusters""]",99.2,"{""Belum terpetakan"": 4, ""Matematika"": 8, ""Ilmu Komputer dan Elektronika"": 11, ""Kimia"": 5, ""Fisika"": 1}"
Humidity Sensors and Microfluidic Technologies,Magnetic Nanoparticles in Microfluidic Applications,Fisika,29,"[""Quartz crystal microbalance humidity sensors integrated with hydrophilic polyethyleneimine-grafted polyacrylonitrile nanofibers"", ""Detection of green-synthesized magnetite nanoparticles using spin-valve GMR-based sensor and their potential as magnetic labels"", ""New design of a commercial chip-based GMR sensor with magnetite nanoparticles for biosensing applications""]",55.1,"{""Fisika"": 27, ""Kimia"": 1, ""Ilmu Komputer dan Elektronika"": 1}"
Magnetic Nanoparticles in Biomedical Applications,Magnetic Nanoparticles in Cancer Hyperthermia Therapy,Fisika,29,"[""A synthesis of polyethylene glycol (PEG)-coated magnetite Fe3O4 nanoparticles and their characteristics for enhancement of biosensor"", ""Green synthesis of Fe3O4/Ag composite nanoparticles using Moringa oleifera: Exploring microstructure, optical, and magnetic properties for magnetic hyperthermia applications"", ""Magnetically separable and reusable Fe3O4/chitosan nanocomposites green synthesized utilizing Moringa oleifera extract for rapid photocatalytic degradation of methylene blue""]",84.5,"{""Fisika"": 19, ""Ilmu Komputer dan Elektronika"": 4, ""Matematika"": 1, ""Kimia"": 5}"
Synthesis and Antimicrobial Activity of Derivatives,Pyrazoline Derivatives in Antimicrobial and Anticancer Applications,Kimia,29,"[""A Potent EGFR Inhibitor, N-Phenyl Pyrazoline Derivative Suppresses Aggressiveness and Cancer Stem Cell-Like Phenotype of Cervical Cancer Cells"", ""Some 2-arylbenzimidazole derivatives as an antimalarial agent: Synthesis, activity assay, molecular docking and pharmacological evaluation"", ""Thiophene-based N-phenyl pyrazolines: Synthesis, anticancer activity, molecular docking and ADME study""]",70.3,"{""Kimia"": 24, ""Ilmu Komputer dan Elektronika"": 2, ""Fisika"": 2, ""Matematika"": 1}"
Nanofibers and Their Multifunctional Applications,Electrospun Nanofibers in Biomedical Applications,Fisika,27,"[""Nanofibrous poly(vinyl alcohol)/chitosan contained carbonated hydroxyapatite nanoparticles scaffold for bone tissue engineering"", ""Biopolymer-based polycaprolactone-hydroxyapatite scaffolds for bone tissue engineering"", ""Tuning a Superhydrophobic Surface on an Electrospun Polyacrylonitrile Nanofiber Membrane by Polysulfone Blending""]",92.8,"{""Fisika"": 14, ""Matematika"": 3, ""Kimia"": 8, ""Ilmu Komputer dan Elektronika"": 2}"
Properties and Applications of Silver Nanoparticles,Antimicrobial and Anticancer Applications of Nanoparticles,Kimia,27,"[""Removal of AG 25 dye from aqueous solutions and treatment of real tannery wastewater by reusable magnetic iron oxide nanoparticles loaded with pomegranate pomace extract"", ""Effect of reaction time and stability properties of gold nanoparticles synthesized by p-aminobenzoic acid and p-aminosalicylic acid"", ""Synthesis of silver nanoparticles using tyrosine as reductor and capping agent""]",96.9,"{""Kimia"": 20, ""Fisika"": 5, ""Ilmu Komputer dan Elektronika"": 1, ""Matematika"": 1}"
Metal-Organic Frameworks in Environmental Applications,Innovative MOF Membranes for Gas Separation,Kimia,25,"[""Toward hydrogen storage material in fluorinated zirconium metal-organic framework (MOF-801): A periodic density functional theory (DFT) study of fluorination and adsorption"", ""Benchmark Paraffin Adsorption in a Super-Hydrophobic Porous Coordination Polymer with Blade-Like Circular Phenyl Nanotraps"", ""Theoretical investigation on the structure of mixed-metal zeolitic imidazolate framework and its interaction with CO2""]",98.6,"{""Kimia"": 22, ""Matematika"": 1, ""Fisika"": 2}"
Molecular Dynamics and Hydrogen Bonding in Water,Hydration Dynamics and Structural Insights in Aqueous Solutions,Kimia,24,"[""The effect of electron correlation in unraveling the hydration properties of Sc3+ in aqueous solution: A rigid body quantum mechanics/molecular mechanics simulation study"", ""In Silico Investigation of Tropical Natural Product for Wild-Type and Quadrupole Mutant PfDHFR Inhibitors as Antimalarial Candidates"", ""Carbon dioxide in liquid ammonia: An ab initio Quantum Mechanical/Molecular Mechanical Molecular Dynamics Thermodynamic Integration (QM/MM MD TI) simulation study on structure, dynamics and thermodynamics of solvation""]",71.5,"{""Kimia"": 22, ""Ilmu Komputer dan Elektronika"": 1, ""Fisika"": 1}"
Optical Imaging Techniques for Tissue Analysis,Photoacoustic Imaging Techniques for Enhanced Tissue Analysis,Fisika,23,"[""Photoacoustic imaging of hidden dental caries using visible–light diode laser"", ""Photoacoustic Imaging for Periodontal Disease Examination"", ""The Influence of Diode Laser Intensity Modulation on Photoacoustic Image Quality for Oral Soft Tissue Imaging""]",60.1,"{""Fisika"": 18, ""Matematika"": 2, ""Ilmu Komputer dan Elektronika"": 2, ""Kimia"": 1}"
Surface Plasmon Resonance in Material Characterization,Surface Plasmon Resonance in Biosensing Applications,Fisika,23,"[""Localized surface plasmon resonance properties of green synthesized silver nanoparticles"", ""Silver nanoparticles-based localized surface plasmon resonance biosensor for Escherichia coli detection"", ""Green Synthesis of Fe3O4/Chitosan Nanoparticles Utilizing Moringa Oleifera Extracts and Their Surface Plasmon Resonance Propertie""]",84.8,"{""Fisika"": 16, ""Matematika"": 5, ""Kimia"": 1, ""Ilmu Komputer dan Elektronika"": 1}"
Machine Learning Techniques for Data Classification and Prediction,Class Imbalance Learning Techniques,Ilmu Komputer dan Elektronika,22,"[""SMOTE for Handling Imbalanced Data Problem : A Review"", ""Radius-SMOTE: A New Oversampling Technique of Minority Samples Based on Radius Distance for Learning from Imbalanced Data"", ""Improving classifiaction performance of fetal umbilical cord using combination of SMOTE method and multiclassifier voting in imbalanced data and small dataset""]",95.6,"{""Ilmu Komputer dan Elektronika"": 15, ""Belum terpetakan"": 1, ""Fisika"": 4, ""Matematika"": 2}"
Image Encryption and Quantum Security,Lattice-Based Cryptography and Quantum Security,Ilmu Komputer dan Elektronika,20,"[""Securing color image transmission using compression-encryption model with dynamic key generator and efficient symmetric key distribution"", ""Eight Prime Numbers of Modified RSA Algorithm Method for More Secure Single Board Computer Implementation"", ""OPTIMIZING FPGA RESOURCE ALLOCATION FOR SHA-3 USING DSP48 AND PIPELINING TECHNIQUES""]",83.5,"{""Belum terpetakan"": 2, ""Ilmu Komputer dan Elektronika"": 8, ""Kimia"": 2, ""Matematika"": 5, ""Fisika"": 3}"
Machine Learning Applications in Transport and Commerce,Innovative Approaches in Time Series Forecasting,Ilmu Komputer dan Elektronika,20,"[""Exponential Smoothing on Modeling and Forecasting Multiple Seasonal Time Series: An Overview"", ""A survey of time series forecasting from stochastic method to soft computing"", ""The generalized STAR modelling with three-dimensional of spatial weight matrix in predicting the Indonesia peatland’s water level""]",95.6,"{""Belum terpetakan"": 4, ""Matematika"": 7, ""Ilmu Komputer dan Elektronika"": 8, ""Fisika"": 1}"
Zinc Oxide Nanostructures and Applications,Zinc Oxide Nanostructures in Photocatalytic Applications,Kimia,19,"[""Enhancing photodegradation of methylene blue and reusability using CoO/ZnO composite nanoparticles"", ""Reusability of Photocatalytic CoFe2O4@ZnO Core-Shell Nanoparticles for Dye Degradation"", ""Photocatalytic activity of magnetic core-shell CoFe2O4@ZnO nanoparticles for purification of methylene blue""]",88.7,"{""Fisika"": 7, ""Kimia"": 10, ""Belum terpetakan"": 2}"
Cellulose Innovations in Material Science Applications,Cellulose Nanocrystals in Advanced Composite Materials,Fisika,18,"[""Nanocellulose-based fibres derived from palm oil by-products and their in vitro biocompatibility analysis"", ""Fabrication of Nanofiltration Membrane based on Polyvinyl Alcohol Nanofibers Reinforced with Cellulose Nanocrystal using Electrospinning Techniques"", ""Effect of glycerol plasticizer on the structure and characteristics of bacterial cellulose-based biocomposite films""]",90.8,"{""Fisika"": 8, ""Kimia"": 7, ""Matematika"": 1, ""Ilmu Komputer dan Elektronika"": 2}"
Graph Properties and Their Applications in Mathematics,Graph Colorings and Chromatic Properties Exploration,Matematika,18,"[""Total edge irregularity strength of ladder-related graphs"", ""On total edge irregularity strength of staircase graphs and related graphs"", ""Totally irregular total labeling of some caterpil-lar graphs""]",17.7,"{""Matematika"": 13, ""Fisika"": 2, ""Kimia"": 2, ""Ilmu Komputer dan Elektronika"": 1}"
Innovative Approaches in Finite Element Analysis and Crack Propagation,Boundary Element Method Applications in Heat Transfer,Matematika,18,"[""Numerical simulation of two-dimensional modified Helmholtz problems for anisotropic functionally graded materials"", ""A boundary-only integral equation method for parabolic problems of another class of anisotropic functionally graded materials"", ""A combined laplace transform and boundary element method for unsteady laplace problems of several classes of anisotropic functionally graded materials""]",67.4,"{""Matematika"": 15, ""Fisika"": 2, ""Kimia"": 1}"
Designing Technology for User-Centric Health Solutions,Ethical Design Principles in Technology Development,Ilmu Komputer dan Elektronika,17,"[""A study on the prevalence of human values in software engineering publications, 2015 2"", ""Human Values in Software Engineering: Contrasting Case Studies of Practice"", ""Operationalizing Human Values in Software Engineering: A Survey""]",71.9,"{""Ilmu Komputer dan Elektronika"": 16, ""Matematika"": 1}"
Mathematical Models in Disease Dynamics and Control,Mathematical Models in Cancer Treatment Dynamics,Matematika,17,"[""Determination of Basic Reproduction Numbers using Transition Intensities Multi-state SIRD Model for COVID-19 in Indonesia"", ""Modelling malaria transmission in a population with SEIRSP method"", ""Stability analysis of an age-structured model of cervical cancer cells and HPV dynamics""]",54.5,"{""Matematika"": 12, ""Kimia"": 3, ""Fisika"": 1, ""Ilmu Komputer dan Elektronika"": 1}"
Optimization Algorithms in Multi-Objective Systems,Innovative Algorithms for Global Optimization Challenges,Ilmu Komputer dan Elektronika,17,"[""Non parameter-filled function for global optimization"", ""A Hybrid Ant Colony and Grey Wolf Optimization Algorithm for Exploitation-Exploration Balance"", ""Finding global minima with an inflection point-based filled function algorithm""]",93.9,"{""Matematika"": 6, ""Ilmu Komputer dan Elektronika"": 9, ""Kimia"": 2}"
Innovative Clustering Techniques for Data Segmentation,Clustering Techniques in Data Mining Applications,Matematika,16,"[""A medoid-based deviation ratio index to determine the number of clusters in a dataset"", ""The Performance Evaluation of K-Means and Agglomerative Hierarchical Clustering for Rainfall Patterns and Modelling"", ""Multi-Cluster DBSCAN for Analysing Tourism Data""]",37.0,"{""Matematika"": 9, ""Ilmu Komputer dan Elektronika"": 3, ""Fisika"": 3, ""Kimia"": 1}"
Nitrogen Dynamics and Greenhouse Gas Emissions,Controlled-Release Fertilizers for Enhanced Nutrient Management,Kimia,16,"[""Controlled release fertilizer encapsulated by glutaraldehyde-crosslinked chitosan using freeze-drying method"", ""Bioplastic composite of carboxymethyl cellulose/N-P-K fertilizer"", ""Synthesis and characterization of chitosan-modified membrane for urea slow-release fertilizers""]",85.5,"{""Kimia"": 10, ""Ilmu Komputer dan Elektronika"": 2, ""Fisika"": 3, ""Matematika"": 1}"
Biomass Conversion and Catalytic Innovations,Catalytic Pathways for Gamma-Valerolactone Production,Kimia,15,"[""Fuels and fuel additives from furfural derivatives via etherification and formation of methylfurans"", ""Sulfonic acid-functionalized silica with controlled hydrophobicity as an effective catalyst for esterification of levulinic acid"", ""Modification of chitosan-coated magnetic material with glycidyltrimethylammonium chloride and its application as heterogeneous base catalyst for levulinic acid esterification""]",98.1,"{""Kimia"": 14, ""Belum terpetakan"": 1}"
Biometric Recognition Systems for Enhanced Security,Fingerprint Recognition Systems and Image Processing Techniques,Ilmu Komputer dan Elektronika,15,"[""Human Face Detection and Tracking Using RetinaFace Network for Surveillance Systems"", ""Partial Fingerprint on Combined Evaluation using Deep Learning and Feature Descriptor"", ""A Fusion Methodology of AKAZE and Neural Network for Fingerprint Recognition""]",82.0,"{""Ilmu Komputer dan Elektronika"": 12, ""Fisika"": 3}"
Chitosan Applications in Health and Food Packaging,Chitin and Chitosan: Sustainable Biopolymer Applications,Kimia,15,"[""Optimization of thiamine chitosan nanoemulsion production using sonication treatment"", ""Facile fabrication of chitosan Schiff bases from giant tiger prawn shells (Penaeus monodon) via solvent-free mechanochemical grafting"", ""The preparation and characterization of Alginate–Chitosan membranes as solid support for BTB and urease entrapment""]",95.0,"{""Kimia"": 11, ""Fisika"": 4}"
Graphene Innovations in Electronic and Optical Applications,Graphene Optical Properties and Thermal Applications,Fisika,15,"[""Significantly enhanced thermoelectric performance of interstitial N-doped graphene: A density functional theory study"", ""Frequency dependence dielectrophoresis technique for bridging graphene nanoribbons"", ""Optical properties of CVD-grown multilayer graphene on nickel using spectroscopic ellipsometry""]",82.7,"{""Fisika"": 9, ""Kimia"": 3, ""Matematika"": 2, ""Ilmu Komputer dan Elektronika"": 1}"
Image Processing and Recognition Systems,Scene Text Recognition Systems,Ilmu Komputer dan Elektronika,15,"[""A decade: Review of scene text detection methods"", ""CNN-Based Classification for Highly Similar Vehicle Model Using Multi-Task Learning"", ""Robust license plate detection in complex scene using MSER-Dominant Vertical Sobel""]",75.3,"{""Ilmu Komputer dan Elektronika"": 12, ""Matematika"": 2, ""Fisika"": 1}"
Integrating User Preferences in Recommendation Systems,Collaborative Filtering for E-Commerce,Ilmu Komputer dan Elektronika,15,"[""A Scientific Paper Recommendation Framework Based on Multi-Topic Communities and Modified PageRank"", ""Trust Decay-Based Temporal Learning for Dynamic Recommender Systems With Concept Drift Adaptation"", ""A hybrid recommender system based on customer behavior and transaction data using generalized sequential pattern algorithm""]",90.0,"{""Ilmu Komputer dan Elektronika"": 11, ""Fisika"": 1, ""Matematika"": 2, ""Kimia"": 1}"
Fuzzy Logic Applications in Decision-Making Models,Fuzzy Graphs and Their Applications in Networks,Matematika,14,"[""Fuzzy chromatic number of union of fuzzy graphs: An algorithm, properties and its application"", ""Characterizations of Pointwise Pseudometrics via Pointwise Closed-Ball Systems"", ""SI2-topology on T0 spaces""]",85.9,"{""Matematika"": 11, ""Ilmu Komputer dan Elektronika"": 1, ""Kimia"": 1, ""Fisika"": 1}"
Geophysical Methods for Subsurface Characterization,Geophysical Data Interpretation in Resource Exploration,Fisika,14,"[""Utilization and modeling of satellite gravity data for geohazard assessment in the Yogyakarta area of Java Island, Indonesia"", ""Integration of gravity and magnetic inversion for geothermal system evaluation in Suli and Tulehu, Ambon, eastern Indonesia"", ""Pseudo Sliding Plane in Super-Thick Soil Materials Deposit at Ngasinan Deep Landslide Area""]",40.2,"{""Fisika"": 10, ""Matematika"": 1, ""Ilmu Komputer dan Elektronika"": 1, ""Kimia"": 2}"
Antioxidant and Antimicrobial Properties of Essential Oils,Plectranthus Essential Oils and Their Medicinal Potential,Kimia,13,"[""Attenuated total reflectance-FTIR spectra combined with multivariate calibration and discrimination analysis for analysis of patchouli oil adulteration"", ""Isolation and characterization of antioxidant compounds of bangun-bangun (Coleus amboinicus, l.) leaves from north sumatera, indonesia"", ""Untargeted LC/HRMS Metabolomics Analysis and Anticancer Activity Assay on MCF-7 and A549 Cells from Coleus amboinicus Lour Leaf Extract""]",87.6,"{""Kimia"": 11, ""Ilmu Komputer dan Elektronika"": 1, ""Fisika"": 1}"
Endodontics and Dental Regeneration,Innovative Applications of Mineral Trioxide Aggregate in Dentistry,Kimia,13,"[""Improving mechanical, biological, and adhesive properties of synthesized mineral trioxide aggregate by adding chitosan"", ""Enhancing Compressive Strength and Dentin Interaction of Mineral Trioxide Aggregate by Adding SrO and Hydroxyapatite"", ""Physicochemical and antibacterial properties of ZnO/chitosan-modified mineral trioxide aggregate composites""]",75.9,"{""Kimia"": 12, ""Ilmu Komputer dan Elektronika"": 1}"
Seismic Response and Ground Motion Modeling Insights,Seismic Site Characterization and Response Analysis,Fisika,13,"[""Lithological modelling based on shear wave velocity using horizontal to vertical spectral ratio (HVSR) inversion of ellipticity curve method to mitigate landslide hazards at the main road Of Samigaluh District, Kulon Progo Regency, Yogyakarta"", ""Analysis of potential soil fracture based on ground shear strain values in Solok, West Sumatra"", ""Quaternary Deposit Response to Earthquakes in Pemalang City Based on Peak Ground Acceleration, Earthquake Intensity, and Microtremor Method""]",34.0,"{""Fisika"": 9, ""Ilmu Komputer dan Elektronika"": 3, ""Matematika"": 1}"
Cybersecurity Frameworks for Enhanced User Protection,Security Frameworks for Industrial Control Systems,Ilmu Komputer dan Elektronika,12,"[""Phishing Detection System Through Hybrid Machine Learning Based on URL"", ""The Dynamic Symmetric Four-Key-Generators System for Securing Data Transmission in the Industrial Control System"", ""Real-time Testing on Improved Data Transmission Security in the Industrial Control System""]",93.9,"{""Ilmu Komputer dan Elektronika"": 8, ""Fisika"": 1, ""Kimia"": 1, ""Matematika"": 2}"
Functional Equations in Normed Spaces,Generalized Integrals and Differential Equations in Banach Spaces,Matematika,12,"[""A generalization of (unbounded) order convergence in Riesz spaces"", ""ON STATISTICALLY φ-CONVERGENCE"", ""THE BACKWARDS MCSHANE INTEGRAL: AN ALTERNATIVE APPROACH USING FULL DIVISIONS""]",8.8,"{""Matematika"": 10, ""Kimia"": 1, ""Fisika"": 1}"
Innovative Approaches in Wastewater Treatment Technologies,Electrochemical Techniques for Wastewater Degradation,Kimia,12,"[""Graphite/NiO/Ni electrode for electro-oxidation of the remazol black 5 dye"", ""Enhancement of Fenton Performance at Near-Neutral pH by Using Ethylene Diamine Tetra Acetic Acid for Anionic Surfactant Removal from a Laundry Wastewater"", ""Improvement of the photo-Fenton performance at near neutral pH by the addition of tannic acid from tea leaves waste as a complexing agent in the Pb(II) photo-oxidation""]",90.3,"{""Kimia"": 9, ""Belum terpetakan"": 1, ""Fisika"": 1, ""Ilmu Komputer dan Elektronika"": 1}"
Integrative Approaches in Data Mining and Machine Learning,Innovative Approaches in Topic Modeling Techniques,Ilmu Komputer dan Elektronika,12,"[""Traffic Event Detection from Twitter Using a Combination of CNN and BERT"", ""Visualizing Change and Correlation of Topics With LDA and Agglomerative Clustering on COVID-19 Vaccine Tweets"", ""Single document keywords extraction in Bahasa Indonesia using phrase chunking""]",63.4,"{""Ilmu Komputer dan Elektronika"": 9, ""Kimia"": 1, ""Matematika"": 2}"
Ion Exchange and Lithium Recovery,Innovative Methods for Metal Ion Preconcentration,Kimia,12,"[""Recycling of nickel metal from spent nickel-manganese-cobalt (NMC) cathode batteries using H3PO4–H2C2O4 solution combination as an efficient leaching agent"", ""Synthesis of a new crosslinked poly-bisphenol a diglycidyl ether (Poly-BADGE) as a carrier in phenol transport"", ""Investigation of reaction mechanism in selective citric acid leaching of Ni and Co from NMC cathodes via real time Raman spectroscopy and RSM optimization""]",94.2,"{""Kimia"": 10, ""Fisika"": 1, ""Ilmu Komputer dan Elektronika"": 1}"
Software Engineering Innovations in Open Source Development,Natural Language Processing in Software Requirements,Ilmu Komputer dan Elektronika,12,"[""How Can Human Values be Addressed in Agile Methods? A Case Study on SAFe"", ""PrivacyStory: Tool Support for Extracting Privacy Requirements from User Stories"", ""The Comparison of Feature Selection Methods in Software Defect Prediction""]",90.5,"{""Ilmu Komputer dan Elektronika"": 12}"
Supramolecular Complexation in Advanced Material Design,Calixarene Derivatives in Metal Ion Extraction,Kimia,12,"[""Development of aromatic ethers as solvents for a calix[6]arene derivative and extraction of amino acids and proteins"", ""Improved precious metal adsorption by introduction of carboxylic acid groups on methylene crosslinked calix[4]arene resin matrix"", ""Allyl-Modified of Calix[4]resorcinarene Derivatives for HER2 Inhibition Agents: An In Silico Study""]",60.4,"{""Kimia"": 9, ""Fisika"": 1, ""Ilmu Komputer dan Elektronika"": 1, ""Matematika"": 1}"
Autonomous Control Systems for Aerial Vehicles,Control Strategies for Autonomous Quadrotor Navigation,Ilmu Komputer dan Elektronika,11,"[""Modeling and Simulation of The UX-6 Fixed-Wing Unmanned Aerial Vehicle"", ""Model, Control, and Realistic Visual 3D Simulation of VTOL Fixed-Wing Transition Flight Considering Ground Effect"", ""Validation of Quad Tail-sitter VTOL UAV Model in Fixed Wing Mode""]",60.5,"{""Ilmu Komputer dan Elektronika"": 9, ""Fisika"": 2}"
Causal Inference and Estimation in Health Research,Innovative Approaches to Missing Value Imputation,Matematika,11,"[""Applying two approaches to detect unmeasured confounding due to time-varying variables in a self-controlled risk interval design evaluating COVID-19 vaccine safety signals, using myocarditis as a case example"", ""Continuous-time Hybrid Markov/semi-Markov Model with Sojourn Time Approach in the Spread of Infectious Diseases"", ""Multi-state SIRD model with semi-Markov assumptions on the spread of COVID-19 disease based on sojourn time distribution""]",84.4,"{""Matematika"": 6, ""Ilmu Komputer dan Elektronika"": 3, ""Kimia"": 2}"
Fluorescent Probes and Molecular Receptors in Detection,Fluorescent Probes for Heavy Metal Detection,Kimia,11,"[""Fluorescent Flippers: Small-Molecule Probes to Image Membrane Tension in Living Systems"", ""Fast and selective colorimetric detection of Fe3+ based on gold nanoparticles capped with ortho-hydroxybenzoic acid"", ""A Review on Calixarene Fluorescent Chemosensor Agents for Various Analytes""]",69.5,"{""Kimia"": 10, ""Fisika"": 1}"
Genetic Diversity and Treatment Strategies in Malaria,Targeting Hemozoin Formation in Antimalarial Development,Kimia,11,"[""In vitro antiplasmodial, heme polymerization, and cytotoxicity of hydroxyxanthone derivatives"", ""Synthesis, antimalarial activity assay and molecular docking study of N-substituted chloro-pyrazolines"", ""Substituted 3-styryl-2-pyrazoline Derivatives as an Antimalaria: Synthesis, in vitro Assay, Molecular Docking, Druglikeness Analysis, and ADMET Prediction""]",54.6,"{""Kimia"": 9, ""Matematika"": 1, ""Fisika"": 1}"
Innovative Methods for Dye Removal and Analysis,Ion-Selective Electrode Technology,Kimia,11,"[""All-solid-state astringent taste sensor using polypyrrole-carbon black composite as ion-electron transducer"", ""Optical chemical sensor based on 2,2-furildioxime in sol-gel matrix for determination of ni2+ in water"", ""A Sol-gel Membrane Utilized Cellulose Paper Doped with α-furil Dioxime for Colorimetric Determination of Nickel""]",73.8,"{""Ilmu Komputer dan Elektronika"": 3, ""Kimia"": 5, ""Matematika"": 2, ""Fisika"": 1}"
Interplay of Quantum Gravity and Cosmological Models,Dark Energy and Cosmological Models,Kimia,11,"[""Constraining f(R) Gravity Models with The Late-Time Cosmological Evolution"", ""Inflation in an R2-corrected f(R) gravity model"", ""Preventing curvature singularities in f(R) dark energy models""]",91.6,"{""Kimia"": 5, ""Fisika"": 4, ""Ilmu Komputer dan Elektronika"": 2}"
Layered Double Hydroxides in Polymer Nanocomposites,Layered Double Hydroxides in Nanocomposite Applications,Kimia,11,"[""Insights of Auric Ion Adsorption in the Presence of Ferric and Hexavalent Chromium Species on Mg/Al Layered Double Hydroxides"", ""Dehydration Isopropyl Alcohol to Diisopropyl Ether over Molybdenum Phosphide Pillared Bentonite"", ""Solvent-free mechanochemically synthesized Zn layered hydroxide salts for the adsorption of naphtholate AS dye""]",58.3,"{""Kimia"": 10, ""Ilmu Komputer dan Elektronika"": 1}"
Seismic Insights into Tectonic and Hydrothermal Systems,Seismic Insights into Crustal and Mantle Structures,Fisika,11,"[""Mechanical Imaging of a Volcano Plumbing System From GNSS Unsupervised Modeling"", ""Radiogenic heat production of S-type and I-type granite rocks in Bangka Island, Indonesia"", ""Crustal thickness estimation in Indonesia using receiver function method""]",61.5,"{""Fisika"": 8, ""Ilmu Komputer dan Elektronika"": 3}"
Augmented Reality and Gesture Recognition Innovations,Innovative Approaches in Sign Language Recognition,Ilmu Komputer dan Elektronika,10,"[""Augmented Reality With Authentic GeometryGo App to Help Geometry Learning and Assessments"", ""Advancing Total Communication in SIBI: A Proposed Conceptual Framework for Sign Language Translation"", ""Comparison of Support Vector Machine and Neural Network Algorithm in Drone Detection System""]",97.6,"{""Ilmu Komputer dan Elektronika"": 6, ""Matematika"": 3, ""Kimia"": 1}"
Bayesian Mixture Models in Regression Analysis,Nonparametric Regression Models for Data Analysis,Matematika,10,"[""Minimum message length in hybrid arma and lstm model forecasting"", ""An analysis about fourier series estimator in nonparametric regression for longitudinal data"", ""The performance of nonparametric regression for trend and seasonal pattern in longitudinal data""]",47.6,"{""Belum terpetakan"": 3, ""Matematika"": 4, ""Fisika"": 1, ""Kimia"": 2}"
Carbon-Based Membranes for Enhanced Gas Separation,Activated Carbon Applications in Environmental Remediation,Fisika,10,"[""Graphene oxide-melamine nanofilm composite membrane for efficient CO2 gas separation"", ""Switching gas permeation through smart membranes by external stimuli: a review"", ""Comprehensive study of thermochemical conversion of biomass okara into biochar""]",79.9,"{""Fisika"": 5, ""Kimia"": 5}"
Flavonoids and Their Impact on Health,Curcumin's Multifaceted Impact on Cancer Therapy,Kimia,10,"[""Acute and Subchronic Oral Toxicity Study of Polyherbal Formulation Containing Allium sativum L., Terminalia bellirica (Gaertn.) Roxb., Curcuma aeruginosa Roxb., and Amomum compactum Sol. ex. Maton in Rats"", ""Synthesis, molecular docking, and evaluation of some new curcumin analogs as antimalarial agents"", ""Synthesis of curcumin from piperonal and its spectrometric characterization using dft-b3lyp/6-31g(D) method""]",92.2,"{""Kimia"": 9, ""Fisika"": 1}"
Innovative Techniques in Image Processing and Calibration,Image Feature Extraction and Retrieval,Ilmu Komputer dan Elektronika,10,"[""Improved ORB Algorithm Through Feature Point Optimization and Gaussian Pyramid"", ""Object Searching on Video Using ORB Descriptor and Support Vector Machine"", ""Development of laboratory devices for real-time measurement of object 3D position using stereo cameras""]",70.9,"{""Ilmu Komputer dan Elektronika"": 5, ""Fisika"": 5}"
Interconnected Dynamics of Social Networks and Data Privacy,Dynamics of Opinion Formation in Social Networks,Fisika,10,"[""Mass media and its impact on opinion dynamics of the nonlinear q-voter model"", ""Phase transition of the Sznajd model with anticonformity for two different agent configurations"", ""Phase transition and universality of the three-one spin interaction based on the majority-rule model""]",95.9,"{""Fisika"": 6, ""Ilmu Komputer dan Elektronika"": 3, ""Kimia"": 1}"
Microalgae Utilization for Lipid Production and Wastewater Treatment,Antimicrobial Fatty Acids and Their Applications,Kimia,10,"[""Antimicrobial Properties of Lauric Acid and Monolaurin in Virgin Coconut Oil: A Review"", ""Simultaneous Extraction and In-Situ Transesterification of Chlorella vulgaris Using Microwave-Assisted Method for Biodiesel Production"", ""Optimizations of microwave-assisted extraction and transesterification of bio-crude oil from spirulina (Arthrospira platensis)""]",91.5,"{""Kimia"": 6, ""Ilmu Komputer dan Elektronika"": 3, ""Fisika"": 1}"
Neutrino Mass and Higgs Mechanisms,Gluon Dynamics in High-Energy Nuclear Interactions,Fisika,10,"[""GTMD model predictions for diffractive dijet production at EIC"", ""Probing gluon GTMDs through exclusive coherent diffractive processes"", ""Physics case for quarkonium studies at the Electron Ion Collider""]",76.0,"{""Fisika"": 7, ""Ilmu Komputer dan Elektronika"": 3}"
Privacy Dynamics in Social Media and Technology,Data Protection and Privacy Engineering Frameworks,Ilmu Komputer dan Elektronika,10,"[""Leveraging NLP Techniques for Privacy Requirements Engineering in User Stories"", ""A Named Entity Recognition Based Approach for Privacy Requirements Engineering"", ""Toward a Holistic Privacy Requirements Engineering Process: Insights from a Systematic Literature Review""]",53.6,"{""Ilmu Komputer dan Elektronika"": 8, ""Fisika"": 1, ""Matematika"": 1}"
Probability Models for Random Processes and Data,Credibility Models in Insurance Premium Assessment,Matematika,10,"[""Credible delta-gamma-normal value-at-risk for european call option risk valuation"", ""Risk analysis of five stocks indexed by LQ45 using credible value at risk and credible expected tail loss"", ""Measuring Risk utilizing Credible Monte Carlo Value at Risk and Credible Monte Carlo Expected Tail Loss""]",9.6,"{""Matematika"": 5, ""Belum terpetakan"": 1, ""Kimia"": 4}"
Reinforcement Learning Applications in Autonomous Systems,Deep Learning Innovations in Autonomous Vehicle Control,Ilmu Komputer dan Elektronika,10,"[""End-to-End Autonomous Driving With Semantic Depth Cloud Mapping and Multi-Agent"", ""Multi-objective reinforcement learning for bi-objective time-dependent pickup and delivery problem with late penalties"", ""DeepIPC: Deeply Integrated Perception and Control for an Autonomous Vehicle in Real Environments""]",91.7,"{""Ilmu Komputer dan Elektronika"": 7, ""Fisika"": 1, ""Matematika"": 2}"
Seismic Data Processing Techniques,Seismic Waveform Inversion Techniques,Fisika,10,"[""3-D multicomponent full waveform inversion for shallow-seismic target: Ettlingen Line case study"", ""Graph space optimal transport based FWI: 3D OBC Valhall case study"", ""Multi-parameter post-stack seismic inversion based on the cycle loop – semi-supervised learning""]",45.4,"{""Fisika"": 9, ""Matematika"": 1}"
Stochastic Models for Pricing and Risk Management,Lévy Processes and Stochastic Volatility in Option Pricing,Matematika,10,"[""Daily stock prices prediction using variance gamma model"", ""European Call Options Pricing Numerically using Finite Element Method"", ""One-Period Coupon Bond Valuation Using the Variance Gamma Model""]",34.8,"{""Matematika"": 8, ""Ilmu Komputer dan Elektronika"": 1, ""Kimia"": 1}"
Structure and Properties of Finite Groups,Cayley Graphs and Commutative Structures in Finite Groups,Matematika,10,"[""On the 2-Token Graphs of Some Disjoint Union of Graphs"", ""BIPARTITE GRAPH ASSOCIATED WITH ELEMENTS AND COSETS OF SUBRINGS OF FINITE RINGS"", ""ON THE GIRTH, INDEPENDENCE NUMBER, AND WIENER INDEX OF COPRIME GRAPH OF DIHEDRAL GROUP""]",5.4,"{""Matematika"": 7, ""Kimia"": 1, ""Ilmu Komputer dan Elektronika"": 2}"
Thermal Decomposition and Energetic Material Properties,Catalytic Pyrolysis of Plastic Waste for Energy Recovery,Kimia,10,"[""Modified waste polystyrene as a novel adsorbent for removal of methylene blue from aqueous media"", ""Conversion of polystyrene plastic waste and used palm oil co-reactant into liquid fuel using AL-MCM-41/ceramics catalyst"", ""Conversion of the styrofoam waste into a high-capacity and recoverable adsorbent in the removing the toxic Pb2+ from water media""]",89.0,"{""Kimia"": 7, ""Ilmu Komputer dan Elektronika"": 1, ""Fisika"": 2}"
Environmental Impact of Pharmaceuticals and Contaminants,Adsorption Mechanisms for Tetracycline Removal,Kimia,9,"[""Hydrophobic modification of naturally magnetic silica with methyltrimethoxysilane for enhanced adsorption of chloramphenicol and ciprofloxacin"", ""Effectiveness comparison of octyltrimethoxysilane and hexadecyltrimethoxysilane functionalized on natural silica-coated magnetic materials for ciprofloxacin and chloramphenicol adsorption"", ""Novel green synthesis approach of eco-friendly magnetic/semiconductor nanocomposites as magnetically separable and reusable photocatalyst for organic dye degradation""]",97.8,"{""Kimia"": 8, ""Ilmu Komputer dan Elektronika"": 1}"
High-Performance Supercapacitors with Advanced Materials,Sustainable Carbon Materials for Energy Storage Applications,Fisika,9,"[""Microstructures, Optical, magnetic Properties, and photocatalytic activity of magnetically separable and reusable ZnO-Doped Fe3O4/rGO nanocomposite synthesized via green route"", ""Biomass waste-derived graphene oxide for sustainable supercapacitors: synthesis strategies, structure–property relationships, and energy storage insights"", ""TiO2-Based Nanostructured Electrodes for High-Performance Supercapacitors: A Comprehensive Review""]",98.2,"{""Ilmu Komputer dan Elektronika"": 2, ""Fisika"": 6, ""Kimia"": 1}"
Innovative Drug Delivery Systems for Enhanced Absorption,Electronic Tongue Systems for Taste and Quality Assessment,Kimia,9,"[""Potentiometry lipid membrane based electronic tongue for the classification of mint in tea by principal component analysis (PCA) and linear discrimination analysis (LDA)"", ""Synthesis, characterization, and stability evaluation of β-carotene encapsulated in starch-chitosan/tripolyphosphate matrices"", ""Release kinetics and antioxidant activity of β-carotene encapsulated in starch-chitosan/tripolyphosphate matrices""]",88.8,"{""Fisika"": 2, ""Kimia"": 5, ""Ilmu Komputer dan Elektronika"": 1, ""Matematika"": 1}"
Nanozymes and Pesticide Residue Detection Methods,Colorimetric Detection of Mercury Ions Using Nanoparticles,Kimia,9,"[""Review of Noble Metal Nanoparticle-Based Colorimetric Sensors for Food Safety Monitoring"", ""Silver nanoparticles capped with P-hydroxybenzoic acid as a colorimetric sensor for the determination of paraquat"", ""Optical fiber mercury biosensor based on immobilized urease and bromothymol blue onto the alginate-chitosan membrane in the flow-system""]",93.3,"{""Kimia"": 7, ""Matematika"": 2}"
Photocatalytic Innovations in Carbon Dioxide Reduction,Graphitic Carbon Nitride in Photocatalytic Applications,Kimia,9,"[""Progressive MXene-based photocatalytic and electrocatalytic sustainable reduction of CO2 to chemicals: comprehensive review and future directions"", ""Bandgap energy controlling and electrochemical performances of quaternary metal oxide combined graphene-TiO2 nanocomposite and its photocatalytic hydrogen evolution"", ""Potential of polymer as dopant in photocatalyst to boost degradation of pollutants: A mini review""]",99.8,"{""Kimia"": 5, ""Belum terpetakan"": 2, ""Matematika"": 1, ""Fisika"": 1}"
Radon and Radionuclide Management in Environmental Safety,Radon and Thoron Concentrations in Indoor Environments,Belum terpetakan,9,"[""Public exposure from inhalation of radon and thoron around the tin mine and smelter areas in Bangka, Indonesia"", ""Car-borne survey and dose assessment from external radiation exposure in Bangka Island"", ""Analysis of polonium-210 and dose assessment in marine fishery muscle from Southern Coast of Sukabumi""]",58.3,"{""Fisika"": 2, ""Kimia"": 2, ""Belum terpetakan"": 5}"
Spatial Dynamics in Real Estate Valuation Models,Geographically Weighted Regression in Spatial Analysis,Matematika,9,"[""Spatial-Temporal Epidemiology of COVID-19 Using a Geographically and Temporally Weighted Regression Model"", ""Determination of the best knot and bandwidth in geographically weighted truncated spline nonparametric regression using generalized cross validation"", ""Inflation of Indonesia during the COVID-19 pandemic""]",47.2,"{""Matematika"": 5, ""Ilmu Komputer dan Elektronika"": 3, ""Kimia"": 1}"
Thermal Management Innovations in Nanofluids and Heat Pipes,Thermoacoustic Systems for Energy and Cooling Applications,Fisika,9,"[""Performance evaluation of helium-based binary gas mixtures in standing-wave thermoacoustic electricity generator"", ""Analysis of a standing wave thermoacoustic engine with multiple unit stages"", ""Influence of pressure variation of air working gas on the onset temperature difference and electric power output of a standing wave thermoacoustic electricity generator""]",85.6,"{""Kimia"": 1, ""Matematika"": 2, ""Fisika"": 5, ""Ilmu Komputer dan Elektronika"": 1}"
"Biogas, Biochar, and Microbial Fuel Cells",Wastewater Treatment Innovations in Dairy Industry,Kimia,8,"[""Okara biochar immobilized calcium-alginate beads as eosin yellow dye adsorbent"", ""A porous activated carbon derived from banana peel by hydrothermal activation two-step methods"", ""Soil Toxicity Around the Textile Industry in Bantul using Spinach Seeds (Amaranthus gangeticus) and Bean Sprouts (Phaseolus aureus)""]",98.7,"{""Kimia"": 7, ""Matematika"": 1}"
Cationic Antimicrobial Peptides in Drug Development,Antimicrobial Peptides as Antibiotic Alternatives,Kimia,8,"[""Antibacterial activity of active peptide from marine macroalgae Chondrus crispus protein hydrolysate against Staphylococcus aureus"", ""Design, Structural Stability, Membrane Binding, and Antibacterial Activity of Novel Antimicrobial Peptides Derived from Wuchuanin-A1"", ""Antibacterial Peptides derived from Capra hircus Goat Milk Casein""]",58.5,"{""Kimia"": 7, ""Ilmu Komputer dan Elektronika"": 1}"
Innovative Approaches in Drug Discovery and Protein Structure,Protein Structure Modeling and Prediction Techniques,Ilmu Komputer dan Elektronika,8,"[""Deep learning for protein secondary structure prediction: Pre and post-AlphaFold"", ""Predicting Secondary Structure of Protein Using Hybrid of Convolutional Neural Network and Support Vector Machine"", ""Self-attention and asymmetric multi-layer perceptron-gated recurrent unit blocks for protein secondary structure prediction""]",95.7,"{""Ilmu Komputer dan Elektronika"": 4, ""Kimia"": 4}"
Magnetic Properties and Synthesis of Ferrite Nanoparticles,Magnetic Properties and Applications of Ferrite Nanoparticles,Fisika,8,"[""Effects of annealing temperature on microstructural, magnetic properties, and specific absorption rate of Zn-Ni ferrite nanoparticles"", ""Annealing temperature dependence of crystalline structure and magnetic properties in nano-powder strontium-substituted cobalt ferrite"", ""Green synthesized CoFe2O4/rGO nanocomposites utilizing plant leaf extracts as magnetically separable and reusable photocatalysts for organic toxic dye degradation""]",55.3,"{""Fisika"": 6, ""Matematika"": 2}"
Network Security and Intrusion Detection,Machine Learning Innovations in Intrusion Detection Systems,Ilmu Komputer dan Elektronika,8,"[""Comparison of Hybrid Intrusion Detection System"", ""A Comprehensive Approach for Detecting and Handling MitM-ARP Spoofing Attacks"", ""Feature Representation for Network Intrusion Detection System Trough Embedding Neural Network""]",95.2,"{""Ilmu Komputer dan Elektronika"": 7, ""Kimia"": 1}"
Neutron Applications in Cancer Treatment and Detection,Innovative Radiation Detection and Monitoring Systems,Fisika,8,"[""Characterization of neutron spectrum of polyethylene-moderated AmBe neutron source using a passive single-cylindrical neutron spectrometer"", ""Location Analysis for Additional Permanent Radiation Detector in XRay Radiography Unit"", ""Experimental Characterization of Dosimeter Based on a Wireless Sensor Network for A Radiation Protection Program""]",23.5,"{""Fisika"": 8}"
Quantum Well Structures in Silicon Devices,Spin Dynamics and Transport in Quantum Systems,Fisika,8,"[""Reversible spin textures with giant spin splitting in two-dimensional GaXY (X=Se, Te; Y=Cl, Br, I) compounds for a persistent spin helix"", ""Strain-controlled spin-splitting in the persistent spin helix state of two-dimensional SnSe monolayer"", ""Large band splitting with tunable spin polarization in the two-dimensional ferroelectric GaXY family (X=Se,Te; Y=Cl,Br, I)""]",31.9,"{""Fisika"": 8}"
Statistical Models for Reliability and Risk Assessment,Robust Estimators for Outlier Detection in Data,Matematika,8,"[""Non-stationary multi-layered Gaussian priors for Bayesian inversion"", ""COMPARISON OF ROBUST ESTIMATION ON MULTIPLE REGRESSION MODEL"", ""Application of Groupwise Principal Sensitivity Components on Unbalanced Panel Data Regression Model for Gross Regional Domestic Product in Kalimantan""]",57.5,"{""Matematika"": 3, ""Fisika"": 2, ""Ilmu Komputer dan Elektronika"": 1, ""Kimia"": 2}"
Brain-Computer Interface Technologies,Emotion Recognition through Physiological Signal Integration,Ilmu Komputer dan Elektronika,7,"[""Oversampling Approach Using Radius-SMOTE for Imbalance Electroencephalography Datasets"", ""The challenges of emotion recognition methods based on electroencephalogram signals: A literature review"", ""Modified Weighted Mean Filter to Improve the Baseline Reduction Approach for Emotion Recognition""]",91.2,"{""Ilmu Komputer dan Elektronika"": 7}"
Carbon Nanotubes in Advanced Material Applications,Adsorption Properties of Nanoclusters in Drug Delivery,Fisika,7,"[""Exploring the potential of metalloporphyrin-like C54N4 fullerene (TM-PC60F) nanoclusters as new drug delivery platform for 5-fluorouracil: A DFT and QTAIM study"", ""Interaction of 5-Fluorouracil on the Surface of Graphene Oxide Nanosheets: Stability and Electronic Properties"", ""Drug-Molecule Adsorption onto Silicon-Doped Fullerene: A Density Functional Theory Study""]",88.4,"{""Kimia"": 2, ""Fisika"": 5}"
Coastal Dynamics and Sediment Transport Mechanisms,Modeling Tsunami Generation from Submarine Landslides,Fisika,7,"[""Identification and ranking of subaerial volcanic tsunami hazard sources in Southeast Asia"", ""Topography and structural changes of Anak Krakatau due to the December 2018 catastrophic events"", ""Interactions of magmatic intrusions with the multiyear flank instability at Anak Krakatau volcano, Indonesia: Insights from InSAR and analogue modeling""]",53.7,"{""Fisika"": 5, ""Matematika"": 2}"
Data Mining Techniques for Enhanced Decision Making,Algorithms for Student Performance and Decision Support,Ilmu Komputer dan Elektronika,7,"[""A BPSO-based method for high-utility itemset mining without minimum utility threshold"", ""A Proposed Framework of Knowledge Management for COVID-19 Mitigation based on Big Data Analytic"", ""Coal rank data analytic for ASTM and PSDBMP classification""]",83.0,"{""Ilmu Komputer dan Elektronika"": 6, ""Kimia"": 1}"
Electrochemical Sensors and Molecular Imprinting Techniques,Electrochemical Detection of Hydroquinone and Catechol,Kimia,7,"[""Molecular imprinting polymer-based QCM sensor for detection of α-pinene"", ""Recent Trends and Application of Nanomaterial Based on Carbon Paste Electrodes: A Short Review"", ""Electrochemical Sensor for Hydroquinone based on Polyeugenol/PVA-Modified Graphite Electrode""]",81.0,"{""Fisika"": 1, ""Kimia"": 6}"
Fixed Point Theorems in Metric Spaces and Optimization,Fixed Point Theorems in Metric Spaces,Matematika,7,"[""Fixed-Point Theorems Involving Lipschitz in the Small"", ""Fixed point theorems for asymptotically regular semigroups equipped with generalized Lipschitzian conditions in metric spaces"", ""Global Convergence of Modified RMIL Parametein Conjugate Gradient Method""]",64.0,"{""Matematika"": 5, ""Ilmu Komputer dan Elektronika"": 1, ""Kimia"": 1}"
Fuel Cells and Polymer Electrolytes,Catalytic Innovations in Oxygen Reduction Reactions,Kimia,7,"[""Au-Doped PtAg Nanorod Array Electrodes for Proton-Exchange Membrane Fuel Cells"", ""Novel two-dimensional square-structured diatomic group-IV materials: the first-principles prediction"", ""In-situ generation of enhanced Pd-Co nanoparticles using various stabilizing agents decorated on reduced graphene oxide as electrocatalyst for oxygen reduction reaction""]",97.8,"{""Fisika"": 3, ""Kimia"": 4}"
Innovative Approaches in Object Detection and Tracking,Innovative Approaches to Vehicle Speed Estimation,Ilmu Komputer dan Elektronika,7,"[""Vehicle Speed Estimation Using Consecutive Frame Approaches and Deep Image Homography for Image Rectification on Monocular Videos"", ""Estimation of Traffic Density Using CNN with Simple Architecture"", ""TRAFFIC DENSITY ESTIMATION BASED ON BLOCK OCCUPANCY CLASSIFICATION""]",22.5,"{""Ilmu Komputer dan Elektronika"": 5, ""Matematika"": 2}"
Integration of Robotics and Action Recognition Techniques,Human Action Recognition Systems,Ilmu Komputer dan Elektronika,7,"[""Improving Badminton Action Recognition Using Spatio-Temporal Analysis and a Weighted Ensemble Learning Model"", ""Loitering Detection Using Spatial-Temporal Information for Intelligent Surveillance Systems on a Vision Sensor"", ""The effect of image preprocessing techniques on convolutional neural network-based human action recognition""]",94.3,"{""Ilmu Komputer dan Elektronika"": 6, ""Fisika"": 1}"
Liquid Crystal Innovations in Optical Applications,Electrohydrodynamics in Nematic Liquid Crystals,Fisika,7,"[""Alignment of carbon nanotubes under the influences of nematic liquid crystals and electric fields - an analytical study"", ""Low and high-frequency electro-hydrodynamic patterns in nematic liquid crystal aligned using dual layer alignment produced by nanofiber"", ""Flows in parallelepiped cells of nematic liquid crystals""]",62.3,"{""Fisika"": 3, ""Matematika"": 2, ""Kimia"": 1, ""Ilmu Komputer dan Elektronika"": 1}"
Magnetic Properties and Applications in Technology,Magneto-Optical Properties of Multilayered Films,Fisika,7,"[""First principles calculation of optical properties of transition metals for surface plasmon resonance application"", ""Optical and magneto-optical anisotropies of FeCu superlattice: Band-by-band decomposition analysis"", ""Large spin splitting and anomalous Hall effect in two-dimensional antiferromagnetic layered ternary telluride controlled by janus–strain engineering""]",81.0,"{""Fisika"": 6, ""Matematika"": 1}"
Matrix Representations and Polynomial Identities in Mathematics,Modular Functions and Theta Identities in Number Theory,Matematika,7,"[""A DICHOTOMOUS BEHAVIOR OF GUTTMAN-KAISER CRITERION FROM EQUI-CORRELATED NORMAL POPULATION"", ""On accurate asymptotic approximations of roots for polynomial equations containing a small, but fixed parameter"", ""On Eigenvalues of Complement Digraphs""]",19.8,"{""Matematika"": 6, ""Kimia"": 1}"
Quantitative Structure-Activity Relationships in Chemical Modeling,Quantitative Structure-Activity Relationships in Nanomaterials,Kimia,7,"[""QSAR modeling for predicting the antifungal activities of gemini imidazolium surfactants against Candida albicans using GA-MLR methods"", ""The predicted models of anti-colon cancer and anti-hepatoma activities of substituted 4-anilino coumarin derivatives using quantitative structure-activity relationship (QSAR)"", ""Investigation of New 4-Benzyloxy-2-trichloromethylquinazoline Derivatives as Plasmodium falciparum Dihydrofolate Reductase-thymidylate Synthase Inhibitors: QSAR, ADME, Drug-likeness, Toxicity, Molecular Docking and Molecular Dynamics Simulation""]",32.2,"{""Kimia"": 6, ""Matematika"": 1}"
Routing Protocols and Quality of Service in Networks,Vehicular Ad-hoc Network Communication,Ilmu Komputer dan Elektronika,7,"[""Performance optimization of MANET networks through routing protocol analysis"", ""Optimizing AODV Routing Protocol to Improve Quality of Service Performance for V2V Communication"", ""Learning Automata-Based AODV to Improve V2V Communication in A Dynamic Traffic Simulation""]",90.6,"{""Ilmu Komputer dan Elektronika"": 5, ""Matematika"": 2}"
Security Protocols for Cloud and Network Authentication,Homomorphic Encryption for Secure Cloud Computing,Ilmu Komputer dan Elektronika,7,"[""DataSeal: Ensuring the Verifiability of Private Computation on Encrypted Data"", ""Mobile Payment Transaction Model with Robust Security in the NFC-HCE Ecosystem with Secure Elements on Smartphones"", ""SECURE INITIALIZATION MODEL IMPROVEMENT for NFC-HCE SECURITY in MOBILE PAYMENT SYSTEM""]",79.0,"{""Ilmu Komputer dan Elektronika"": 4, ""Matematika"": 2, ""Kimia"": 1}"
Semantic Web Technologies for Enhanced Data Integration,Ontology Development in E-Learning and Modeling Languages,Ilmu Komputer dan Elektronika,7,"[""Transformation of sysML requirement diagram into OWL ontologies"", ""An Extended Rule of the SysML Requirement Diagram Transformation into OWL Ontologies"", ""ONTOLOGY BASED KNOWLEDGE MODELLING FOR INDONESIAN RICE VARIETIES""]",46.7,"{""Ilmu Komputer dan Elektronika"": 6, ""Belum terpetakan"": 1}"
Soil Moisture Dynamics and Climate Impact Assessment,Satellite-Based Precipitation Estimation and Validation,Fisika,7,"[""Evaluation of GPM IMERG Performance Using Gauge Data over Indonesian Maritime Continent at Different Time Scales"", ""Trends in rainfall and hydrometeorological disasters in new capital city of Indonesia from long-term satellite-based precipitation products"", ""Capability of GPM IMERG Products for Extreme Precipitation Analysis over the Indonesian Maritime Continent""]",63.0,"{""Fisika"": 6, ""Kimia"": 1}"
Bioactive Peptides and Antioxidant Properties in Health,Bioactive Peptides in Health and Nutrition,Kimia,6,"[""Goat Milk Casein Peptides as Potential α-Amylase Inhibitors: A Computational and Experimental Approach"", ""Rational design of novel α-amylase inhibitor peptide derived from quinoa seed peptide with in silico approaches"", ""Identification of α-Amylase Inhibitory Peptides from Tryptic Hydrolysate of Caulerpa racemosa Green Algae Protein""]",76.6,"{""Fisika"": 1, ""Kimia"": 5}"
Catalytic Innovations in Hydrogenation and Desulfurization,Ionic Liquids in Desulfurization Processes,Kimia,6,"[""Science and Technology Progress on the Desulfurization Process of Crude Oil"", ""ZnO-activated carbon blended as a catalyst for oxidative desulfurization of dibenzothiophene"", ""Simple and Green Preparation of ZnO Blended with Highly Magnetic Silica Sand from Parangtritis Beach as Catalyst for Oxidative Desulfurization of Dibenzothiophene""]",44.0,"{""Kimia"": 5, ""Ilmu Komputer dan Elektronika"": 1}"
Click Chemistry Applications in Protein and Polymer Development,Catalytic Nitration of Aromatic Compounds,Kimia,6,"[""Microwave-assisted green synthesis of nitrobenzene using sulfated natural zeolite as a potential solid acid catalyst"", ""Facile green synthesis of silver nanoparticles decorated on sulfonated graphene oxide by rambutan (Nephelium lappaceum) leaf extract and application as a catalyst for converting benzene into nitrobenzene"", ""Biogenic synthesis of silver nanoparticles/reduced graphene oxide (AgNPs/rGO) mediated Nephelium lappaceum leaf extract as an effective solid acid catalyst for liquid-phase benzene nitration""]",58.7,"{""Kimia"": 6}"
Climate Variability and Tropical Cyclone Dynamics,Madden-Julian Oscillation and Tropical Convection Dynamics,Matematika,6,"[""Rainfall variability in Indonesia new capital associated with the Madden-Julian Oscillation and its contribution to flood events"", ""Role of updraft in dry-season torrential rainfall in Greater Jakarta, Indonesia"", ""Multi-seasonal rainfall patterns over Indonesian maritime continent derived from long-term IMERG V07B data and rain gauge observations""]",92.0,"{""Fisika"": 2, ""Kimia"": 1, ""Matematika"": 3}"
Corrosion Resistance in Coatings and Materials,Layered Double Hydroxides in Corrosion Protection,Fisika,6,"[""Facile pore size control and low-cost synthesis of mesoporous silica nanoparticles based on rice husk"", ""A Simple Technique for the Corrosion Inhibition of Underwater Cannonball from a Shipwreck"", ""A sustainable and eco-friendly rice husk-derived mesoporous silica nanoparticles loaded with benzotriazole for enhanced corrosion inhibition""]",39.3,"{""Fisika"": 5, ""Kimia"": 1}"
Energy-Efficient Wireless Sensor Network Innovations,Wireless Sensor Networks in Agricultural Monitoring,Ilmu Komputer dan Elektronika,6,"[""Development of volcano warning system for kelud volcano"", ""Designing Wireless Sensor Network Routing on Agriculture Area Using the LEACH Protocol"", ""Development of an Internet of Things Based Volcano Monitoring System""]",75.8,"{""Fisika"": 2, ""Ilmu Komputer dan Elektronika"": 3, ""Matematika"": 1}"
Fire Management and Environmental Impact Assessment,Mapping Forest Fire Risks and Management Strategies,Matematika,6,"[""Utilizing Sentinel-2 Data for Mapping Burned Areas in Banjarbaru Wetlands, South Kalimantan Province"", ""Spatiotemporal Patterns of Burned Areas Based on the Geographic Information System for Fire Risk Monitoring"", ""Prediction of forest fire using ensemble method""]",74.6,"{""Matematika"": 3, ""Belum terpetakan"": 2, ""Fisika"": 1}"
Fractional Calculus Applications in Differential Equations,Existence and Solutions of Fractional Differential Equations,Matematika,6,"[""Contraction quasi semigroups and their applications in decomposing hilbert spaces"", ""Surfacewave topography using the 4 point fdm simulator"", ""Approximate Solution of GCF PDM Schrödinger Equation for a Symmetrical Modified Pöschl–Teller Potential by GCF Laplace Transform Method""]",78.8,"{""Matematika"": 3, ""Fisika"": 1, ""Ilmu Komputer dan Elektronika"": 1, ""Kimia"": 1}"
Gas Hydrate Reservoirs and Tectonic Dynamics,Tectonic Evolution and Rock Formation in Indonesia,Fisika,6,"[""The igneous rock intrusion beneath ambon and seram islands, eastern Indonesia, based on the integration of gravity and magnetic inversion: Its implications for geothermal energy resources"", ""Structural map of Sulawesi derives from gravity data and its implications for geothermal systems"", ""Identifying the vulnerable landforms toward climate change-related hazards on small islands using geological-geomorphological and social approaches (Kei Kecil-Tual Carbonate Islands, Southeast Maluku, Indonesia)""]",23.1,"{""Fisika"": 4, ""Matematika"": 2}"
Grid Computing and Resource Management in Cloud Environments,Job Scheduling Innovations in High-Performance Computing,Ilmu Komputer dan Elektronika,6,"[""KRYSTAL: Knowledge graph-based framework for tactical attack discovery in audit data"", ""An Advantage Actor-Critic Deep Reinforcement Learning Method for Power Management in HPC Systems"", ""Improving the Efficiency of a Deep Reinforcement Learning-Based Power Management System for HPC Clusters Using Curriculum Learning""]",19.0,"{""Ilmu Komputer dan Elektronika"": 5, ""Matematika"": 1}"
Herbicide Resistance and Weed Management Innovations,Innovative Approaches in Weed Control and Detection,Ilmu Komputer dan Elektronika,6,"[""A comprehensive survey on weed and crop classification using machine learning and deep learning"", ""Performance of 45 Non-Linear Models for Determining Critical Period of Weed Control and Acceptable Yield Loss in Soybean Agroforestry Systems"", ""Ensemble Learning Based on Feature Selection and Distance Normalization for Enhancing Corn and Weed Classification""]",77.0,"{""Ilmu Komputer dan Elektronika"": 3, ""Matematika"": 2, ""Fisika"": 1}"
Innovative Robotic Systems for Enhanced Manipulation,Humanoid Robot Dynamics and Control Mechanisms,Ilmu Komputer dan Elektronika,6,"[""Humanoid Walking Control Using LQR and ANFIS"", ""Stabilizing Quadruped Robot Movement Using Fuzzy Logic Control for Yaw Angle Adjustment in Walking and Trotting Gait"", ""LQR COMPENSATED BY FUZZY FOR KICKING BALANCE CONTROL OF A HUMANOID ROBOT""]",80.8,"{""Ilmu Komputer dan Elektronika"": 6}"
IoT Integration for Smart Agriculture and Healthcare,Smart Irrigation and Sensor Networks in Agriculture,Ilmu Komputer dan Elektronika,6,"[""A Modular Intelligent Resource Architecture: Optimizing QoS in Edge-Cloud Fusion Systems for Smart Agriculture"", ""Monitoring Intelligence Resource Architecture: Internet of Things Concept and Design Based-on Edge Nodes"", ""A Modular Intelligent Resource Architecture: Enhancing Energy Efficiency in Smart Farming with Edge-Cloud Fusion""]",91.8,"{""Ilmu Komputer dan Elektronika"": 4, ""Kimia"": 1, ""Matematika"": 1}"
Mesoporous Silica Materials for Advanced Applications,Mesoporous Silica Synthesis and Catalytic Applications,Kimia,6,"[""Application of activated bentonite impregnated with PdO as green catalyst for acylation reaction of aromatic compounds"", ""Optimizing Rice Husk Silica Mass and Sonication Time for a More Efficient and Environmentally Friendly Synthesis of SBA-15"", ""Synthesis of ordered nanoarrays activated carbon using SBA-15 as hard template for adsorption of ibuprofen""]",63.1,"{""Kimia"": 4, ""Belum terpetakan"": 1, ""Fisika"": 1}"
Quality of Service in Web Service Composition,Process Mining Techniques for Business Optimization,Ilmu Komputer dan Elektronika,6,"[""Improving efficiency for discovering business processes containing invisible tasks in non-free choice"", ""Analyzing Manufacturing Process By Enabling Process Mining on Sensor Data"", ""On the Representation of Dynamic BPMN Process Executions in Knowledge Graphs""]",48.6,"{""Fisika"": 1, ""Ilmu Komputer dan Elektronika"": 5}"
RFID and Wireless Localization Technologies in IoT,LoRaWAN Technology for IoT Communication Systems,Ilmu Komputer dan Elektronika,6,"[""DeepFuzzLoc Positioning: A Unified Fusion of Fuzzy Clustering and Deep Learning for Scalable Indoor Localization Using Wi-Fi RSSI"", ""Developing Compact Models Using Regression Confidence Forge Knowledge Distillation for IMU-Based Indoor Positioning System"", ""Data Collection Platform Design using LEO Satellite-based LoRa for Disaster Management in Indonesia""]",78.7,"{""Ilmu Komputer dan Elektronika"": 5, ""Fisika"": 1}"
Radiomics and Image Processing in Cancer Diagnosis,Cultural Significance and Technological Integration in Batik Patterns,Ilmu Komputer dan Elektronika,6,"[""A Novel Reliable Approach for Image Batik Classification That Invariant with Scale and Rotation Using MU2ECS-LBP Algorithm"", ""Photocatalytic activity of TiO2/SiO2 prepared from silica contained in volcanic ash for ammonia removal"", ""SuroTex: Surrounding texture dataset""]",73.4,"{""Ilmu Komputer dan Elektronika"": 3, ""Kimia"": 1, ""Fisika"": 1, ""Matematika"": 1}"
Smart Homes and Activity Recognition Technologies,Deep Learning Approaches for Wildfire Detection,Ilmu Komputer dan Elektronika,6,"[""Real-Time Forest Fire Detection Framework Based on Artificial Intelligence Using Color Probability Model and Motion Feature Analysis"", ""Classification methods performance on human activity recognition"", ""Region-based annotation data of fire images for intelligent surveillance system""]",66.4,"{""Ilmu Komputer dan Elektronika"": 4, ""Fisika"": 1, ""Kimia"": 1}"
Social Media and Data-Driven Learning Insights,Harnessing Data Mining for Student Performance Insights,Ilmu Komputer dan Elektronika,6,"[""Data mining for student assessment in e-leaming: A survey"", ""A PRELIMINARY LEARNER ASSESSMENT FRAMEWORK ON E-LEARNING"", ""Utilization of Linguistic Data for Learner Assessment on e-Learning: Instrument and Processing""]",93.2,"{""Ilmu Komputer dan Elektronika"": 6}"
Ubiquinone Effects on Cancer and Marine Diversity,Microbial Interactions and Bioactive Compounds in Marine Sponges,Kimia,6,"[""Anti-Vibrio activity of Pseudoalteromonas xiamenensis STKMTI.2, a new potential vibriosis biocontrol bacterium in marine aquaculture"", ""Effect of Drying Time and Temperature to the Chemical Properties and Enzymatic Activities Related to the β-ocimene Production in Syzygium polyanthum Leaves"", ""Antiplasmodial and Metabolite Profiling of Hyrtios sp. Sponge Extract from Southeast Sulawesi Marine Using LC-HRMS, Molecular Docking, Pharmacokinetic, Drug-likeness, Toxicity, and Molecular Dynamics Simulation""]",22.6,"{""Kimia"": 4, ""Ilmu Komputer dan Elektronika"": 2}"
Waste Management Strategies for Carbon Emission Reduction,Sustainable Management of Peatland Ecosystems in Indonesia,Matematika,6,"[""INTEGRATING GOVERNMENTS BODIES IN PEATLAND ENVIRONMENTAL MANAGEMENT TO ELIMINATE THE SECTORAL EGOS"", ""The value of local wisdom for peatland fire risk reduction in the wetland area of South Kalimantan"", ""Analysis of the Profile of Canal User Communities in the Bangah River Canal Blocking Project Area in Sebangau National Park, Central Kalimantan Province""]",91.0,"{""Matematika"": 3, ""Fisika"": 3}"
Antivenom Development and Phospholipase Interactions,Snake Venom and Antivenom Dynamics,Kimia,5,"[""Bibliometric Analysis of Literature in Snake Venom-Related Research Worldwide (1933–2022)"", ""Proteome of monocled cobra (Naja kaouthia) venom and potent anti breast cancer peptide from trypsin hydrolyzate of the venom protein"", ""THE ANTIBACTERIAL PEPTIDES (AMPs) ORIGINATED FROM TRYPTIC HYDROLYSIS OF Naja sumatrana VENOM FRACTIONATED USING CATION EXCHANGE CHROMATOGRAPHY""]",26.2,"{""Kimia"": 5}"
Cholesterol Management and Antioxidant Properties in Oils,Maillard Reaction Products and Their Multifaceted Impact,Fisika,5,"[""The significance of Maillard reaction for species-specific detection gelatine in food industry"", ""Study on Volatile Compounds of Gelatine and The Maillard Reaction Products from Different Species Using SPME-GCMS"", ""Optimisation of the maillard reaction of bovine gelatine-xylose model using response surface methodology""]",81.4,"{""Fisika"": 3, ""Kimia"": 2}"
Collective Control Systems in Robotic Networks,Matrix Patterns and Properties in Linear Algebra,Matematika,5,"[""Incoming Local Exponent for a Two-cycle Bicolour Hamiltonian Digraph with a Difference of 2n + 1"", ""Nonuniform subset graphs associated with any graph"", ""Inner Local Exponent of Two-coloured Digraphs with Two Cycles of Length n and 4n + 1""]",89.5,"{""Matematika"": 3, ""Ilmu Komputer dan Elektronika"": 1, ""Kimia"": 1}"
Critical Thinking Skills in Student Learning Outcomes,Enhancing Learning Outcomes through Innovative Models,Ilmu Komputer dan Elektronika,5,"[""Quantitative study of the cyber-nationalism spreading on twitter with hashtag indonesia and malaysia using social network analysis"", ""Analysis of design test for current and voltage meters with a constant current source for a resistivity meter"", ""A Study Experimental of Design Considerations of Constant Input Current Source""]",66.3,"{""Belum terpetakan"": 1, ""Fisika"": 1, ""Ilmu Komputer dan Elektronika"": 2, ""Matematika"": 1}"
Drug Delivery and Skin Protection,Innovative Sunscreen Formulations for UV Protection,Kimia,5,"[""Acute toxicity profile and sun protection factor (Spf) nanoemulgel combination of c-phenylcalix[4] resorcinaryl octacinnamate, c-methylcalix[4] resorcinaryl octabenzoate, and quercetin in vitro and in vivo"", ""Antioxidant, Photoprotective, and Cytotoxic Activities of Tristaniopsis merguensis Leaf Fractions With Molecular Docking Study of Potential Fraction"", ""C-butylcalix[4]resorcinarene octabenzoate and octasinnamate: The synthesized sunscreen compounds""]",88.6,"{""Kimia"": 5}"
Elliptic Curves and Polynomial Solutions in Number Theory,Matrix Theory and Group Structures in Mathematics,Matematika,5,"[""ROUGH X-SUB-EXACT SEQUENCES OF ROUGH MODULES"", ""Category of submodules of a uniserial module"", ""Sub-exact sequence of quotient modules""]",8.8,"{""Matematika"": 3, ""Fisika"": 1, ""Kimia"": 1}"
Erectile Dysfunction and Sexual Health Insights,Sildenafil and Dietary Supplement Adulteration Insights,Kimia,5,"[""Identification and quantification of metamizole in traditional herbal medicines using spectroscopy ftir-atr combined with chemometrics"", ""A development method of FTIR spectroscopy coupled with chemometrics for detection of synthetic drug adulterants of herbal products in quaternary mixture"", ""Application of FTIR-ATR Spectroscopy in Combination With Multivariate Analysis to Analyze Synthetic Drugs Adulterant in Ternary Mixtures of Herbal Medicine Products""]",30.4,"{""Kimia"": 4, ""Ilmu Komputer dan Elektronika"": 1}"
Ferroelectric Materials for Energy Storage Applications,Multiferroic Properties of Bismuth Ferrite Materials,Fisika,5,"[""Microstructural, optical, and magnetic properties and specific absorption rate of bismuth ferrite/SiO2nanoparticles"", ""Microstructures, magnetic properties and microwave absorption of ion-implanted bismuth ferrite thin films"", ""Effects of naoh concentration and temperature on microstructures and magnetic properties of bismuth ferrite (Bifeo3) nanoparticles synthesized by coprecipitation method""]",92.7,"{""Fisika"": 5}"
Human-Robot Interaction and Emotion Recognition Advances,Facial Expression Recognition for Enhanced Interaction,Ilmu Komputer dan Elektronika,5,"[""Regularized Xception for facial expression recognition with extra training data and step decay learning rate"", ""INCORPORATING INDOBERT INTO DIET CLASSIFIER TO ENHANCE INTENT AND ENTITY RECOGNITION IN CULINARY CHATBOT"", ""Facial Expression Recognition Under Partial Occlusion Using Part-Based Ensemble Learning""]",99.7,"{""Kimia"": 1, ""Ilmu Komputer dan Elektronika"": 3, ""Matematika"": 1}"
Hydraulic Models for Soil and Water Management,Innovative Numerical Models for Richards Equation,Matematika,5,"[""Boundary interface water infiltration into layered soils using dual reciprocity methods"", ""Soil Physical Characteristics and Saturated Hydraulic Conductivity in the Landform of Barito Delta, Kalimantan, Indonesia"", ""An Iterative Dual Reciprocity Method for a Class of Infiltration Problems in Two-Layered Soils with Different Types of Root-Water Uptake""]",48.8,"{""Matematika"": 4, ""Fisika"": 1}"
Hydrogels and Bioprinting in Tissue Engineering,3D Printed Scaffolds in Bone Tissue Engineering,Fisika,5,"[""A facile technique for overcoming seeding barriers of hydrophobic polycaprolactone/hydroxyapatite-based nanofibers for bone tissue engineering"", ""Development of a local drug delivery system for promoting the regeneration of infective bone defects: composite films with controlled properties"", ""Direct ink writing of 3D scaffold polymeric-bioceramic from sand lobster shells (Panulirus homarus) waste as a sustainable resouce for enhancing in vitro bioactivity""]",99.0,"{""Matematika"": 1, ""Kimia"": 1, ""Fisika"": 3}"
Innovative Approaches to Urban Stormwater Management,Innovative Numerical Methods for Shallow Water Dynamics,Matematika,5,"[""SWE-Exner model for evaluating the effectiveness of organic coastal defense in trapping mud and absorbing waves"", ""The effectiveness of the combination of breakwater and trench in reducing waves"", ""Analysis of Synthetic Data Utilization with Generative Adversarial Network in Flood Classification using K-Nearest Neighbor Algorithm""]",82.5,"{""Fisika"": 1, ""Matematika"": 2, ""Kimia"": 2}"
Innovative Materials for Enhanced Concrete Performance,Geopolymers in Environmental and Structural Applications,Kimia,5,"[""Glycerol-Assisted Modification of 3D-Printed Zeolite (3D-Ze/Gy) for Enhanced Methylene Blue Dye Removal in Aqueous Solutions"", ""The effect of alkaline activation on the zeolite binding properties toward dissolved irons"", ""A novel utilization of sugarcane bagasse-derived ash to reductively remove gold(III) to gold metal: Energetics, kinetics and mechanism studies""]",98.9,"{""Kimia"": 3, ""Ilmu Komputer dan Elektronika"": 2}"
Ionospheric Dynamics and Solar Interactions in Planetary Atmospheres,Ionospheric Irregularities Impacting GNSS Performance,Fisika,5,"[""Pre-Sunrise Equatorial Plasma Bubble Over Indonesia During the 11 May 2024 Super Geomagnetic Storm"", ""Occurrence of ionospheric scintillation during geomagnetic storms in Indonesia (2003–2024) using superposed epoch analysis"", ""Generation of Pre-Sunrise Equatorial Plasma Bubbles Under the Influence of Geomagnetic Storms Based on ROTI Maps Over Indonesia""]",40.4,"{""Ilmu Komputer dan Elektronika"": 2, ""Fisika"": 3}"
Machine Learning Techniques for Predictive Modeling,Extreme Learning Machines in Data Classification,Ilmu Komputer dan Elektronika,5,"[""An Extreme Learning Machine Model Approach on Airbnb Base Price Prediction"", ""Artificial Neural Network for Classification Task in Tabular Datasets and Image Processing: A Systematic Literature Review"", ""The Digitization of the Indonesian Pasar Market Through An E-Grocery Based Mobile App Solution""]",75.5,"{""Ilmu Komputer dan Elektronika"": 4, ""Fisika"": 1}"
Microbial Diversity and Gene Analysis in Pathogens,Diversity and Bioactivity of Marine Actinobacteria,Kimia,5,"[""The potency of actinomycetes extracts isolated from pramuka island, jakarta, indonesia as antimicrobial agents"", ""Profiling and Antibacterial Activity Assay of Secondary Metabolites from Streptomyces Isolated from Mangrove Sediment Sample"", ""Colorimetric amine detection by vanillin-hydrazone derivatives during chicken meat spoilage""]",88.0,"{""Kimia"": 4, ""Ilmu Komputer dan Elektronika"": 1}"
Modeling and Control of Robotic Systems,Max-Plus Algebra Applications in Control Systems,Kimia,5,"[""Performance Analysis of FIFO and Round Robin Scheduling Process Algorithm in IoT Operating System for Collecting Landslide Data"", ""The Cholesky Decomposition of Matrices over the Symmetrized Max-Plus Algebra"", ""CHARACTERIZATION OF RANK OF A MATRIX OVER THE SYMMETRIZED MAX-PLUS ALGEBRA""]",6.3,"{""Ilmu Komputer dan Elektronika"": 1, ""Kimia"": 2, ""Matematika"": 2}"
Paleomagnetism and Geochronology in Geological Research,Magnetic Properties and Heavy Metal Pollution Insights,Fisika,5,"[""Preliminary study of magnetic susceptibility on fine sediment Bengawan Solo river"", ""Identification pyroclastic flow of magnetic minerals (Holocene volcano): A case study of paleo-volcano Lawu on the south side, Central Java, Indonesia"", ""Magnetic Properties of Ancient Sediments Bengawan Solo, Central Java-East Java, Indonesia""]",11.4,"{""Fisika"": 5}"
Palladium Catalysis in Cross-Coupling Reactions,Palladium Nanoparticles in Catalytic Reactions,Kimia,5,"[""Fixing Ni2+ onto mesoporous SiO2-TiO2 through amino silane and application as a catalyst for Kumada cross coupling reaction for 1,1′-biphenyl synthesis"", ""Synthesis, Cytotoxic Evaluation and molecular docking of bromo-substituted 1,3,6-trihydroxyxanthone as protein tyrosine kinase inhibitor"", ""Novel nickel-immobilized-SiO2-TiO2 fine particles in the presence of cetyltrimethylammonium bromide as a catalyst for ultrasound-assisted-Kumada cross-coupling reaction""]",61.0,"{""Kimia"": 5}"
Retinal Disease Detection and Treatment,Innovative Techniques in Retinal Vessel Segmentation,Ilmu Komputer dan Elektronika,5,"[""Optimization Contrast Enhancement and Noise Reduction for Semantic Segmentation of Oil Palm Aerial Imagery"", ""Efficient and Robust Method to Detect the Location of Macular Center Based on Optimal Temporal Determination"", ""The Methods of Determining Temporal Direction Based on Asymmetric Information of the Optic Disc for Optimal Fovea Detection""]",88.2,"{""Ilmu Komputer dan Elektronika"": 5}"
Solar Energy and Photovoltaic Systems,Artificial Light Pollution and Ecological Impact,Fisika,5,"[""Data analysis techniques in light pollution: A survey and taxonomy"", ""A spatiotemporal prediction model for light pollution in conservation areas using remote sensing datasets"", ""Real-time anomaly detection in sky quality meter data using probabilistic exponential weighted moving average""]",86.3,"{""Fisika"": 3, ""Matematika"": 1, ""Ilmu Komputer dan Elektronika"": 1}"
Solid Oxide Fuel Cell Technology,Zirconium Titanate Innovations in Dielectric Materials,Kimia,5,"[""Development of Density-Functional Tight-Binding Parameters for the Molecular Dynamics Simulation of Zirconia, Yttria, and Yttria-Stabilized Zirconia"", ""Facile Synthesis of Various ZrO2 Phases and ZrO2-MO2 (M = Ti, Hf) by Thermal Decomposition of a Single UiO-66 Precursor for Photodegradation of Methyl Orange"", ""Investigations of the influence of non-metal dopants on the electronic and photocatalytic properties of ZrTiO4 by density functional theory calculations""]",85.3,"{""Belum terpetakan"": 1, ""Kimia"": 3, ""Fisika"": 1}"
Tumor Suppressor Proteins and Gene Therapy Insights,Oncolytic Adenoviruses in Cancer Treatment Strategies,Matematika,5,"[""Hopf Bifurcation on a Cancer Therapy Model by Oncolytic Virus Involving the Malignancy Effect and Therapeutic Efficacy"", ""Comparison of 3-carbethoxy-4-phenyl-but-3-en-2-one and methylene quinuclidinone as a ligand to reactivate mutant p53: Molecular docking study in three types of crystal structure mutant p53: 2BIM, 2JIY, and 2J21"", ""Torus and Homoclinic Bifurcations on a Cells Repair Regulations Model of the Metastatic Nasopharyngeal Carcinoma""]",49.2,"{""Matematika"": 3, ""Kimia"": 2}"
Water and Carbon Dynamics in Ecosystems,Innovative Systems for Plant Growth and Monitoring,Ilmu Komputer dan Elektronika,5,"[""Modeling Trust Decision-Making of Indonesian Food and Beverage SME Groups in the Adoption of Industry 4.0"", ""Group preference decision-making for the implementation of Industry 4.0 in food and beverage SMEs"", ""The development of quality evaluation model for capture fisheries supply chain in Java southern coast""]",76.4,"{""Ilmu Komputer dan Elektronika"": 3, ""Belum terpetakan"": 2}"
Algebraic Structures and Their Applications in Logic,Generalized Derivations and Commutativity in Prime Rings,Matematika,4,"[""On f -derivations on polynomial modules"", ""Commuting and Centralizing Maps on Modules"", ""Exoticism on topological spaces and alternative physics: Physics on exotic spheres as toy models""]",7.7,"{""Matematika"": 2, ""Kimia"": 1, ""Fisika"": 1}"
Breast Cancer Screening and Health Disparities,Innovative Approaches in Cancer Treatment and Patient Care,Matematika,4,"[""Characteristics of breast cancer patients at dr. Sardjito Hospital for early anticipation of neutropenia: Cross-sectional study"", ""A Mathematical Model for The Treatment Cost Estimation of Breast Cancer with Cardiotoxicity"", ""Survival analysis of breast cancer patients in Yogyakarta""]",68.6,"{""Matematika"": 4}"
Catalytic Innovations for Hydrogen and Ammonia Production,Catalytic Innovations in Methane Reforming Processes,Kimia,4,"[""Effect of base promoter on activity of MCM-41-supported nickel catalyst for hydrogen production via dry reforming of methane"", ""Montmorillonite-Zirconium Phosphate Catalysts for Methanol Dehydration"", ""Synthesis of Titanium Oxide Catalyst with Gold Nanoparticle as a Dopant for Ethanol Dehydration Application""]",99.2,"{""Fisika"": 1, ""Kimia"": 3}"
Causality and Complexity in Time Series Analysis,Innovative Techniques in Time Series Spectrum Analysis,Belum terpetakan,4,"[""Ssa-based hybrid forecasting models and applications"", ""Forecasting of jabodetabek train passengers using singular spectrum analysis and holt-winters methods"", ""Covid-19 daily forecasting during ramadhan in countries with high muslim population""]",21.7,"{""Belum terpetakan"": 3, ""Matematika"": 1}"
Coding and Information Storage,Integer Codes and Error Correction in Lattice Structures,Matematika,4,"[""On Algebraic Properties of Primitive Eisenstein Integers with Applications in Coding Theory"", ""On Signal Constellations over Eisenstein Integers"", ""Hydrodynamical formulation of Wigner{Dunkl quantum mechanics""]",15.7,"{""Matematika"": 2, ""Fisika"": 1, ""Ilmu Komputer dan Elektronika"": 1}"
Diamond Films and Their Multifaceted Applications,Defects and Spectroscopy in Synthetic Diamonds,Fisika,4,"[""Vibrational effect on vacancy concentration in diamond: The density-functional-theory calculation"", ""Semiconducting biomass-based amorphous carbon films and their potential application in photovoltaic devices"", ""Dissociation-energy calculations of C-multivacancies in diamond: the density-functional-theory study""]",67.3,"{""Fisika"": 3, ""Ilmu Komputer dan Elektronika"": 1}"
Ethylene Regulation and Antioxidant Activity in Fruits,Edible Coatings for Enhanced Fruit Preservation,Kimia,4,"[""Optimizing banana preservation with bandgap-dependent curcumin-modified Cu-doped-ZnO nanoparticles in chitosan edible coatings"", ""Polysaccharide-based layer-by-layer edible coatings for shelf-life extension of fresh tomatoes"", ""Chitosan-based edible coatings with silver-modified SiO2 nanoparticles and cinnamon essential oil (Cinnamomum burmannii) to extend shelf life of strawberry (Fragaria × ananassa)""]",84.8,"{""Matematika"": 1, ""Fisika"": 1, ""Kimia"": 2}"
Fluoride and Oral Health in Children,Fluoride and Remineralization in Dental Caries Management,Fisika,4,"[""Development of a hydroxyapatite nanoparticle-based gel for enamel remineralization —A physicochemical properties and cell viability assay analysis"", ""The Potential of QP3VH-Chitosan Peptide as Biomimetic Remineralization in Early Dental Caries Treatment: An In Vitro Study"", ""Viability Base Gel as Potential for Fabricating Crassostrea gigas Hydroxyapatite (HA-Crassostrea gigas shell) Gel for Dental Caries Repair""]",73.2,"{""Fisika"": 2, ""Kimia"": 1, ""Matematika"": 1}"
Gene Expression and Immune Responses in Insects,Diversity and Management of Fruit Fly Species,Kimia,4,"[""Population Dynamic of Fruit Fly Pests Bactrocera spp. in Salacca Orchard in Relation to Host Plants and Climate Factors"", ""Farmers' Response to The Application of Augmentorium in Technology to Conserve Fruit Fly Parasitoid on Snake Fruit in Yogyakarta"", ""Fruit flies (Diptera: Teprithidae) and their parasitoid (Hymenoptera: Braconidae) species from registered snake fruit production during early rainy and dry seasons in the Special Region of Yogyakarta, Indonesia""]",66.5,"{""Kimia"": 3, ""Fisika"": 1}"
Genotoxicity and Cancer Risk Assessment Framework,DNA Damage Assessment Using Comet Assay Techniques,Ilmu Komputer dan Elektronika,4,"[""GamaComet: A Deep Learning-Based Tool for the Detection and Classification of DNA Damage from Buccal Mucosa Comet Assay Images"", ""A hybrid convolutional neural network-extreme learning machine with augmented dataset for dna damage classification using comet assay from buccal mucosa sample"", ""Comet assay classification for buccal Mucosa’s DNA damage measurement with super tiny dataset using transfer learning""]",18.6,"{""Ilmu Komputer dan Elektronika"": 4}"
Glaucoma Management and Corneal Health Insights,Deep Learning Innovations in Glaucoma Diagnosis,Ilmu Komputer dan Elektronika,4,"[""RIB-NET AS MODIFICATION OF CNN ARCHITECTURE FOR SEMANTIC SEGMENTATION OF OPTIC DISC AND OPTIC CUP"", ""Improved U-Net Performance with Augmentation for Retinal Optic Segmentation"", ""Enhancing U-Net for Optic Cup and Disc Segmentation in Retinal Images Using Atrous Spatial Pyramid Pooling, Inception Modules, and Attention Gates""]",68.9,"{""Fisika"": 1, ""Matematika"": 1, ""Ilmu Komputer dan Elektronika"": 2}"
Graph Theory and Optimization in Computational Geometry,Graph Visualization Techniques for Enhanced Data Interpretation,Ilmu Komputer dan Elektronika,4,"[""Evaluating the layout quality of UML class diagrams using machine learning"", ""Clearing Lines with Evolution: A Genetic Algorithm Approach to Tetris"", ""TRAVELING SALESMAN PROBLEM INTEGRATED WITH FUZZY LOGIC ON TOURISM IN D.I. YOGYAKARTA""]",46.0,"{""Ilmu Komputer dan Elektronika"": 2, ""Matematika"": 2}"
Health Impacts of Air Pollution Exposure,Pharmacoepidemiology and Vaccine Safety Insights,Matematika,4,"[""Core Concepts: Self-Controlled Designs in Pharmacoepidemiology"", ""A comparison of four self-controlled study designs in an analysis of COVID-19 vaccines and myocarditis using five European databases"", ""Analysis and Trends Research Publications on Air Quality (PM 2.5) Management Strategies""]",93.7,"{""Matematika"": 2, ""Kimia"": 2}"
High-Performance Materials for Lithium Batteries,Mesoporous Carbon Nanospheres for Diverse Applications,Kimia,4,"[""The effect of gelatin as pore expander in green synthesis mesoporous silica for methylene blue adsorption"", ""Lithium-ion battery performance improvement using two-dimensional materials"", ""Understanding pore surface modification of sucrose-modified iron oxide/silica mesoporous composite for degradation of methylene blue""]",99.7,"{""Kimia"": 3, ""Ilmu Komputer dan Elektronika"": 1}"
Image Enhancement Techniques for Dynamic Range Optimization,Innovative Techniques in Image Enhancement and Contrast,Ilmu Komputer dan Elektronika,4,"[""Prediction of Forest Fire using Hybrid SOM-AdaBoost Method"", ""An Improved Cuckoo Search Algorithm with Dynamic Parameters and Hybrid Distribution for Enhanced CLAHE"", ""ENHANCING CONTRAST LIMITED ADAPTIVE HISTOGRAM EQUALIZATION USING WEIGHTED SUM CUCKOO SEARCH ALGORITHM""]",36.0,"{""Belum terpetakan"": 1, ""Ilmu Komputer dan Elektronika"": 2, ""Matematika"": 1}"
Innovative Approaches in Asymmetric Synthesis Chemistry,Synthesis and Applications of Indole Macrocycles,Kimia,4,"[""Synthesis and Docking Study of 2–Aryl-4,5-diphenyl-1H-imidazole Derivatives as Lead Compounds for Antimalarial Agent"", ""Approaches to calix[3]indoles from activated indole carboxylic acids"", ""Indole macrocycles formed by diindolylmethane ring closure""]",16.0,"{""Kimia"": 3, ""Fisika"": 1}"
Innovative Electrocatalysts for Energy Conversion Applications,Carbon-Based Electrocatalysts for Oxygen Reduction Applications,Kimia,4,"[""Utilisation of gelatin as nitrogen source for N-doped carbon nanotubes and its performance for the oxygen reduction reaction"", ""Promising electrocatalytic performance of a Mn-based coordination polymer for the oxygen reduction reaction (ORR)"", ""Carbon-black-supported NiFeP as cost-effective and high-performance OER catalysts for alkaline electrolysis""]",99.9,"{""Kimia"": 2, ""Fisika"": 1, ""Matematika"": 1}"
Integrating Remote Sensing for Environmental Monitoring,Digital Models in Cultural Heritage Preservation,Ilmu Komputer dan Elektronika,4,"[""Acquisition evaluation on outdoor scanning for archaeological artifact digitalization"", ""Long-term deformation of coastal volcanoes in SE-Asia: linking displacement rates, volcanic activity and flank instabilities"", ""Registered Relief Depth (RRD) borobudur dataset for single-frame depth prediction on one-side artifacts""]",84.0,"{""Ilmu Komputer dan Elektronika"": 2, ""Fisika"": 2}"
Luminescent Phosphors and Upconversion Nanomaterials Applications,Ceria Nanoparticles in Catalytic Applications,Fisika,4,"[""Photocatalytic degradation of aqueous Congo red dye pollutants by rare-earth metal oxide (CeO2) nanorods"", ""Enhancement of photocatalytic activity of CeO2 nanorods through lanthanum doping (La–CeO2) for the degradation of Congo red dyes"", ""Photocatalytic degradation of Rhodamine B using a reusable and magnetically separable Fe3O4/rGO/ZnO nanocomposite synthesized through green approach utilizing plant leaf extracts""]",95.7,"{""Fisika"": 4}"
Machine Learning Insights into Crystal Structures,Machine Learning Applications in Material Discovery,Fisika,4,"[""DFT-PBE band gap correction using machine learning with a reduced set of features"", ""Multi-Properties prediction of perovskite materials using Machine learning and Meta-Heuristic feature selection"", ""Direct band gap prediction of single and double perovskite using cost-sensitive ensemble learning""]",74.6,"{""Fisika"": 3, ""Ilmu Komputer dan Elektronika"": 1}"
Melanoma Diagnosis and Treatment,AI Innovations in Skin Cancer Diagnosis,Ilmu Komputer dan Elektronika,4,"[""Image dermoscopy skin lesion classification using deep learning method: systematic literature review"", ""Skin Lesion Segmentation Using Adaptive Color Segmentation and Decision Tree"", ""Thresholding segmentation of skin lesions with modified ant colony optimization algorithm""]",86.7,"{""Ilmu Komputer dan Elektronika"": 4}"
Multicomponent Reactions in Antimicrobial and Anticancer Development,Innovative Multicomponent Reactions with Isocyanides,Kimia,4,"[""Straightforward Access to a Great Diversity of Complex Biorelevant γ-Lactams Thanks to a Tunable Cascade Multicomponent Process"", ""Comparing conventional peat swamp versus mound peat swamp on the growth of Pantung (Dyera lowii) plants in peat swamp land"", ""Fe/ZSM-5-Catalyzed-Synthesis of 1,4-Dihydropyridines under Ultrasound Irradiation and Their Antioxidant Activities""]",44.0,"{""Kimia"": 3, ""Fisika"": 1}"
Multifunctional Nanoparticles in Cancer Treatment,Fluorescence Imaging in Surgical Oncology Applications,Fisika,4,"[""Therapeutic and Contrast Agents for Photoacoustic Imaging-Guided Photothermal Therapy: A Narrative Review"", ""Functionalization of Mg/Al Hydrotalcite with Ascorbic Acid for Gold Nanoparticles Synthesis"", ""Designing Derivative Compounds of 4-Chlorophenyloxy N-Alkyl Phosphoramidates as Anti-Cervical Cancer Agents Based on QSAR Model""]",98.2,"{""Fisika"": 2, ""Kimia"": 2}"
Nanostructured Films and Ion Transport Mechanisms,Plasma Treatment Effects on Polymer Surface Properties,Fisika,4,"[""Plasma Functionalization for Enhanced Natural Dye Affinity on Bioplastics: A Novel Approach"", ""Modeling FTIR Spectra of Ramie Non-Woven Fabrics with Corona Plasma Treatment: ANN, SVR, Random Forest, XGBoost"", ""Ultrasonic Characterization of Plasma-Induced Gas–Surface Interactions in Nonwoven Macromolecular Systems""]",42.1,"{""Kimia"": 1, ""Fisika"": 3}"
Polarimetry and Thermal Radiation in Advanced Measurement Techniques,Ellipsometry Techniques for Thin Film Characterization,Fisika,4,"[""A compact, modular, multi-wavelength (200-850nm) rotating-analyzer ellipsometer for optical constant characterization of nanostructured materials"", ""Spectroscopic ellipsometry based biosensor on gold thin film for detection of microalgae"", ""Simple and low-cost rotating analyzer ellipsometer (RAE) for wavelength dependent optical constant characterization of novel materials""]",27.3,"{""Fisika"": 4}"
Predictive Control Models for Complex Systems,Distributed Control Systems for Large-Scale Processes,Matematika,4,"[""A Sequentially Updated Distributed Receding Horizon Control Scheme with Application to Irrigation Canal Systems"", ""The Design of Coalitional Model Predictive Control for Large-Scale Systems"", ""A cooperative game approach to synthesizing a sequential distributed model predictive controller""]",35.8,"{""Matematika"": 2, ""Fisika"": 2}"
Soil Carbon Dynamics in Agricultural Ecosystems,Portable X-ray Fluorescence in Soil Analysis,Kimia,4,"[""Identification and Characterization of Nanoclays in Gamalama Volcanic Soil of Northern Maluku"", ""Statistical evaluation of conventional and portable instrumentations for Cr(VI) analysis on chemistry laboratory waste water"", ""Development of soil sample preparation by means acid digestion without heating with teflon method for nickel analysis""]",96.8,"{""Kimia"": 4}"
Solar Magnetic Fields and Cosmic Ray Variations,Interplanetary Magnetic Clouds and Solar Wind Dynamics,Ilmu Komputer dan Elektronika,4,"[""The intensity of geomagnetic storms associated with the interplanetary magnetic field and solar wind parameters during Solar Cycle 24"", ""Investigation of Geomagnetic Storm Effects to Ionosphere over Pontianak: A Study Case"", ""Prediction of coronal mass ejection transit times using machine learning-assisted drag based model""]",46.0,"{""Fisika"": 1, ""Kimia"": 1, ""Ilmu Komputer dan Elektronika"": 2}"
Speech Recognition and Processing,Dysarthric Speech Recognition Systems,Ilmu Komputer dan Elektronika,4,"[""A hybrid convolutional neural network and support vector machine for dysarthria speech classification"", ""An evaluation of sentence selection methods on the different phone-sized units for constructing Indonesian speech corpus"", ""Enhancing Low-Resource Dialectal ASR in Indonesian Using Speech-Transformer Models and Data Augmentation""]",80.0,"{""Ilmu Komputer dan Elektronika"": 4}"
Superhydrophobic Coatings for Oil-Water Separation,Innovative Materials for Oil Spill Remediation,Kimia,4,"[""Magnetic hollow buoyant alginate beads achieving rapid remediation of oil contamination on water"", ""Synthesis of Activated Carbon-Fe3O4 Composite as Gasoline Adsorbent in Gasoline-Water Mixture and Its Adsorption Kinetics Study"", ""Diatomaceous earth incorporated floating magnetic beads for oil removal on water""]",94.8,"{""Kimia"": 3, ""Matematika"": 1}"
Sustainable Development in the Tourism Industry,Tourist Motivations and Market Segmentation,Ilmu Komputer dan Elektronika,4,"[""Travel behaviour differences among Indonesian youth in Generations Y and Z: pre-, during and post-travel"", ""Analyzing residents’ preferences to ecotourism impacts using simple additive weighting: The case of Mount Rinjani National Park, Indonesia"", ""Where to Eat? Exploring Flashpacker’s Dining Preference in Bali Following the COVID-19 Pandemic""]",97.9,"{""Ilmu Komputer dan Elektronika"": 3, ""Matematika"": 1}"
Thermoelectric Materials and Their Performance Optimization,Optimized Thermoelectric Materials for Energy Applications,Ilmu Komputer dan Elektronika,4,"[""Enhancing thermoelectric properties of multilayer graphene with Au deposition"", ""Emergence of Rashba spin valley state in two-dimensional strained bismuth oxychalcogenides Bi2 O2Se"", ""Thermoelectric properties of monolayer and bilayer buckled XTe (X = Ge, Sn, and Pb)""]",91.6,"{""Ilmu Komputer dan Elektronika"": 2, ""Fisika"": 2}"
Adaptive Control Systems for Nonlinear Dynamics,Decentralized Adaptive Control for Nonlinear Systems,Fisika,3,"[""Barrier function-based adaptive synergetic control with state constraints for manipulator with uncertainty and input saturation"", ""A GROUP OF MEDICAL SPECIALIST IN DETERMINING THE PRIORITY OF STROKE PATIENT TREATMENT"", ""Adaptive fuzzy sliding mode controller for a single-stage inverted pendulum""]",85.8,"{""Fisika"": 1, ""Kimia"": 1, ""Ilmu Komputer dan Elektronika"": 1}"
Biodegradable Polymers and Microplastics in Environment,Active Packaging Technologies for Food Preservation,Kimia,3,"[""Antimicrobial Imperata cylindrica paper coated with anionic nanocellulose crosslinked with cationic ions"", ""Release of α-tocopherol from chitosan/pectin polyelectrolyte complex film into fatty food simulant for the design of antioxidant active food package"", ""Green design of biodegradable packaging films via renewable coffee waste and PVA matrix tuning""]",99.5,"{""Kimia"": 2, ""Fisika"": 1}"
Bone Health and Mechanical Properties in Osteoporosis,Bone Density and Mandibular Health in Women,Ilmu Komputer dan Elektronika,3,"[""Automatic Segmentation of Periapical Radiograph Using Color Histogram and Machine Learning for Osteoporosis Detection"", ""Periapical Radiograph Texture Features for Osteoporosis Detection using Deep Convolutional Neural Network"", ""Mandibular Landmark Determination Based on Statistical Features of Panoramic Radiograph Images Using Multi-Output Neural Network""]",32.7,"{""Ilmu Komputer dan Elektronika"": 3}"
Catalytic Innovations in Organic Synthesis and Activation,Isoindolinone Derivatives in Chemical Synthesis,Kimia,3,"[""Ultrasonic-assisted-synthesis of isoindolin-1-one derivatives"", ""The Groebke–Blackburn–Bienaymé reaction in its maturity: innovation and improvements since its 21st birthday (2019–2023)"", ""Ultrasound-assisted-one-pot synthesis and antiplasmodium evaluation of 3-substituted-isoindolin-1-ones""]",91.2,"{""Kimia"": 3}"
Causal Inference and Argumentation in AI Systems,Bayesian Networks in Structure Learning Applications,Matematika,3,"[""Discretization methods for bayesian networks in the case of the earthquake"", ""Exploring the Discretization of Peak Ground Acceleration Variables: a Comparative Analysis of K-means and K-medoids"", ""Integrating Peak Ground Acceleration As A Damage Factor In Risk-Based Premium Rate Assessment Using K-medoids Bayesian Networks""]",24.1,"{""Matematika"": 1, ""Ilmu Komputer dan Elektronika"": 1, ""Kimia"": 1}"
Cervical Cancer Prevention and HPV Awareness,Cervical Cancer Screening and HPV Self-Collection Strategies,Matematika,3,"[""HPV and DNA Methylation Testing in Urine for Cervical Intraepithelial Neoplasia and Cervical Cancer Detection"", ""DNA methylation markers have universal prognostic value for anal cancer risk in HIV-negative and HIV-positive individuals"", ""Numerical Bifurcations and Sensitivity Analysis of an SIVPC Cervical Cancer Model""]",70.0,"{""Matematika"": 1, ""Belum terpetakan"": 1, ""Fisika"": 1}"
Coal Gasification and Pyrolysis Processes,Underground Coal Gasification and Environmental Impact,Ilmu Komputer dan Elektronika,3,"[""A kinetic model approach for predicting coke reactivity index from coal and coal blend properties"", ""Implementing the Calculations and Characterization of Underground Coal Gasification using Data Analytic Method"", ""Screening criteria of underground coal gasification (UCG): A case study from Mangunjaya Area, South Sumatra Basin, Indonesia""]",83.6,"{""Matematika"": 1, ""Ilmu Komputer dan Elektronika"": 2}"
Computability and Topological Group Dynamics,Continuous Functions and Topological Spaces Interactions,Matematika,3,"[""A NOTE ON CAUCHY–TYPE CLASS OF FUNCTIONS"", ""STRONGLY SEPARATELY EQUICONTINUOUS FAMILIES OF FUNCTIONS ON ℓ2"", ""The uniqueness of binary operation on semilocally simply connected, connected and locally path connected topological groups""]",6.2,"{""Ilmu Komputer dan Elektronika"": 1, ""Matematika"": 2}"
Conservation Strategies for Endangered Marine Species,Mercury Bioaccumulation in Shark Species,Kimia,3,"[""Heavy Metals Concentration in Muscle Tissue of Threatened Sharks (Rhizoprionodon acutus, Sphyrna lewini, and Squallus hemipinnis) from Binuangeun, Lebak Banten, Indonesia"", ""Development of Methylmercury Analysis by Ultra-High Performance Liquid Chromatography Coupled with ICP-MS and Its Application on Sharks’ Meat Measurement"", ""Essential Elements in Muscle Tissue of Rhizoprionodon acutus and Sphyrna lewini from West Java Waters""]",26.0,"{""Kimia"": 2, ""Fisika"": 1}"
Corporate Governance and Ownership Impact on Performance,Executive Compensation and Corporate Governance Dynamics,Matematika,3,"[""Comparative Valuation of Employee Stock Options Using CRR and Enhanced American Models with Vesting and Exit Effects"", ""DISCOVERING THE BEST INTERVAL TRAINING SET FOR RAINFALL PREDICTION USING BAYESIAN OPTIMIZATION AND ENSEMBLE MACHINE LEARNING"", ""OPTIMIZING ISLAMIC PORTFOLIO FORMATION USING MATHEMATICAL AND SHARIAH APPROACHES""]",98.5,"{""Matematika"": 3}"
Data-Driven Innovations in Transportation Systems,Urban Taxi Systems and Data-Driven Optimization,Ilmu Komputer dan Elektronika,3,"[""Hotspot Identification Through Pick-Up and Drop-Off Analysis of Ride-Hailing Transport Service"", ""Mobility Prediction Using Markov Models: A Survey"", ""Optimizing Urban Mobility: A Comparative Analysis of Taxi Demand Prediction Models""]",95.8,"{""Ilmu Komputer dan Elektronika"": 2, ""Fisika"": 1}"
Decision Making and Risk in Behavioral Economics,Insurance Solutions for Climate Risk Management,Matematika,3,"[""Household margin insurance of agricultural sector in Indonesia using a farmer exchange rate index"", ""An improved agricultural household margin insurance scheme with insured–insurer risk protection: a time-varying copula approach"", ""Agricultural insurance catastrophe risk management review""]",60.6,"{""Matematika"": 1, ""Kimia"": 1, ""Fisika"": 1}"
Dengue and Zika Virus Dynamics in Public Health,Dengue Transmission Dynamics and Climate Interactions,Matematika,3,"[""Predicting spatio-temporal dynamics of dengue using INLA (integrated nested laplace approximation) in Yogyakarta, Indonesia"", ""Digital Health Interventions in Dengue Surveillance to Detect and Predict Outbreak: A Scoping Review"", ""Understanding local determinants of dengue: a geographically weighted panel regression approach in Yogyakarta, Indonesia""]",78.4,"{""Ilmu Komputer dan Elektronika"": 1, ""Matematika"": 2}"
Diversity and Health in Social Insects,Quality Assessment and Antioxidant Properties of Honey,Fisika,3,"[""Potential of Bioactive Compounds In Coleus amboinicus, Lour., Leaves Against Breast Cancer By Assessment Using A Network Pharmacology Approach and Cytotoxic Test"", ""The use of electronic tongue (E-tongue) as a simple and rapid method for honey authentication"", ""Webcam based visible light spectrometer for accurate honey adulteration detection using variational autoencoder and Bayesian neural network""]",73.1,"{""Kimia"": 1, ""Fisika"": 2}"
Electrochemical Innovations in Genome Editing Techniques,Electrochemical Sensors for Heavy Metal Detection,Fisika,3,"[""Low-cost imaging spectrophotometer system for absorbance measurement"", ""Dithizone-decorated reduced graphene oxide for simultaneous electroanalytical detection of lead and mercury ions in water"", ""Enhanced selective Cu(II) detection using a high-performance EDTA/PVA/MWCNT-modified carbon paste electrode""]",97.1,"{""Fisika"": 1, ""Kimia"": 1, ""Ilmu Komputer dan Elektronika"": 1}"
Fault Tolerance and Concurrency in Distributed Systems,Log-Based Anomaly Detection in Complex Systems,Ilmu Komputer dan Elektronika,3,"[""VloGraph: A Virtual Knowledge Graph Framework for Distributed Security Log Analysis"", ""Virtual Knowledge Graphs for Federated Log Analysis"", ""NAPER: Fault Protection for Real-Time Resource-Constrained Deep Neural Networks""]",27.8,"{""Ilmu Komputer dan Elektronika"": 3}"
Fiber Optic Sensing Technologies,Optical Fiber Displacement Sensors,Fisika,3,"[""Detection of seismograph signal using fiber bundle sensor"", ""Invisible barcode method base on NDT photoacoustic imaging"", ""Optical and Electrical Based Indoor Landslide Early Warning System Based on the Change of the Wall Crack Width""]",77.2,"{""Fisika"": 3}"
Gallium Nitride Innovations in High-Performance Devices,Enhancements in Light Emitting Diode Performance,Fisika,3,"[""Ultrashort Pulse Laser Lift-Off Processing of InGaN/GaN Light-Emitting Diode Chips"", ""Wafer-scale transfer route for top–down III-nitride nanowire LED arrays based on the femtosecond laser lift-off technique"", ""Atomic defects (vacancy, substitutional, and Stone-Wales) in monolayer aluminum nitride: A density-functional-theory simulation""]",64.3,"{""Fisika"": 2, ""Kimia"": 1}"
Groundwater Quality and Resource Management Insights,Groundwater Quality and Health Risk Assessment,Fisika,3,"[""Geochemical Characteristics and Evaluation of the Groundwater and Surface Water in Limestone Mining Area around Gunungkidul Regency, Indonesia"", ""Geochemical approach for seawater intrusion assessment in the area around yogyakarta international airport, Indonesia"", ""Investigation of groundwater aquifer at Noborejo, Salatiga using Electrical Resistivity Tomography (ERT) and Vertical Electrical Sounding (VES) methods""]",88.9,"{""Fisika"": 3}"
Heavy Metal Pollution and Organic Waste Management,Trace Elements and Heavy Metals in Agriculture,Kimia,3,"[""Assessment of Multi-Nutrients and Heavy Metals in Inorganic Fertilizers Widely Used by Indonesian Farmers Using NAA"", ""Effect of low molecular weight organic acid (LMWOA) on the Zn2+ desorption from the soil of illegal land fill in Yogyakarta-Indonesia"", ""Humic acid immobilization on cellulose by crosslink method for cr(Iii) adsorption from aqueous solution""]",84.7,"{""Kimia"": 3}"
High-Performance Materials for Lithium-Ion Batteries,Lithium Ion Battery Cathode Materials,Ilmu Komputer dan Elektronika,3,"[""A review of atomic layer deposition for high lithium-ion battery performance"", ""Structural and electrochemical properties of LiFePO4 cathode synthesized by solid-state reaction using FeC2O4.2H2O precursor from local Indonesian ilmenite mineral"", ""The effect of non-polar solvent on the structural properties and electrochemical performance of LiFePO4/C cathode materials synthesized by solid-state reaction""]",97.4,"{""Ilmu Komputer dan Elektronika"": 3}"
Imaging Techniques for Medical Applications,Image Reconstruction for Tomography,Matematika,3,"[""Computed Tomography Reconstruction from Undersampled Data: An Application to Biomedical Imaging"", ""Shearlet-based Regularization with an Application to Limited Data X-ray Tomography"", ""A virtual anti-scatter grid for multi-energy photon counting detector systems""]",45.1,"{""Matematika"": 2, ""Fisika"": 1}"
Impact of Anti-Inflammatory Drugs on Cancer Progression,Pharmacological Insights into Thiocolchicoside Applications,Ilmu Komputer dan Elektronika,3,"[""Recommendation System for Elective Courses using Content-based Filtering and Weighted Cosine Similarity"", ""Elective Courses Recommendation System using Genetic Algorithm"", ""Identification of Bioactive Peptide Inhibitors of Cyclooxygenase-2 from Peanut Worm (Siphonosoma australe): An In Silico Studies""]",32.4,"{""Ilmu Komputer dan Elektronika"": 2, ""Matematika"": 1}"
Innovative Approaches in Computational Fluid Dynamics,Mathematical Models for Water Quality and Salinity Management,Matematika,3,"[""THE SIMULATION OF ONE-DIMENSIONAL SHALLOW WATER WAVE EQUATION WITH MACCORMACK SCHEMES"", ""Simulations of shallow water equations by finite difference weno schemes with multilevel time discretization"", ""Parameters test on time migration with Kirchhoff method on 2D synthetic data with dipping event and its reflector structural changes""]",42.5,"{""Matematika"": 2, ""Kimia"": 1}"
Innovative Approaches in Glioma Treatment and Drug Delivery,Childhood Cancer: Global Trends and Care Challenges,Matematika,3,"[""Impact of universal health coverage on childhood cancer outcomes in Indonesia"", ""Evolutionary trajectories of IDH-mutant astrocytoma identify molecular grading markers related to cell cycling"", ""Global initiative for childhood cancer focused tumors in Indonesia: A single-center study""]",86.0,"{""Matematika"": 2, ""Belum terpetakan"": 1}"
Innovative Approaches in Medical Education and Learning,Problem-Based Learning in Medical Education,Ilmu Komputer dan Elektronika,3,"[""Course-based online learning video retrieval system"", ""Instructional Design Learning: A Framework of A Blended Discovery-Project Model in Electronic Engineering"", ""Mortality projection: Heligman-Pollard Indonesian life table construction and mortality rate forecasting using Lee-Carter method""]",67.2,"{""Ilmu Komputer dan Elektronika"": 2, ""Fisika"": 1}"
Innovative Prosthetics and Haptic Feedback Systems,Myoelectric Control Systems for Gesture Recognition,Ilmu Komputer dan Elektronika,3,"[""Estimating finger joint angles by surface EMG signal using feature extraction and transformer-based deep learning model"", ""The Use of Time and Frequency Features in Finger Movements Based on Electromyogram Recording"", ""Revisiting the K-Fold Approach for a Stable Model on Amyotrophic Lateral Sclerosis Prediction Scheme using LSTM and Attention Mechanism""]",76.7,"{""Ilmu Komputer dan Elektronika"": 3}"
Innovative Strategies for Pest Control and Management,Essential Oils as Mosquito Control Agents,Kimia,3,"[""Synthesis edible film chitosan/polyethylene glycol/ carboxymethylcellulose with lemongrass oils as insect ovipositing repellent"", ""In Silico Study Revealing the Inhibitory Potential of Flavonoids From Azadirachta Indica against PfDHFR and PfDHODH as Antimalarial Agents"", ""Isolation and activity test of antioxidant, antibacterial, and cytotoxic compounds from the stem bark of Aglaia foveolata Pannell""]",47.5,"{""Kimia"": 2, ""Fisika"": 1}"
Innovative Techniques in Nasal and Mandibular Surgery,Mandible Fracture Management and Fixation Techniques,Fisika,3,"[""Complications following miniplate insertion in maxillofacial fractures: a systematic review"", ""Clinical and microscopic evidence of biofilm formation on titanium miniplates applied in maxillofacial surgery: a case series analysis"", ""The Influence of Surface Damage on Miniplates: A Study of Bacterial Attachment Across Various Strains""]",40.1,"{""Fisika"": 2, ""Kimia"": 1}"
Integrating Knowledge Systems in Community Development,Integration and Impact of Enterprise Resource Planning Systems,Ilmu Komputer dan Elektronika,3,"[""A PLS-SEM for ERP Adoption Readiness in Government Organizations: A TOEPP Conceptual Model"", ""A modified of TAM and TTF integration to analyze the effect of ERP implementation on employee performance"", ""Theoretical study of Maxwell's equations in nonlinear optics""]",38.8,"{""Ilmu Komputer dan Elektronika"": 2, ""Fisika"": 1}"
Interplay of Relativity and Quantum Physics,Dynamics of Pendulum Motion and Oscillation,Kimia,3,"[""Comprehensive observations on pendulum oscillation using stereo vision"", ""On non-associative rings"", ""A Unified Derivation of the Lorentz Transformation and the Relativistic Energy and Momentum""]",5.8,"{""Kimia"": 1, ""Belum terpetakan"": 1, ""Fisika"": 1}"
Laser-Based Detection of Gas Concentrations,Photoacoustic Gas Detection Systems,Fisika,3,"[""Application of the CO2 laser photoacoustic spectroscopy in detecting ammonia gas (NH3) in liver disease patient’s breath"", ""Development and application of a three-dimensional pseudo-Voigt function for muon spin relaxation analysis of weakly magnetic materials"", ""Photoacoustic Research Development in Industrial Era 4.0""]",37.2,"{""Fisika"": 2, ""Matematika"": 1}"
Lubricants and Tribological Performance,Innovative Biolubricants from Vegetable Oils,Kimia,3,"[""Evaluation of ethanolamide based nonionic biosurfactant materials from chemically modified castor oil and used palm oil waste"", ""Green synthesis of alkyl 8-(2-butyl-5-octyl-1, 3-dioxolan-4-yl)octanoate derivatives as potential biolubricants from used frying oil"", ""Synthesis of dioxo-dioxane and dioxo-dioxepane ethyl oleate derivatives as bio-lubricant base stocks""]",34.9,"{""Kimia"": 3}"
Lymphoma Pathogenesis and Treatment Insights,Circulating Tumor DNA as a Diagnostic Marker,Belum terpetakan,3,"[""Detection of colorectal cancer in urine using DNA methylation analysis"", ""Transcriptome profile of next-generation sequencing data relate to proliferation aberration of nasopharyngeal carcinoma patients in Indonesia"", ""The Log-normal-Log-logistic Mixture Model Analysis on the Survival Data of Diffuse Large B-Cell Lymphoma""]",88.6,"{""Belum terpetakan"": 1, ""Ilmu Komputer dan Elektronika"": 1, ""Matematika"": 1}"
Machine Learning Applications in Music and Sound,Music Genre Classification through Machine Learning Models,Ilmu Komputer dan Elektronika,3,"[""Audio Enhancement for Gamelan Instrument Recognition using Spectral Subtraction"", ""A Model of Computation-based Naming System for Musical Elements of Java Traditional Song"", ""The Perception of a Tap: Using Auditory Augmented Reality to Alter the Contact Properties of a Physical Object""]",28.9,"{""Ilmu Komputer dan Elektronika"": 2, ""Belum terpetakan"": 1}"
Mangrove Ecosystems and Heavy Metal Pollution Dynamics,Heavy Metal Contamination in Sediment Environments,Fisika,3,"[""Assessment of Heavy Metal Concentrations in Seawater in the Coastal Areas around Daerah Istimewa Yogyakarta Province, Indonesia"", ""Heavy Metals in Surface Sediments of the Coastal Area Around Daerah Istimewa Yogyakarta, Indonesia: Their Relations to Land-Use Types"", ""Seasonal effects on spatial distribution of elements in irrigated stream surface sediments in Brebes, Indonesia: implication for ecological risk""]",75.0,"{""Fisika"": 2, ""Kimia"": 1}"
Matrix Solutions for Differential Equations and Stability,Stochastic Dynamics in Differential Systems and Epidemics,Matematika,3,"[""A minimum principle for stochastic control of hepatitis C epidemic model"", ""Qualitative behaviour of a stochastic hepatitis C epidemic model in cellular level"", ""A Stochastic Hepatitis C Epidemic Model in Cellular Level With a Lévy Noise""]",25.3,"{""Matematika"": 3}"
Medicinal Plant Extracts for Pain Management,Therapeutic Potential of Vitex Compounds and Extracts,Kimia,3,"[""Evaluations of Andrographolide-Rich Fractions of Andrographis paniculata with Enhanced Potential Antioxidant, Anticancer, Antihypertensive, and Anti-Inflammatory Activities"", ""Anti-inflammatory, Antioxidant, and Antibacterial Activities with Molecular Docking Studies of Vitex Trifolia L. Targeting Human COX-2 and Peroxiredoxin-5"", ""Molecular Insight, Antioxidant, and Cytotoxicity Evaluation of Vitex Trifolia Leaves against EGFR L858R/T790M and Wild Type in Lung Carcinoma""]",63.4,"{""Kimia"": 3}"
Membrane Technologies for Water Treatment and Desalination,Membrane Innovations for Water Treatment Applications,Kimia,3,"[""Permeability improvement of polyethersulfone-polietylene glycol (PEG-PES) flat sheet type membranes by tripolyphosphate-crosslinked chitosan (TPP-CS) coating"", ""Preparation, characterization, and in vitro hemocompatibility of glutaraldehyde-crosslinked chitosan/carboxymethylcellulose as hemodialysis membrane"", ""Adsorption of silicate anions from geothermal brine using chitosan-polyethylene glycol composite to prevent silica scaling on the dieng geo dipa geothermal energy system""]",94.1,"{""Kimia"": 3}"
Mycotoxin Detection and Impact on Health,Antifungal Properties of Lactic Acid Bacteria,Kimia,3,"[""Antifungal activity and identification of bioactive peptide from Etawa crossbreed goat (Capra hircus) milk protein hydrolyzed using trypsin enzyme"", ""New Report: Genome Mining Untaps the Antibiotics Biosynthetic Gene Cluster of Pseudoalteromonas xiamenensis STKMTI.2 from a Mangrove Soil Sediment"", ""Antifungal Peptides From Casein Milk of Etawa Crossbreed (Capra hircus) as Biopreservation Agent for Bread and Molecular Docking Studies""]",76.1,"{""Kimia"": 3}"
Nuclear Fuel and Thermal Hydraulics,Safety and Performance in Nuclear Reactor Hydraulics,Ilmu Komputer dan Elektronika,3,"[""A hybrid machine learning approach for improving fuel temperature prediction of research reactors under mix convection regime"", ""Experimental investigation on the thermohydraulic parameters of Kartini research reactor under variation of the primary pump flow"", ""Defect formation energies of Ag- and Sr-doped 3C-SiC: A first-principles study""]",32.8,"{""Ilmu Komputer dan Elektronika"": 2, ""Fisika"": 1}"
Outcomes of Assisted Reproductive Technology in Pregnancy,Amniotic Fluid Dynamics and Pregnancy Outcomes,Ilmu Komputer dan Elektronika,3,"[""Amniotic fluid segmentation based on pixel classification using local window information and distance angle pixel"", ""Pixel Classification Based on Local Gray Level Rectangle Window Sampling for Amniotic Fluid Segmentation"", ""Amniotic Fluids Classification Using Combination of Rules-Based and Random Forest Algorithm""]",33.8,"{""Ilmu Komputer dan Elektronika"": 3}"
Positron and X-Ray Techniques in Material Analysis,Spin-Orbit Coupling in Bismuth Films,Fisika,3,"[""Anomalous optical properties of bismuth ultrathin film using spectroscopic ellipsometry in the visible - Ultraviolet range"", ""First-principles study of electric-dipole-induced Rashba spin-splitting in Janus WSSe"", ""One-dimensional confined Rashba states in a two-dimensional Si2Bi2 induced by vacancy line defects""]",10.9,"{""Fisika"": 2, ""Matematika"": 1}"
Power Electronics Control Systems,FPGA Innovations in Motor Control Systems,Ilmu Komputer dan Elektronika,3,"[""6-DOF Arm Robot Control Using Open-Source FPGA"", ""The Design of 24V DC to 400V DC Converter with Pure Sine Wave Inverter"", ""Resource-Efficient Model Predictive Control on a Low-End Field-Programmable Gate Array for DC Motor Speed Control""]",89.2,"{""Ilmu Komputer dan Elektronika"": 2, ""Matematika"": 1}"
Protein Structures and Enzyme Mechanisms in Bacteria,Copper Protein Complexes in Electron Transport Mechanisms,Kimia,3,"[""3D domain swapping of azurin from Alcaligenes xylosoxidans"", ""Evaluation of xanthone-cinnamates as novel antibacterial agents against Staphylococcus aureus and Escherichia coli: In vitro and molecular docking insights"", ""Synthesis, Activity Test and Molecular Docking of Novel Nitrophenylcalix[4]-2-methylresorcinarene Derivatives as Antimalarial Agent""]",48.2,"{""Kimia"": 2, ""Ilmu Komputer dan Elektronika"": 1}"
Quantum Chemistry and Molecular Interaction Insights,Supramolecular Chemistry and Chromophore Innovations,Kimia,3,"[""5-N-Arylaminothiazoles with pyridyl groups and their first-row transition metal complexes: synthesis, photophysical properties, and Zn sensing"", ""Comprehensive DFTB Investigation of Epoxy-and Hydroxyl-Modified Graphene: Unveiling Electronic Structure and Potassium Ion Interaction"", ""Adsorption Energies of X-Doped Fullerene (X = Si, Sn, BN): A First-Principles Study""]",80.3,"{""Kimia"": 3}"
Quantum Information and Optical State Manipulation,Quantum Trajectories and Bohmian Mechanics Insights,Fisika,3,"[""The symplectic geometrical formulation of quantum hydrodynamics"", ""Wave-field interpretation of quantum mechanics"", ""Quantization Yielding Sharp and Unsharp Observables""]",94.5,"{""Kimia"": 1, ""Fisika"": 2}"
Resilience Strategies for Climate Change and Disasters,Social Media's Role in Disaster Management,Ilmu Komputer dan Elektronika,3,"[""Classifying Natural Disaster Tweet using a Convolutional Neural Network and BERT Embedding"", ""Integrating Multi-Hazard Risk Analysis into Spatial Planning for Small Island: Study Case of Sangihe Island"", ""INDOBERT Embedding for Flood Detection In Indonesia""]",93.5,"{""Ilmu Komputer dan Elektronika"": 1, ""Fisika"": 1, ""Kimia"": 1}"
Robotic Systems for Dynamic Environment Navigation,Visual Odometry and Mapping in Robotics,Ilmu Komputer dan Elektronika,3,"[""Camera-based simultaneous localization and mapping: methods, camera types, and deep learning trends"", ""Enhancing SLAM Accuracy in Urban Dynamics: A Novel Approach with DynaVINS on Real-World Dataset"", ""Collision Avoidance for Autonomous Wheelchair Using Integrated SLAM and YOLO""]",75.2,"{""Ilmu Komputer dan Elektronika"": 3}"
Spectroscopy and Imaging Techniques,Hyperspectral Imaging and Machine Learning in Seed Quality,Ilmu Komputer dan Elektronika,3,"[""Grape drying process using machine vision based on multilayer perceptron networks"", ""Implementation of Size-Based Recognition on Automatic Liquid Filling Machine Using Canny-Edge Detection Method"", ""Application of Photoacoustic Spectroscopy for Glucose Level Measurement: A Literature Review""]",84.2,"{""Ilmu Komputer dan Elektronika"": 3}"
Sperm Quality and Male Fertility Factors,Machine Learning Techniques for Sperm Analysis,Ilmu Komputer dan Elektronika,3,"[""A Dual Architecture Fusion and AutoEncoder for Automatic Morphological Classification of Human Sperm"", ""Predicting the value of sperm analysis using an electronic nose"", ""Novel method to classify varicocele using electronic nose""]",61.2,"{""Ilmu Komputer dan Elektronika"": 1, ""Fisika"": 1, ""Kimia"": 1}"
Starch Properties and Applications in Food Science,Starch Nanoparticles: Properties and Applications,Kimia,3,"[""Physical and chemical characteristic of stem starch and sheath flour from oil palm tree (Elaeis guineensis)"", ""Breadfruit (Artocarpus altilis) starch-based nanoparticle formation through dropwise mixing nanoprecipitation"", ""Zeta potential examination of β-carotene encapsulated in starch-chitosan/tripoly-phosphate microparticles""]",87.1,"{""Belum terpetakan"": 1, ""Kimia"": 2}"
Statistical Models for Copula and Dependence Structures,Dependence Structures in Financial and Environmental Data,Matematika,3,"[""Measuring dynamic dependency using time-varying copulas with extended parameters: Evidence from exchange rates data"", ""PERFORMANCE LOSS IN DEPENDENT SEISMIC RISK MODELS"", ""Determining the optimal window length of the time-varying copula parameter: A simulation study""]",17.7,"{""Matematika"": 3}"
Supercritical Fluid Applications in Extraction Processes,Valorization of Coffee Byproducts for Sustainable Solutions,Kimia,3,"[""The influence of coffee cherry fermentation on the properties of Cascara arabica from Subang, West Java"", ""The Effectiveness of Coffee Waste Ground by Simple Washing on the Adsorption of Methylene Blue"", ""Purification and characterization of catechin from cascara and its evaluation on antioxidant and antibacterial activities""]",55.6,"{""Kimia"": 2, ""Fisika"": 1}"
Synthetic Aperture Radar Technologies,Noncontact Radar Systems for Vital Sign Monitoring,Ilmu Komputer dan Elektronika,3,"[""Non-contact Breathing Patterns Recognition with FMCW Radar by Processing Temporal Information using Transformer Network"", ""RCTrans-Net: A spatiotemporal model for fast-time human detection behind walls using ultrawideband radar"", ""Resource-Efficient Field-Programmable Gate Array Implementation of an Integer Fuzzy Inference System for Conveyor Gear Condition Monitoring""]",92.2,"{""Ilmu Komputer dan Elektronika"": 2, ""Matematika"": 1}"
Targeted Therapies and Genetic Insights in Cancer,Epidermal Growth Factor Receptor Imaging in Lung Tumors,Kimia,3,"[""Synthesis and evaluation of a rociletinib analog as prospective imaging double mutation L858R/T790M in non-small cell lung cancer"", ""Design of new quinazoline derivative as EGFR (Epidermal growth factor receptor) inhibitor through molecular docking and dynamics simulation"", ""In Silico Identification of 2,4-Diaryl-6-styrylpyridine Derivatives as Orthosteric-allosteric EGFR Inhibitors""]",70.5,"{""Kimia"": 2, ""Ilmu Komputer dan Elektronika"": 1}"
Traffic Control Systems for Enhanced Transport Efficiency,Innovative Approaches to Traffic Signal Control,Ilmu Komputer dan Elektronika,3,"[""A3C and A2C performance comparison in intelligent traffic signal controller using Indonesian traffic rules simulation"", ""Comparison of DQN and DDPG Learning Algorithm for Intelligent Traffic Signal Controller in Semarang Road Network Simulation"", ""Influences of Off-Ramp Volumes on Mean Speed Based on METANET Model""]",83.3,"{""Ilmu Komputer dan Elektronika"": 2, ""Matematika"": 1}"
Tuberculosis Treatment and Diagnostic Innovations,Infection Control Strategies for Tuberculosis Among Health Workers,Matematika,3,"[""Implementation of an information system for tuberculosis in healthcare facilities in Indonesia: evaluation of its effectiveness and challenges"", ""Design and prototype of TOMO: an app for improving drug resistant TB treatment adherence"", ""Natural flavonoids in Delonix regia leaf as an antimycobacterial agent: An in silico study""]",72.3,"{""Matematika"": 1, ""Ilmu Komputer dan Elektronika"": 1, ""Kimia"": 1}"
Volatility and Investor Behavior in Financial Markets,Calendar Effects and Market Anomalies in Returns,Matematika,3,"[""Optimal Adaptive Neuro-Fuzzy Inference System Architecture for Time Series Forecasting with Calendar Effect"", ""A Bayesian Markov Switching Autoregressive Model with Time-Varying Parameters for Dynamic Economic Forecasting"", ""Hybrid ARIMAX-ANFIS based on LM Test for Prediction of Time Series with Holiday Effect""]",94.6,"{""Matematika"": 3}"
X-Ray Free Electron Laser Innovations in Accelerator Technology,Superconducting Cyclotron Systems for Ion Acceleration,Fisika,3,"[""Autocorrelation analysis of COVID-19 based on hijri calendar"", ""Study on Proton Beam Extraction System of 13 MeV Cyclotron"", ""Particle tracking simulation for central region optimization in DECY-13 cyclotron""]",18.4,"{""Belum terpetakan"": 1, ""Fisika"": 2}"
Adaptive Learning Systems and Student Engagement,Personalized Learning Systems in E-Learning Environments,Belum terpetakan,2,"[""Enhanced performance of the automatic learning style detection model using a combination of modified K-means algorithm and Naive Bayesian"", ""Learning path recommendation using hybrid particle swarm optimization""]",95.4,"{""Belum terpetakan"": 1, ""Ilmu Komputer dan Elektronika"": 1}"
Additive Manufacturing and Corrosion Resistance,Optimizing Coating Techniques for Magnesium Alloys,Kimia,2,"[""Exploring the effects of cochineal and indigotin extracts on the properties of plasma electrolytic oxidation coating"", ""Effect of plasma electrolytic oxidation duration on catsh bone–derived hydroxyapatite coatings on titanium""]",99.0,"{""Kimia"": 1, ""Fisika"": 1}"
Animal Welfare and Production in Livestock Systems,Animal Welfare and Meat Quality in Slaughter Methods,Kimia,2,"[""Protein Markers Related to Non-halal Slaughtering Process of Rat as Mammal Animal’s Model Detected Using Mass Spectrometry Proteome Analysis"", ""An Acoustic Feature-Based Ensemble Learning Approach for Chicken Health Detection""]",40.7,"{""Kimia"": 1, ""Ilmu Komputer dan Elektronika"": 1}"
Arsenic Contamination in Soil and Water Systems,Arsenic Removal Technologies for Potable Water,Kimia,2,"[""Detoxification of As(III) in aqueous media by using photo-Fenton method"", ""Laundry Wastewater Treatment by Phytoremediation Utilized Polyculture System of Water Lettuce (Pistia stratiotes L.) and Giant Salvinia (Salvinia molesta)""]",91.3,"{""Kimia"": 2}"
Atmospheric Aerosol Emissions and Pollution Dynamics,Radical Reactions and Rate Constants in Atmospheric Chemistry,Fisika,2,"[""Atmospheric Degradation Mechanism of Isoamyl Acetate Initiated by OH Radicals and Cl Atoms Revealed by Quantum Chemical Calculations and Kinetic Modeling"", ""Iterative Filtering and Smoothing with Optical Flow Prediction Models""]",95.4,"{""Fisika"": 1, ""Matematika"": 1}"
Bacillus Proteins and Enzymatic Applications in Biology,Alkaline Proteases in Diverse Industrial Applications,Kimia,2,"[""Three-dimensional structure modeling of a protease from lactic acid bacteria leuconostoc mesenteroides K7 using automated protein homology analysis"", ""Enhancing the Amino Acid and Reducing the Metal Ions Contents in the Hydrolysate Resulting from Hydrothermal Carbonization of Chicken Feather Waste by Chemical Phosphorylation""]",41.4,"{""Kimia"": 2}"
Bioactive Compounds from Marine Fungi,Endophytic Fungi as Sources of Bioactive Compounds,Kimia,2,"[""Potent antibacterial and cytotoxic bioactive compounds from endophytic fungi Diaporthe sp. associated with Salacia intermedia"", ""Phytotoxic and Cytotoxic Polyketides Produced by Fungal Endophytes Isolated from Psidium guajava""]",38.5,"{""Kimia"": 2}"
Biomineralization and Structural Innovations in Materials,Biomimetic Approaches to Calcium Carbonate Crystallization,Kimia,2,"[""Green Preparation of Precipitated Calcium Carbonate from Limestone Without Calcination Step"", ""Fabrication of Calcite Calcium Carbonate from Eggshells Biogenic Waste Through Carbonation Method""]",45.5,"{""Kimia"": 2}"
Blockchain Applications in Energy and Security Systems,Volatility and Prediction in Cryptocurrency Markets,Ilmu Komputer dan Elektronika,2,"[""Prediction of Bitcoin Price Change using Neural Networks"", ""Optimization of tips selection on the IOTA tangle for securing blockchain-based IoT transactions""]",99.1,"{""Ilmu Komputer dan Elektronika"": 2}"
Cellular Mechanisms Linking Diabetes and Cancer Risk,Fenofibrate and PPAR-α in Cancer Therapy,Kimia,2,"[""Molecular target identification of two Coleus amboinicus leaf isolates toward lung cancer using a bioinformatic approach and molecular docking-based assessment"", ""N-aryl oleamides derived from indonesian palm oil as anticancer agents: from in silico design to synthesis and in vitro assay""]",66.8,"{""Kimia"": 2}"
Chronic Kidney Disease and Patient Care Dynamics,Innovative Biosensors for Creatinine Detection,Kimia,2,"[""EDTA-capped silver nanoparticles as a probe for highly sensitive and selective colorimetric sensing of creatinine and optimization using response surface methodology-Box Behnken Design"", ""A novel method utilizing a portable digital image-based colorimeter detector and a glutathione-functionalized gold nanoparticles (GSH-AuNPs) sensor for the highly selective and sensitive detection of creatinine in urine sample""]",80.1,"{""Kimia"": 1, ""Ilmu Komputer dan Elektronika"": 1}"
Climate Change Impacts on Frozen Soil Dynamics,Isotopic Insights into Geological and Biological Processes,Fisika,2,"[""Lithium enrichment in high radiogenic geothermal systems originating from lithospheric water due to water-rock interactions"", ""Study comparison physical properties and minerals analysis of rock magnetic in Lawu Volcanic Complex""]",66.0,"{""Fisika"": 2}"
Control Strategies for Wave Equation Systems,Control Strategies for Linear Infinite-Dimensional Systems,Matematika,2,"[""Strongly continuous quasi semigroups in optimal control problems for non-Autonomous systems"", ""Compensator Design for Non-autonomous Linear Control Systems""]",23.0,"{""Matematika"": 2}"
Corrosion Inhibition Mechanisms in Metal Alloys,Corrosion Inhibitors for Steel Protection and Efficiency,Kimia,2,"[""Quantum chemical and monte carlo simulation studies on inhibition performance of caffeine and its derivatives against corrosion of copper"", ""Corrosion Inhibition Properties of Phenyl Phthalimide Derivatives against Carbon Steel in the Acidic Medium: DFT, MP2, and Monte Carlo Simulation Studies""]",77.5,"{""Kimia"": 2}"
DNA Barcoding and Species Identification Techniques,DNA Techniques for Meat Species Identification,Fisika,2,"[""Sensitive surface plasmon resonance sensor for differentiation of porcine and bovine gelatin using a green-synthesized Ag/rGO-glutaraldehyde nanoplasmonic sensing layer"", ""GENETIC MAKEUP OF THE MEDICINAL PLANT, VITEX SP., BASED ON DNA BARCODING: AN IN-SILICO ANALYSIS""]",27.6,"{""Fisika"": 1, ""Kimia"": 1}"
Digital Forensics and Cybersecurity in Social Media,Digital Forensics in Cloud and Mobile Environments,Ilmu Komputer dan Elektronika,2,"[""The framework to support the digital evidence handling: A case study of procedures for the management of evidence in Indonesia"", ""ABAC as Access Control Solution for Digital Evidence Storage""]",81.7,"{""Ilmu Komputer dan Elektronika"": 1, ""Fisika"": 1}"
Electromagnetic Properties of Advanced Composite Materials,Electromagnetic Shielding Materials in Textiles,Fisika,2,"[""Surface modification of polyester-cotton (TC 70%) fabric by corona discharged plasma with tip-cylinder electrode configuration-assisted coating carbon black conductive ink for electromagnetic shielding fabric"", ""Magnetic properties and microstructural of ion-implanted Gadolia doped Ceria-Barium monoferrite thin film deposited on Kapton for electromagnetic wave absorber application""]",96.3,"{""Fisika"": 2}"
Enzyme Immobilization Techniques for Enhanced Biocatalysis,Enzyme Immobilization Using Nanoparticles,Kimia,2,"[""Immobilization of lipase in silica gel from rice husk ash and its activity assay to hydrolyze palm oil"", ""Inulinase activity of extracellular protein of lactobacillus casei AP in different growth conditions""]",69.4,"{""Kimia"": 2}"
Fluorescent Probes for Reactive Oxygen Species Detection,Hydrogen Sulfide's Role in Cellular Signaling,Kimia,2,"[""Colorimetric Chemosensor for Sulfide Anion Detection Based on Symmetrical Nitrovanillin Azine"", ""Synthesis of Vanillin-Azine as Colorimetric Chemosensor of Sulfide Anion""]",67.8,"{""Kimia"": 2}"
Fullerene Dynamics and Electronic Properties Exploration,Endohedral Fullerenes and Molecular Interactions,Fisika,2,"[""Interaction of C60 with Small Molecules: Adsorption-Inclusion Energy Calculation Using the Density Functional Theory"", ""Adsorption and formation energies of nucleobase-Fullerene: A first-principles simulation""]",9.4,"{""Fisika"": 2}"
Geological Insights into Seismic and Sedimentary Dynamics,Beachrock Formation and Its Coastal Significance,Fisika,2,"[""Investigation of natural beachrock and physical– mechanical comparison with artificial beachrock induced by micp as a protective measure against beach erosion at yogyakarta, indonesia"", ""Identification of geological structure based on gravity satellite and seismicity data in Kepahiang geothermal prospect area""]",19.4,"{""Fisika"": 2}"
Geometric Structures and Curvature in Manifolds,Lagrangian and Hamiltonian Frameworks in Field Theory,Fisika,2,"[""Neother's theorem on quantum hydrodynamics"", ""On the stochastic processes on 7-dimensional spheres""]",15.9,"{""Fisika"": 2}"
Image Classification and Mapping,Hyperspectral Techniques in Mineral Mapping Applications,Belum terpetakan,2,"[""The estimation of iron oxide content in soil based on landsat 8 oli tirs imagery in wetland areas"", ""Microorganism estimation in a shrimp pond using Gaussian process regressor and gradient tree boosting""]",94.7,"{""Belum terpetakan"": 1, ""Ilmu Komputer dan Elektronika"": 1}"
Image Processing Techniques for Enhanced Signal Clarity,Wavelet Transform Techniques for Image Denoising,Matematika,2,"[""Local variance multilevel wavelet thresholding with hybrid CNN for medical image classification"", ""Forecasting train passengers using hybrid of MODWT (maximal overlap discrete wavelet transform) and feed forward neural network""]",38.6,"{""Matematika"": 1, ""Kimia"": 1}"
Innovative Algorithms for Mobile Robot Navigation,Control Strategies for Wheeled Mobile Robots,Matematika,2,"[""Swarm Intelligence Autotune for Differential Drive Wheeled Mobile Robot"", ""A new hybrid parallel genetic algorithm for multi-destination path planning problem""]",82.1,"{""Matematika"": 1, ""Fisika"": 1}"
Innovative Approaches in Acetylcholinesterase Inhibition,Cholinesterase Inhibitors and Alzheimer’s Disease Mechanisms,Kimia,2,"[""A density-functional study of the conformational preference of acetylcholine in the neutral hydrolysis"", ""Acetylcholine Conformational Flexibility and Its Neutral Hydrolysis in Aqueous Solution""]",44.1,"{""Kimia"": 2}"
Innovative Approaches in Diabetes Management and Monitoring,Machine Learning Techniques for Diabetes Prediction,Matematika,2,"[""Enhancing Diabetes Prediction on Imbalanced Data Using RM-SMOTE-Driven KNN Framework"", ""Prognosis of Diabetes Mellitus with Transfer Learning-Based Naïve Bayes Method""]",95.5,"{""Matematika"": 1, ""Ilmu Komputer dan Elektronika"": 1}"
Innovative Approaches in Petroleum Reservoir Management,Porosity and Saturation Models in Reservoir Evaluation,Fisika,2,"[""Reservoirs resistivity correction factor in low resistivity pyritic sandstone reservoirs"", ""Quantifying the Impact of Siderite Composition and Reservoir Resistivity on Water Saturation Estimation in Low-Resistivity Sideritic Sandstone Reservoirs Using the Graphic Plot Method""]",25.6,"{""Fisika"": 1, ""Matematika"": 1}"
Innovative Approaches to Sound Insulation and Control,Microperforated Panels in Sound Absorption Applications,Fisika,2,"[""A Novel Theoretical Modeling for Predicting the Sound Absorption of Woven Fabrics Using Modification of Sound Wave Equation and Genetic Algorithm"", ""Impedance Boundary Conditions on The Optimal Design of the H-Type Cylinder Resonator Using Transmission Matrix Method and Genetic Algorithm""]",31.3,"{""Fisika"": 1, ""Matematika"": 1}"
Innovative Strategies in Supply Chain Management,Optimizing Inventory and Supply Chain Dynamics,Matematika,2,"[""Analysis of the Single-Vendor-Multi-Buyer Inventory Model for Imperfect Quality with Controllable Lead Time"", ""Nash equilibrium for manufacturer-retailer inventory model with perishable goods and time depending holding cost""]",93.8,"{""Matematika"": 2}"
Integrated Approaches to Transport Scheduling Optimization,Optimization Strategies for Railway Timetables and Passenger Flow,Matematika,2,"[""Time-Varying Model Predictive Control for Train Regulation and Passenger Flow in Metro Lines with Sinusoidal Disturbance"", ""Application of model predictive control on metro train scheduling problems""]",33.7,"{""Matematika"": 2}"
Integrating Technology in Teacher Education Practices,Transformative Approaches in Nigerian Educational Technology,Ilmu Komputer dan Elektronika,2,"[""Cognitive Classification Based on Revised Bloom's Taxonomy Using Learning Vector Quantization"", ""Development of the STEM ISCIT model that focuses on professional and pedagogical improvement of prospective physics teachers""]",75.3,"{""Ilmu Komputer dan Elektronika"": 1, ""Kimia"": 1}"
Integration of Electric Vehicles in Smart Grids,Neural Network Innovations in Load Forecasting,Belum terpetakan,2,"[""Indonesian electricity load forecasting using singular spectrum analysis, fuzzy systems and neural networks"", ""High Secure Initial Authentication Protocol based on EPNR Cryptosystem for Supporting Radiation Monitoring System""]",97.6,"{""Belum terpetakan"": 1, ""Ilmu Komputer dan Elektronika"": 1}"
Integration of Electronic Health Records in Patient Care,Interoperability Standards in Healthcare Applications,Matematika,2,"[""Fast Healthcare Interoperability Resources (FHIR)–Based Interoperability Design in Indonesia: Content Analysis of Developer Hub’s Social Networking Service"", ""An Automatic Data Mapping for Interoperability of OpenEMR Medical Practice Management Software Using the Fast Healthcare Interoperability Resources""]",71.0,"{""Matematika"": 1, ""Ilmu Komputer dan Elektronika"": 1}"
Integration of Gene Expression and Protein Interaction Networks,Data-Driven Drug Repurposing and Interaction Networks,Ilmu Komputer dan Elektronika,2,"[""Prediction of the interaction between Calloselasma rhodostoma venom-derived peptides and cancer-associated hub proteins: A computational study"", ""Linked open data for agricultural land evaluation""]",93.7,"{""Ilmu Komputer dan Elektronika"": 2}"
Integrative Framework for Decision-Making Models,Geospatial Strategies for Waste Management Optimization,Kimia,2,"[""EVALUATION OF LANDFILL MANAGEMENT AT PIYUNGAN LANDFILL YOGYAKARTA BY USING INTEGRATED RISK BASED APPROACH METHOD"", ""Multi prime numbers principle to expand implementation of CRT method on RSA algorithm""]",81.6,"{""Kimia"": 1, ""Ilmu Komputer dan Elektronika"": 1}"
Interactions in Particle Physics Models,Resonance Contributions in Nucleon Photoproduction,Fisika,2,"[""A brief history and outlook of hadronic physics in Indonesia"", ""Revisiting the charmonium spectra within the non-relativistic framework using the Matrix Numerov method""]",54.9,"{""Fisika"": 1, ""Ilmu Komputer dan Elektronika"": 1}"
Interactions of Plant Growth-Promoting Rhizobacteria,Volatile Organic Compounds in Plant Microbial Interactions,Kimia,2,"[""Volatile organic compounds of Streptomyces sp. GMR22 inhibit growth of two plant pathogenic fungi"", ""Antiplasmodial activity of the low molecular weight compounds from streptomyces sp. GMR22""]",89.8,"{""Kimia"": 2}"
Interactions of Plasma and Magnetic Fields in Space,Geomagnetic Storms and Their Impact on Power Systems,Fisika,2,"[""Assessment of the Severe Geomagnetic Storm on May 10-11, 2024 Effects on the Geomagnetic Field and Ionosphere Over the Indonesian Region"", ""Characterizing Radiation Belt Electron Flux Behavior During Geomagnetic Storms Driven by CMEs and CIRs""]",21.9,"{""Fisika"": 1, ""Matematika"": 1}"
Interconnections of Economic Growth and Environmental Impact,Long Memory Dynamics in Time Series Volatility,Ilmu Komputer dan Elektronika,2,"[""Automatic forecasting for univariate time series with long memory property"", ""Weekly Forecast Indonesian Currency During Ramadan""]",99.3,"{""Ilmu Komputer dan Elektronika"": 1, ""Matematika"": 1}"
Interpersonal Relations and Mental Health in Youth,Cyberbullying Detection in Social Media Networks,Fisika,2,"[""Sentiment Analysis of Cyberbullying Using Machine Learning"", ""Enhanced Deep Learning Model for Violence, Racist, and Harassment Chat Detection in Child-Friendly Online Game""]",78.2,"{""Fisika"": 1, ""Ilmu Komputer dan Elektronika"": 1}"
Interplay of Personality Traits and Cognitive Function,Personality Prediction through Social Media Insights,Ilmu Komputer dan Elektronika,2,"[""The Performance of Personality-based Recommender System for Fashion with Demographic Data-based Personality Prediction"", ""Modeling of Personality Traits based on Demographic Data on Multi-Races Samples of Ages from 13 to 50 Years Old: Investigating the Effect of Race on Model""]",65.7,"{""Ilmu Komputer dan Elektronika"": 2}"
Invasive Fungal Infections and Antifungal Resistance,Candida Management in Denture Wearers' Oral Health,Kimia,2,"[""The effect of ZnO nanoparticles addition to PMMA on surface contact angle and adhesion of Candida albicans"", ""The potency of Actinomycetes InaCC A758 against dual-species biofilms: Candida albicans and Staphylococcus aureus""]",78.9,"{""Kimia"": 2}"
Investment Strategies and Financial Structures in Banking,Deposit Insurance Systems and Bank Risk Management,Matematika,2,"[""Deposit Insurance Price Using Modified Option Approach Based on Variance-Gamma Process"", ""Valuing Fruit Tree Lease Contracts Under Uncertainty: A Probabilistic Framework for Fair Pricing""]",86.2,"{""Matematika"": 1, ""Belum terpetakan"": 1}"
Landslide Susceptibility and Risk Management Framework,Landslide Susceptibility Mapping and Risk Assessment,Ilmu Komputer dan Elektronika,2,"[""A benchmark dataset and workflow for landslide susceptibility zonation"", ""Application of numerical simulation method integrated SfM-UAV to tsunami hazard map in Jailolo""]",86.4,"{""Ilmu Komputer dan Elektronika"": 1, ""Fisika"": 1}"
Malnutrition and Growth Patterns in Children,Addressing Child Malnutrition and Nutritional Status,Fisika,2,"[""Web-based Software Development for Complementary Feeding Recommendation System (EasyMPASI) Using Rule-Based Reasoning"", ""Facial Shape Image-Based Stunting Classification using CNN with Sliced Feature Extraction""]",61.4,"{""Fisika"": 1, ""Ilmu Komputer dan Elektronika"": 1}"
Market Dynamics in Cooperative Auctions and Games,Nash Equilibrium and Comparative Statics in Oligopoly,Matematika,2,"[""Analysis of a Single Manufacturer Multi-Retailer Inventory Competition Using Supermodular Multi-Objective Games"", ""Analysis of the n-person noncooperative supermodular multiobjective games""]",34.9,"{""Matematika"": 1, ""Kimia"": 1}"
Mechanical Properties and Fluid Dynamics in Drilling,Mechanochemical Innovations in Polymer Materials,Kimia,2,"[""Planarization of Twisted Push–Pull Probes by Stretching Rather than by Compression: Core-Substituted Fluorescent Flippers as Materials Mechanosensors"", ""Characterization and Rheological Improvement of Boyolali White Bentonite with Soda Ash and Carboxy Methyl Cellulose""]",66.9,"{""Kimia"": 1, ""Matematika"": 1}"
Mechanical Properties of Natural Fiber Composites,Innovative Degumming Techniques for Natural Fibers,Fisika,2,"[""An analysis of ramie fiber (Boehmeria nivea L. Gaud) treated with low temperature plasma using a mathematical model"", ""Biomechanical surface roughness analysis of ramie-low melt polyester nonwovens exposed to plasma""]",88.5,"{""Fisika"": 2}"
Mechanical Ventilation and Acute Lung Injury Management,Open-Source Mechanical Ventilators for Global Health,Ilmu Komputer dan Elektronika,2,"[""Securing Ventilators: Integrating Hardware Security Modules with SoftHSM and Cryptographic Algorithms"", ""A review of using data mining and machine learning for predicting drug loading modeling in solid lipid nanoparticles containing curcumin""]",62.5,"{""Ilmu Komputer dan Elektronika"": 2}"
Melatonin's Influence on Circadian Rhythms and Stress Response,Pupillary Responses as Indicators of Cognitive Load,Ilmu Komputer dan Elektronika,2,"[""Anisotropy in the peripheral visual field based on pupil response to the glare illusion"", ""Brightness Perception in World-Centered Coordinates Assessed by Pupillometry""]",85.3,"{""Ilmu Komputer dan Elektronika"": 2}"
Mental Health Impacts of COVID-19 Pandemic,Mobile Technology in Mental Health Interventions,Kimia,2,"[""Security and Privacy Policy Assessment in Mobile Health Applications: A Literature Review"", ""Identifying Key Psychological, Biological, Lifestyle, and Social Risk Factors for Mental Health using Random Forest and Gradient Boosting Models""]",89.6,"{""Kimia"": 1, ""Matematika"": 1}"
Metabolic and Hormonal Dynamics in PCOS Management,Machine Learning Applications in Polycystic Ovary Syndrome Detection,Ilmu Komputer dan Elektronika,2,"[""Active contour without edge and watershed for follicle detection in ultrasound image of ovary"", ""Follicle Detection Model on Ovarian Ultrasound Image""]",65.0,"{""Ilmu Komputer dan Elektronika"": 1, ""Matematika"": 1}"
Microbial Solutions for Hydrocarbon Biodegradation,Phytoremediation Techniques for Hydrocarbon Contaminated Soils,Kimia,2,"[""Analysis of Petroleum Products Spill Potential Impact (Gasoline and Diesel Fuels) on Soil Fertility Quality Around Pertamina Rewulu-Cilacap Pipeline Bantul-Yogyakarta"", ""Impact of Cations and Implicit Solvent on the Sensitivity of the Enol Tautomers of 3-Nitro-1,2,4-Triazole-5-One: A DFT Study""]",80.9,"{""Kimia"": 1, ""Ilmu Komputer dan Elektronika"": 1}"
Neutrinos and Dark Matter Phenomena,the Mirror World of Dark Matter,Matematika,2,"[""The phenomenology of sphaleron in modified mirror model"", ""Asymmetric reheating in the mirror model""]",53.0,"{""Matematika"": 1, ""Kimia"": 1}"
Nutritional Enhancements in Aquaculture Feed Systems,Seaweed as a Source of Nutritional Innovation,Kimia,2,"[""First identification report for amino acid composition of red algae Gracilaria spp. obtained from Central Java, Indonesia"", ""Effect of adding nanoparticle magnetite (Fe3O4-NPs) and probiotics in feed on the growth performance of catfish (Clarias batrachus)""]",84.2,"{""Kimia"": 2}"
Object Recognition and Image Processing,Saliency Detection and Visual Attention,Ilmu Komputer dan Elektronika,2,"[""Troop camouflage detection based on deep action learning"", ""Fingerprint Liveness Detection Using Handcrafted Feature Descriptors and Neural Network""]",81.8,"{""Ilmu Komputer dan Elektronika"": 2}"
Optimization Models for Multidisciplinary Design Challenges,Bayesian Optimization in Learning Systems and Neural Networks,Matematika,2,"[""A weighted metric scalarization approach for multiobjective BOHB hyperparameter optimization in LSTM model for sentiment analysis"", ""Risk Measurement of Stocks Using Value at Risk with Johnson Transformation""]",53.2,"{""Matematika"": 1, ""Kimia"": 1}"
Optimized Logistics and Vehicle Routing Solutions,Optimization of Vehicle Routing and Loading Constraints,Fisika,2,"[""MedRoPax: A comprehensive software for solving heterogeneous vehicle routing problem with 3D loading constraints and cardboard box packing for medical supply distribution"", ""A Context-Aware Itinerary Recommendation Model Based on CBR with Auto-Revise and Multi-Clustered Data Modeling""]",93.0,"{""Fisika"": 1, ""Ilmu Komputer dan Elektronika"": 1}"
Organic Solar Cell Polymers,Graphene and Zinc Oxide in Solar Cell Innovation,Fisika,2,"[""Device modeling of two-dimensional hole transport materials for boosting the performance of non-fullerene acceptor bulk heterojunction organic solar cells"", ""First-principles study on structural and electronic properties of P3HT-graphene""]",88.2,"{""Fisika"": 2}"
Parallel Programming and Memory Systems,Performance Optimization in GPU Computing Systems,Ilmu Komputer dan Elektronika,2,"[""A simple cache coherence scheme for integrated CPU-GPU systems"", ""Online MPI process mapping for coordinating locality and memory congestion on NUMA systems""]",12.6,"{""Ilmu Komputer dan Elektronika"": 2}"
Photovoltaic Energy Systems and Storage,Innovative Systems for Spacecraft Communication and Design,Ilmu Komputer dan Elektronika,2,"[""Analysis of Premature CanSat Separation Caused by Barometric Sensor Noise"", ""Stability Improvement of a Multimachine Power System Connected with a Hybrid Wind-PV Farm-based High-capacity DC Microgrid Using a DSTATCOM""]",95.2,"{""Ilmu Komputer dan Elektronika"": 2}"
Plant Virus Resistance and RNA Mechanisms,Geminivirus Interactions and Plant Resistance Mechanisms,Fisika,2,"[""Gas chromatography-mass spectrometry analysis of compounds emitted by pepper yellow leaf curl virus-infected chili plants: A preliminary study"", ""RNA-seq data of banana bunchy top virus (BBTV) viruliferous and non-viruliferous banana aphid (Pentalonia nigronervosa)""]",37.4,"{""Fisika"": 1, ""Ilmu Komputer dan Elektronika"": 1}"
Plasmonic Nanoparticles in Surface-Enhanced Spectroscopy,Surface-Enhanced Raman Spectroscopy Developments and Optimization,Matematika,2,"[""Numerical Study of Electric Field Enhancement in Inverted-Pyramid Gold Arrays with Tunable Spacing"", ""A preliminary study on the selective detection of hypochlorite based on antiagregation of aunps""]",83.7,"{""Matematika"": 1, ""Kimia"": 1}"
Pool Boiling and Turbulent Flow Dynamics,Natural Dyes and Their Sustainable Textile Applications,Kimia,2,"[""Sustainable Cotton Dyeing with Banana Floral Stem Extract Using Microwave Irradiation and Chitosan Optimised by Response Surface Methodology"", ""Exploring the Flora of South Sulawesi, Forest Vegetation, and Karst Areas as Bundle Dyeing on Silk Fabrics""]",79.8,"{""Kimia"": 1, ""Fisika"": 1}"
Porphyrin and Phthalocyanine Complexes in Catalysis,BODIPY Compounds in Fluorescent Applications and Properties,Kimia,2,"[""Boron complexes of thiazole-bridged 1,5-bidentate nitrogen ligands: synthesis and acid-responsive photophysical properties"", ""Eco-friendly QCM sensor based on biochar-functionalized nanofibers for rapid and selective detection of hydrogen chloride gas""]",25.2,"{""Kimia"": 2}"
Power Conversion and Management,Multiport Converters for Renewable Energy Systems,Ilmu Komputer dan Elektronika,2,"[""Multiple Input Single Output Converter with Uneven Load Sharing Control for Improved Efficiency"", ""Fabrication and experimental study of transformer 400 V with a simple rectifier circuit design""]",77.9,"{""Ilmu Komputer dan Elektronika"": 1, ""Fisika"": 1}"
Precision Navigation Systems and Signal Processing,Very Long Baseline Interferometry Systems,Fisika,2,"[""Implementation of Allan Standard Deviation Technique in Stability Analysis of 4C31.61 Quasar Position"", ""Design and implementation of a compact RTK GNSS receiver module for centimeter-level positioning accuracy""]",49.4,"{""Fisika"": 1, ""Ilmu Komputer dan Elektronika"": 1}"
Preeclampsia and Prenatal Screening Innovations,Umbilical Cord Dynamics and Fetal Outcomes,Ilmu Komputer dan Elektronika,2,"[""Machine learning model for umbilical cord classification using combination coiling index and texture feature based on 2-D Doppler ultrasound images"", ""Amniotic fluid classification based on volume and echogenicity using single deep pocket and texture feature""]",64.8,"{""Ilmu Komputer dan Elektronika"": 2}"
Probiotics and Their Impact on Health,Lactobacillus Probiotics and Their Functional Proteins,Kimia,2,"[""Assessing the survival and ability of lactobacillus strains in coconut neera to bolster its suitability as a functional beverage after storage"", ""MODELING STRUCTURE OF Glucose-6-phosphate dehydrogenase FROM Leuconostoc mesenteroides STRAIN K7""]",89.3,"{""Kimia"": 2}"
Protein Emulsification and Functional Food Applications,Nutritional Benefits and Fermentation of Tempeh,Ilmu Komputer dan Elektronika,2,"[""Integration of low-cost multispectral sensors and electronic nose for enhanced fermentation monitoring in tempeh production"", ""Amino Acid Profile and Fortification Potential of Protein Fraction from Samanea saman Seed""]",96.4,"{""Ilmu Komputer dan Elektronika"": 1, ""Kimia"": 1}"
Quantum Spin Systems and Magnetic Phase Transitions,Magnetic Properties and Ground States in Pyrochlore Systems,Fisika,2,"[""Capturing the Interplay between Lattice Distortions and Magnetic Correlations in Nd2Ru2O7 Pyrochlore with Muon Spin Relaxation"", ""Deep Learning-Integrated Pairwise-Qubit Subsystems for Highly Efficient Quantum Circuit Simulation""]",43.8,"{""Fisika"": 1, ""Belum terpetakan"": 1}"
Queueing Models for Service System Optimization,Phase Type Distributions in Queueing Systems,Fisika,2,"[""Fitting acyclic phase-type distributions by orthogonal distance"", ""Efficiency evaluation of Geo/Geo/1 queue performance measure with priority using fuzzy data envelopment analysis""]",31.4,"{""Fisika"": 1, ""Matematika"": 1}"
Radiation Exposure and Health Risk Assessment,Optimizing Radiation Dose and Image Quality in CT,Fisika,2,"[""Fast CT imaging using limited projections: Performance analysis of FBP and SIRT-FBP reconstruction on a multi-material phantom"", ""Characterization of neutron-activated radionuclides in the biological shield of the TRIGA 2000 reactor using PHITS 3.34""]",20.2,"{""Fisika"": 2}"
Real-Time Systems and Network Communication Protocols,Middleware Innovations for Real-Time Distributed Systems,Belum terpetakan,2,"[""Prediction of Forest Fire Occurrence in Peatlands using Machine Learning Approaches"", ""Improving Machine Learning Prediction of Peatlands Fire Occurrence for Unbalanced Data Using SMOTE Approach""]",40.6,"{""Belum terpetakan"": 2}"
Reliability Management in Engineering Systems,Innovative Approaches in Failure Mode Risk Assessment,Ilmu Komputer dan Elektronika,2,"[""Knowledge Graph Supported Machine Parameterization for the Injection Moulding Industry"", ""Identifying student learning styles using support vector machine in felder-silverman model""]",88.8,"{""Ilmu Komputer dan Elektronika"": 2}"
Sepsis Management and Biomarkers in Critical Care,Methylene Blue Applications in Cardiac and Neurological Care,Kimia,2,"[""Adsorption characteristics of methylene blue on bagasse bottom ash"", ""Enhancing Early Stunting Detection: A Novel Approach using Artificial Intelligence with an Integrated SMOTE Algorithm and Ensemble Learning Model""]",82.2,"{""Kimia"": 1, ""Ilmu Komputer dan Elektronika"": 1}"
Silicon Carbide Innovations in Power Electronics,Silicon Carbide MOSFETs for High-Performance Applications,Kimia,2,"[""Physical analysis of remained oxidation byproducts as the origins of lattice distortion at the surface of 4H-SiC by Fourier-transform infrared spectroscopy"", ""Relaxation of the Distorted Lattice of 4H-SiC (0001) Surface by Post-Oxidation Annealing""]",55.5,"{""Kimia"": 1, ""Matematika"": 1}"
Silicon Nanostructures and Their Optical Properties,Optical and Electrical Properties of Porous Silicon,Fisika,2,"[""Porous silicon fabrication on N-type Si (111) electrochemical anodization technique with HF:methanol solution"", ""Formation of porous silicon on N-type Si (1 0 0) and Si (1 1 1) substrates by electrochemical anodization method""]",24.9,"{""Fisika"": 2}"
Silk and Hair Follicle Innovations in Biomaterials,Silk Fibroin as a Versatile Biomaterial,Belum terpetakan,2,"[""Amino acid identification of Bombyx mori fibroin cocoon as biomaterial using liquid chromatography/mass spectrometry"", ""Molecular weight determination and structure identification of Bombyx mori L. Fibroin as material in dentistry""]",53.0,"{""Belum terpetakan"": 2}"
Spline and Wavelet Methods in Interpolation,Precision Control Systems for Multi-Motor Synchronization,Ilmu Komputer dan Elektronika,2,"[""Synchronization of Dual Servo Motor Using CMAC Neural Network-based Lugre Friction Model"", ""Application of wavelet decomposition in volcanic seismic data""]",11.5,"{""Ilmu Komputer dan Elektronika"": 1, ""Fisika"": 1}"
Stable Isotope Dynamics in Groundwater Systems,Geological Insights into Volcanic Rock Formation,Fisika,2,"[""Modelling of Volcano Lawu Fault Structure Using Gravity Anomaly to Determine Landslides Potential"", ""Heat flow and gravity anomalies in some presumed hidden geothermal prospects in Java""]",34.5,"{""Fisika"": 2}"
Steel Production and Quality Control,Aluminum Recycling and Flux Applications,Ilmu Komputer dan Elektronika,2,"[""The effect of adding local salt as cover flux on the porosity and mechanical properties of the casting of aluminum alloys AC3A"", ""Development of local salt as drossing flux in smelting process of AlSi10Mg dross with ceramic crucible furnace""]",23.9,"{""Ilmu Komputer dan Elektronika"": 1, ""Kimia"": 1}"
Superconductivity and Magnetic Interactions in Cuprates,Magnetic Resonance and Charge Order in Cuprates,Fisika,2,"[""Anisotropic internal fields behavior in La2−xSrxCuO4 (x=0.024): Precursor to the spin glass state revealed by muon spin relaxation"", ""Numerical study of fermi surface evolution in cuprates using one-band hubbard model""]",14.0,"{""Fisika"": 2}"
Surfactant Micelles in Drug Delivery Systems,Properties and Applications of Gemini Surfactants,Kimia,2,"[""Application of Quantitative Structure-Property Relationship (QSPR) Models for the Predictions of Critical Micelle Concentration of Gemini Imidazolium Surfactants"", ""Generic QSPR study for predicting critical micelle concentration of gemini cationic surfactants using the online chemical modeling environment (OCHEM)""]",29.4,"{""Kimia"": 2}"
Vaccination Strategies Against Emerging Viral Threats,Avipoxvirus and Reticuloendotheliosis Virus Insights,Ilmu Komputer dan Elektronika,2,"[""A Case Report of Outbreak Avian Pox Virus from Layer Chickens and a Pigeon in Yogyakarta, Indonesia"", ""In ovo inhibition of avian pox virus replication by mangosteen rind and red ginger ethanolic extracts""]",61.3,"{""Ilmu Komputer dan Elektronika"": 2}"
Wave Energy Conversion and Hydrodynamic Modeling,Wave Energy and Power Conversion,Kimia,2,"[""Synthesis of Fe3O4/TiO2 nanocomposite as photocatalyst in photoreduction reaction of CO2 conversion to methanol"", ""Modeling coastal wave attenuation with hybrid vegetation–breakwater structures""]",61.6,"{""Kimia"": 1, ""Matematika"": 1}"
Welfare Systems and Retirement Dynamics in Society,Transformative Policies in Labor Market Dynamics,Ilmu Komputer dan Elektronika,2,"[""Evaluating UI in Digital Skills Training: Human Centered-Design approach from UI Sanbercode Bootcamp"", ""Assessing the Long-Term Sustainability of Pension Plans: A Benchmarking Approach Using the Divergence Between Discount Rates and GDP Growth in Relation to the Pension Benefit-Contribution Ratio""]",35.1,"{""Ilmu Komputer dan Elektronika"": 1, ""Matematika"": 1}"
ADHD and Associated Neuropsychiatric Disorders,Electroencephalography Insights into ADHD Dynamics,Ilmu Komputer dan Elektronika,1,"[""Convolutional Structural Similarity Index Measure (CSSIM): A Novel Interpretable Classification Method for ADHD Diagnosis Using EEG""]",63.8,"{""Ilmu Komputer dan Elektronika"": 1}"
Additive Manufacturing and Material Properties,Integration of IoT and 3D Printing Technologies,Ilmu Komputer dan Elektronika,1,"[""Measurement of Iodine Levels in Salt Using Color Sensor""]",96.6,"{""Ilmu Komputer dan Elektronika"": 1}"
Agent-Based Systems in Intelligent Manufacturing Design,Programmable Logic Controllers in Industrial Automation,Kimia,1,"[""DEVELOPMENT OF TEAK LEAF PLATE MOLDING MACHINE FOR PRODUCING PLASTIC ALTERNATIVE PRODUCTS""]",26.4,"{""Kimia"": 1}"
Alcohol Consumption and Its Health Implications,Health Risks and Effects of Formaldehyde Exposure,Fisika,1,"[""Characterization photoacoustic tomography imaging system and its application for detection formaldehyde in skin of cow""]",16.7,"{""Fisika"": 1}"
Antibiotic Stewardship and Resistance Management,Antibiotic Use and Self-Medication Practices,Kimia,1,"[""A survey about self medication of vitamins among Gadjah Mada chemistry students""]",56.4,"{""Kimia"": 1}"
Antioxidant Compounds in Wine and Tea,Health Benefits and Extraction of Tea Catechins,Kimia,1,"[""Different leaf maturities and withering durations affect the antioxidant potential and aroma compound of Indonesian bay leaf [Syzygium polyanthum (Wight) Walp.]""]",89.4,"{""Kimia"": 1}"
Asphaltene Dynamics and Surfactant Interactions in Crude Oil,Paramagnetic Species in Crude Oil Characterization,Kimia,1,"[""The origin, physicochemical properties, and removal technology of metallic porphyrins from crude oils""]",55.8,"{""Kimia"": 1}"
Asymmetric Catalysis in Chiral Compound Synthesis,Chiral Catalysis in Asymmetric Synthesis Advances,Kimia,1,"[""Enantioselective Construction of Tetrasubstituted Carbon Stereocenters via Chiral Phosphoric Acid-Catalyzed Friedel-Craft Alkylation of Indoles with 5-Substituted Hydroxybutyrolactams""]",33.0,"{""Kimia"": 1}"
"Autism Spectrum Disorder, Behavior and Early Interventions",Machine Learning Applications in Autism Spectrum Disorder,Ilmu Komputer dan Elektronika,1,"[""Autism Detection Based on Digital Facial Image using Hybrid Method of CNN, LBP, and HOG""]",91.1,"{""Ilmu Komputer dan Elektronika"": 1}"
Autonomous Underwater Vehicle Control Systems,Variable Buoyancy Systems in Underwater Vehicles,Ilmu Komputer dan Elektronika,1,"[""ORCA: AI-powered Autonomous Underwater Vehicle for Subaquatic Exploration""]",61.9,"{""Ilmu Komputer dan Elektronika"": 1}"
Bird Behavior and Habitat Dynamics,Bioacoustic Monitoring for Biodiversity Assessment,Matematika,1,"[""On-Edge Device Optimization Using Multiple Classification Method for a Cat and Dog Audio Classifier""]",71.3,"{""Matematika"": 1}"
Brassinosteroids and Their Impact on Plant Growth,Chrysobalanaceae Diversity and Bioactivity Insights,Kimia,1,"[""Synthesis, Epoxidation, and Cytotoxic Evaluation of Oleic Acid Amide Derivatives as Anticancer Agents: In Vitro, Molecular Docking, and Molecular Dynamics Studies""]",45.6,"{""Kimia"": 1}"
Cadmium-Based Solar Cell Technologies,Cadmium Alloys and Crystal Growth Innovations,Matematika,1,"[""Multispectral photon-counting for medical imaging and beam characterization""]",9.5,"{""Matematika"": 1}"
Cardiovascular Monitoring and Neonatal Care,Innovative Approaches to Continuous Blood Pressure Monitoring,Matematika,1,"[""Real-Time Blood Pressure Change Classification Using Enhanced PPG Signals and Convolutional Neural Networks""]",62.4,"{""Matematika"": 1}"
Carotenoid Dynamics in Nutrition and Health,Isoprenoid Biosynthesis Pathways and Antimalarial Targets,Kimia,1,"[""The Identification of β-Ocimene Biosynthetic Pathway Through Mevalonate Acid (MVA) and 1-Deoxy-D-Xylulose 5-Phosphate (DXP) Pathways Using Crude Enzyme Extracts in Indonesian Bay Leaf/Salam Leaf (Syzygium polyanthum)""]",62.1,"{""Kimia"": 1}"
Catalytic Innovations in Diesel Emission Control,Structural Dynamics and Catalytic Properties of Aluminum Oxide,Kimia,1,"[""Effect of Pt cluster size on CO2 adsorption and activation on (110) and (100) γ-alumina surfaces: insights from DFT using a periodic boundary approach""]",69.3,"{""Kimia"": 1}"
Catalytic Innovations in Organic Pollutant Degradation,Hydrogen Reactions in Aqueous Radiolysis Solutions,Fisika,1,"[""The applications of directional fields in the reactions of PfBr protection and maleic acid chemical kinetics""]",96.1,"{""Fisika"": 1}"
Catalytic Transformations in Alcohol Oxidation and Borylation,Catalytic Transformations in Hydrogenation and Alkylation,Ilmu Komputer dan Elektronika,1,"[""Sonochemical and Mechanochemical Synthesis of Alcohols from Aldehydes and Ketones""]",50.0,"{""Ilmu Komputer dan Elektronika"": 1}"
Cellular Pathways in Cancer Stem Cell Dynamics,Niclosamide's Multifunctional Role in Disease Treatment,Kimia,1,"[""A novel graphene oxide–niclosamide hybrid as a potent antiviral agent against dengue virus serotype 3""]",84.9,"{""Kimia"": 1}"
Channel Coding for Communication Systems,Data Synchronization in Heterogeneous Database Systems,Matematika,1,"[""Software Agent and Data Marker for Data Synchronization in Integrated Systems""]",10.7,"{""Matematika"": 1}"
Chromatography for Protein Separation,Chiral Separation Techniques in Pharmaceutical Development,Kimia,1,"[""Chiral Separation of Econazole by High Performance Liquid Chromatography Method using Cyclodextrin as Chiral Column""]",37.3,"{""Kimia"": 1}"
Circular Economy and Life Cycle Assessment Integration,Environmental Impact of Biobased Packaging Solutions,Kimia,1,"[""NATURAL TEAK LEAF VERSUS POLYSTYRENE® AND PAPER: A COMPARISON OF THE ENERGY USED TO MAKE SINGLE-USE PLATES""]",98.8,"{""Kimia"": 1}"
Climate Change Impacts on Species Distribution Models,Rcpp and Parallel Computing in Data Science,Matematika,1,"[""Program Evaluation and Review Technique (PERT) Analysis to Predict Completion Time and Project Risk Using Discrete Event System Simulation Method""]",64.7,"{""Matematika"": 1}"
Cloud Computing and Data Security,Resource Management and Performance Optimization in Cloud Computing,Ilmu Komputer dan Elektronika,1,"[""WASL: Harmonizing Uncoordinated Adaptive Modules in Multi-Tenant Cloud Systems""]",88.1,"{""Ilmu Komputer dan Elektronika"": 1}"
Cognitive Linguistics and Language Development Insights,Dynamic Semantics and Anaphora in Language Systems,Ilmu Komputer dan Elektronika,1,"[""Building Natural Language Understanding System from User Manual to Execute Office Application Functions""]",31.3,"{""Ilmu Komputer dan Elektronika"": 1}"
Cognitive Radio Innovations in Spectrum Management,Parameter Estimation in Stable Noise Environments,Belum terpetakan,1,"[""Theoretical properties of the sample generalized codifference function of stable moving average process""]",44.5,"{""Belum terpetakan"": 1}"
Complement System and Hereditary Angioedema Insights,Thrombotic Microangiopathy in Transplantation Contexts,Ilmu Komputer dan Elektronika,1,"[""An Explainable Machine Learning Model with SHAP Feature Selection and Hybrid Sampling for Anemia Pre-Screening""]",35.7,"{""Ilmu Komputer dan Elektronika"": 1}"
Conservation Strategies for Endangered Species Management,Civet Species and Habitat Dynamics in Southeast Asia,Fisika,1,"[""Sumatra-wide assessment of spatiotemporal niche partitioning among small carnivore species""]",51.9,"{""Fisika"": 1}"
Control Strategies for Renewable Energy Systems,Control Strategies for Virtual Synchronous Generators,Ilmu Komputer dan Elektronika,1,"[""Bidirectional Virtual Inertia Control Strategy for a Bidirectional Interlinking Converter in an Autonomous Hybrid AC/DC Microgrid""]",89.9,"{""Ilmu Komputer dan Elektronika"": 1}"
Crystallization Dynamics and Nonlinear Optical Properties,Ultrasound Effects on Lactose Crystallization Dynamics,Matematika,1,"[""Controlled Particle Size Distribution in Ultrasound-Assisted Lithium Carbonate Precipitation""]",44.3,"{""Matematika"": 1}"
Cultural Connections through Archaeological Metalwork,Corrosion Mechanisms and Conservation of Copper Alloys,Kimia,1,"[""FORMULATION OF GUAVA LEAF COATING AS ANTICORROSION OF Cu METAL CULTURAL HERITAGE MATERIAL""]",6.5,"{""Kimia"": 1}"
Cultural Dynamics in Language and Code-Switching,Language Models for Code-Switching and Sentiment Analysis,Ilmu Komputer dan Elektronika,1,"[""Code-Mixed Sentiment Analysis using Transformer for Twitter Social Media Data""]",5.0,"{""Ilmu Komputer dan Elektronika"": 1}"
Cultural Dynamics in Urban Development and Creativity,Cultural Dynamics in Global Fashion Capitals,Matematika,1,"[""Detecting sarcasm in public opinion about COVID-19 using NBC and RBF""]",21.2,"{""Matematika"": 1}"
Deep Brain Stimulation and Robotic Innovations in Tremor Management,Essential Tremor and Parkinson's Disease Interconnections,Kimia,1,"[""Enhancing tremor classification: Transformer-based analysis of biomechanics patterns for Parkinson's and essential tremor""]",70.0,"{""Kimia"": 1}"
Diabetes and Beta Cell Function,Regenerative Proteins in Pancreatic Health and Disease,Ilmu Komputer dan Elektronika,1,"[""Transcriptome related to avoiding immune destruction in nasopharyngeal cancer in indonesian patients using next-generation sequencing""]",63.2,"{""Ilmu Komputer dan Elektronika"": 1}"
Digital Governance and Open Data Transformation,E-Government Services and Citizen Engagement Dynamics,Ilmu Komputer dan Elektronika,1,"[""Factors Affecting the Adoption and Usage of eGovernment Services in Libya""]",76.5,"{""Ilmu Komputer dan Elektronika"": 1}"
Digital Twin Integration in Smart Manufacturing Systems,Interoperability and Digital Twins in Industry 4.0,Ilmu Komputer dan Elektronika,1,"[""Knowledge graph modularization for cyber-physical production systems?""]",98.3,"{""Ilmu Komputer dan Elektronika"": 1}"
Diversity and Resistance in Plant Pathogens,Endophytic Fungi and Plant Growth Enhancement,Kimia,1,"[""Analysis and characterization of solid and liquid organic fertilizer from hydrothermal carbonization (Htc) of chicken feather and blood waste""]",43.5,"{""Kimia"": 1}"
Ecosystem Services and Land Use Dynamics,Carbon Valuation and Emission Trading in Forestry,Fisika,1,"[""Integration of Geoscientific Data Mining and GBM Hyperparameter Optimization to Improve the Accuracy of Landslide Hazard Prediction""]",95.9,"{""Fisika"": 1}"
Ectomycorrhizal Fungi and Soil Microbiology Dynamics,Ganoderma Impact on Palm Oil Health,Kimia,1,"[""APPLICATIONS OF ORGANIC FUNGICIDES, ENDOPHYTIC BACTERIA, BIOFUNGICIDES AND BIOSTIMULANTS IN CURATIVE CONTROL OF Ganoderma""]",54.3,"{""Kimia"": 1}"
Electronic Properties and Structural Dynamics of Advanced Materials,Phase Transformations in Titanium and Zirconium Alloys,Belum terpetakan,1,"[""Density-functional tight-binding parameters for bulk zirconium: A case study for repulsive potentials""]",71.4,"{""Belum terpetakan"": 1}"
Electrostatic Separation and Two-Phase Flow Dynamics,Two-Phase Flow Modeling and Dynamics,Matematika,1,"[""Optimized Bisection Image Processing for Wave Identification in Two-Phase Flow on Narrow Gap Rectangular Channel""]",23.3,"{""Matematika"": 1}"
Energy Optimization in Building Systems Design,Occupant Behavior for Energy Efficiency,Matematika,1,"[""Empowering Digital Humanism in Smart Built Environments through SOLID Data Spaces""]",95.3,"{""Matematika"": 1}"
Enhancements in Epoxy Composite Properties and Applications,Innovative Applications of Cashew Nut Derivatives,Kimia,1,"[""Isolation and Green Methylation of Cardanol from Cashew Nut Shell Liquid""]",60.7,"{""Kimia"": 1}"
Enhancing Customer Loyalty through Service Quality,Consumer Dynamics in Dairy Product Markets,Kimia,1,"[""Consumer purchasing behavior: An empirical study of livestock products food""]",86.7,"{""Kimia"": 1}"
Enhancing Device Performance with Germanium and Silicon,Germanium-Tin Alloy Photodetectors,Fisika,1,"[""Stone-wales and interchange configurations in monolayer SnGe: A density-functional-theory study""]",7.8,"{""Fisika"": 1}"
Enhancing Emergency Medical Services and Traffic Safety,Global Perspectives on Road Traffic Injury Prevention,Kimia,1,"[""Molecular dynamics of cobalt protoporphyrin antagonism of the cancer suppressor REV-ERBβ""]",39.9,"{""Kimia"": 1}"
Enhancing Patient Safety through Medication Management,Social Media Insights on Adverse Drug Reactions,Ilmu Komputer dan Elektronika,1,"[""Leveraging Wikipedia Knowledge for Distant Supervision in Medical Concept Normalization""]",77.4,"{""Ilmu Komputer dan Elektronika"": 1}"
Enhancing Quality of Life through Cosmetic Treatments,"Acne Vulgaris: Treatment, Quality of Life, and Resistance",Ilmu Komputer dan Elektronika,1,"[""Acne Classification with Gaussian Mixture Model based on Texture Features""]",71.0,"{""Ilmu Komputer dan Elektronika"": 1}"
Epigenetic Mechanisms in Cancer and Development,Death Associated Protein Kinase in Cellular Regulation,Kimia,1,"[""Stability, hydrogen bond occupancy analysis and binding free energy calculation from flavonol docked in DAPK1 active site using molecular dynamic simulation approaches""]",93.3,"{""Kimia"": 1}"
Ethnopharmacology and Biodiversity in Traditional Medicine,Traditional Knowledge and Biodiversity Conservation,Kimia,1,"[""SynthesisandHighAntioxidantActivityofC-Alkyl Calix[4]resorcinarene and C-Alkyl Calix[4]pyrogallolarene Derivatives""]",42.2,"{""Kimia"": 1}"
Fluorine Chemistry in Synthesis and Catalysis,Catalytic Fluoride Innovations in Environmental Applications,Belum terpetakan,1,"[""Synthesis and characterization of pure ZnO and ZnO supported MgF2 for catalytic acylation of phenol""]",31.5,"{""Belum terpetakan"": 1}"
Foam and Perfluoroalkyl Substances in Environmental Applications,Stability and Applications of Pickering Emulsions,Kimia,1,"[""THE ABILITY OF BREADFRUIT STARCH NANOPARTICLE-STABILIZED PICKERING EMULSION FOR ENCAPSULATING CINNAMON ESSENTIAL OIL""]",96.0,"{""Kimia"": 1}"
Food Allergies and Immunotherapy Approaches,Plant Antimicrobial Peptides and Their Applications,Kimia,1,"[""Antibacterial peptides from tryptic hydrolysate of Ricinus communis seed protein fractionated using cation exchange chromatography""]",67.0,"{""Kimia"": 1}"
Fractal Dimensions and Continued Fraction Approximations,Fractal Structures and Dirichlet Forms in Mathematical Physics,Fisika,1,"[""The Relationship Between Lipα/F ([a, b]) and BV αp/F ([a, b])""]",6.8,"{""Fisika"": 1}"
Gamification and Interactive Learning in Education,Educational Potential of Video Games in Learning,Matematika,1,"[""Enhancing Motivation and Understanding in Mathematics and Science through Educational Games with GDevelop""]",91.9,"{""Matematika"": 1}"
Gender Discrimination and Educational Policy Dynamics,Overeducation and Job Mismatch Effects on Workers,Ilmu Komputer dan Elektronika,1,"[""Applying Data Mining to Analysis of Mismatch between Education and Labor Market in Indonesia""]",55.0,"{""Ilmu Komputer dan Elektronika"": 1}"
Gender Dynamics and Engineering Education Reform,Cognitive Classification of Learning Outcomes in Education,Ilmu Komputer dan Elektronika,1,"[""Intelligent computational model to determine the order of thinking skills of test items""]",61.8,"{""Ilmu Komputer dan Elektronika"": 1}"
Genetic Diversity and Disease Resistance in Aquatic Species,Tilapia Lake Virus Impact on Aquaculture,Matematika,1,"[""Fish Eye Imaging as Water Pollution Bioindicator using Photoacoustic Tomography System""]",30.3,"{""Matematika"": 1}"
Genetic Innovations in Plant Regeneration and Metabolite Production,Callus Induction and Tissue Culture Applications,Kimia,1,"[""Effect of Growth Factor in Callus Induction and Bioactive Compounds in Seed Explant of Kaffir Lime (Citrus hystrix DC.)""]",48.9,"{""Kimia"": 1}"
Genetic Resistance and Expression in Plant Pathology,Toxicity and Environmental Impact of Strobilurin Fungicides,Kimia,1,"[""Enhanced dissipation of azoxystrobin in loam soil under direct sunlight exposure""]",85.9,"{""Kimia"": 1}"
Geochemical Insights into Magma and Mineralization,Epithermal Deposits in New Zealand,Fisika,1,"[""Ore Characteristics and Distribution Based on Geological and Geophysical Features of the Tambang Sawah Low Sulfidation Epithermal Gold Prospect in Lebong District, Sumatra Island, Indonesia""]",15.2,"{""Fisika"": 1}"
Geochronology and Mineral Evolution in Orogenic Belts,Garnet Dynamics in Skarn Ore Deposits,Fisika,1,"[""A preliminary study of geology and skarn of Cemorosewu Area, Bayat, Central Java, Indonesia""]",77.3,"{""Fisika"": 1}"
Gravity-Based Insights into Water Storage Dynamics,Geoid Models and Gravity Field Innovations,Ilmu Komputer dan Elektronika,1,"[""Joint interpretation global gravity model plus with seismic interpretation at Kradenan mud volcano area, Purwodadi, Central Java""]",26.6,"{""Ilmu Komputer dan Elektronika"": 1}"
HIV Prevention and Care Strategies for Communities,Global Health Challenges in HIV and Infectious Diseases,Matematika,1,"[""A QUASI-BIRTH-DEATH PERSPECTIVE OF SUSCEPTIBLE-INFECTIOUS-RECOVERED TYPE MODEL""]",65.7,"{""Matematika"": 1}"
Harmful Algal Blooms and Acanthamoeba Dynamics,Pathogenic Amoebae in Human Health and Environment,Kimia,1,"[""Nanocomposites of Terbium Sulfide Nanoparticles with a Chitosan Capping Agent for Antibacterial Applications""]",58.0,"{""Kimia"": 1}"
Health Insurance Coverage and Cost Dynamics,Financial Burden and Cancer Care Dynamics,Ilmu Komputer dan Elektronika,1,"[""Pricing Cancer Reinsurance Premiums Using a Stochastic Treatment Cost Model""]",27.5,"{""Ilmu Komputer dan Elektronika"": 1}"
Health Risks of Lead and Cadmium Exposure,Neurotoxic Effects of Lead Exposure on Brain Function,Kimia,1,"[""Reaction times among batik workers: The influence of gender and occupational lead exposure""]",60.3,"{""Kimia"": 1}"
Heart Rate Variability and Autonomic Function Insights,Heart Rate Variability and Autonomic Function in Health,Matematika,1,"[""Clinical Evidence of Wearable-Derived Heart Rate Variability for Detecting Systemic Inflammation: A Systematic Review""]",52.8,"{""Matematika"": 1}"
Heavy Metal Impact on Aquatic Ecosystems,Heavy Metal Bioaccumulation in Aquatic Ecosystems,Matematika,1,"[""Food Safety Level Assessment on Heavy Metals (As, Cd, Li, Ni, Pb, Ti) Concentration in Tilapia Fish (Oreochromis sp.) from Sleman and Bantul Yogyakarta""]",46.1,"{""Matematika"": 1}"
Heavy Metal Management in Aluminum and Bauxite,Aluminum Extraction from Coal Fly Ash Resources,Kimia,1,"[""Application of Design Experiments in Optimizing Silica Extraction from Coal Fly Ash and the Product Characterization""]",67.6,"{""Kimia"": 1}"
High Power Fiber Laser Innovations and Applications,Localized Structures in Nonlinear Optical Systems,Matematika,1,"[""TRANSITION TO CHAOS IN HIGH CONTROL PARAMETER OF SWIFT–HOHENBERG EQUATION""]",35.8,"{""Matematika"": 1}"
Holocene Climate Variability and Geodiversity Insights,Morphological Insights into Homo Erectus Evolution,Matematika,1,"[""Geochemical analysis was conducted on early Pleistocene outcrops: A Study Case in Manyarejo Cluster, Sangiran, Central Java, Indonesia.""]",32.3,"{""Matematika"": 1}"
Humor and Anxiety Management in Pediatric Care,Cognitive Insights into Visual Narrative Structures,Ilmu Komputer dan Elektronika,1,"[""Innovative Graph-Based Inference Generation for Analysis of Research Trends in Low-Resource Language Machine Translation Using Sentence-BERT and Word2Vec Embeddings""]",27.3,"{""Ilmu Komputer dan Elektronika"": 1}"
Hybrid Energy Management in Electric Vehicles,Electric Vehicle Adoption and Infrastructure Development,Matematika,1,"[""PROSPECTS AND CHALLENGES OF ALTERNATIVE TRANSPORTATION IN INDONESIA: UNDERSTANDING BASED ON NEWS EXTRACTION ABOUT TECHNOLOGY AND ACCEPTANCE OF ELECTRIC VEHICLES""]",94.9,"{""Matematika"": 1}"
Hydraulic Fracturing and Reservoir Management Innovations,Induced Seismicity and Fluid Dynamics in Geothermal Systems,Fisika,1,"[""Detection of seismic wave signal using singlemodemultimode-singlemode fiber probe""]",62.8,"{""Fisika"": 1}"
Image Quality and Video Streaming Optimization,Underwater Image Processing and Enhancement Techniques,Matematika,1,"[""Underwater Quality Enhancement Based on Mixture Contrast Limited Adaptive Histogram and Multiscale Fusion""]",82.9,"{""Matematika"": 1}"
Image and Video Retrieval Systems,Content-Based Image Retrieval Systems,Ilmu Komputer dan Elektronika,1,"[""A Robust Image Retrieval Method Using Multi-Hierarchical Agglomerative Clustering and Davis-Bouldin Index""]",16.4,"{""Ilmu Komputer dan Elektronika"": 1}"
Immune Checkpoint Inhibitors in Cancer Therapy,Epitope-Based Vaccine Design for Immune Response,Ilmu Komputer dan Elektronika,1,"[""Enhancement of conformational B-cell epitope prediction using CluSMOTE""]",96.5,"{""Ilmu Komputer dan Elektronika"": 1}"
Immune Responses and Therapeutics in HIV Infection,Lectins as Antiviral Proteins Against HIV,Fisika,1,"[""Prospecting New Antimicrobial Peptide from Gracilaria spp. Active-peptide Hydrolysate against Pathogenic Bacteria using Proteomic Approach""]",41.9,"{""Fisika"": 1}"
Impact of HPV on Squamous Cell Carcinoma Outcomes,Oral Cancer Risks and Screening Practices,Ilmu Komputer dan Elektronika,1,"[""Photoacoustic Imaging using Diode Laser for Soft Tissue Visualization""]",68.0,"{""Ilmu Komputer dan Elektronika"": 1}"
Implant Innovations in Orthodontics and Bone Health,Polyetheretherketone Applications in Biomedical Engineering,Fisika,1,"[""Fabrication and characterization of Polyetheretherketone (PEEK)/Hydroxyapatite (HA) pearl shell composites for bone implant""]",88.3,"{""Fisika"": 1}"
Infection Management in Joint Replacement Procedures,Antibacterial Properties of Titanium-Copper Alloys,Fisika,1,"[""Morphological, mechanical and antibacterial properties of Ti–Cu–N thin films deposited by sputtering DC""]",52.3,"{""Fisika"": 1}"
Influence of Technology on Consumer Behavior,Partial Least Squares Method in Structural Equation Modeling,Fisika,1,"[""Enacting Alternating Least Square Algorithm to Estimate Model Fit of Sem Generalized Structured Component Analysis""]",99.5,"{""Fisika"": 1}"
Innovative Antenna Applications in Medical and Environmental Fields,Borehole Radar for Geological Insights,Matematika,1,"[""Application Power Spectrum Analysis of Gravity Data to Investigate Subsurface Structures of the North Banggai-Sula Microcontinent in Maluku Sea Area""]",59.4,"{""Matematika"": 1}"
Innovative Approaches in Forest Management and Biomass Estimation,Modeling Tree Growth and Competition Dynamics,Ilmu Komputer dan Elektronika,1,"[""EFFECT OF COVID-19 PATIENTS FLOW RATE FROM ER TO LPD ON COVID-19 PATIENTS HEALING RATES AT RSUP DR. SARDJITO'S ER""]",48.1,"{""Ilmu Komputer dan Elektronika"": 1}"
Innovative Approaches to Carbon Dioxide Capture,Innovative Materials for Carbon Dioxide Capture,Kimia,1,"[""Fabrication of Alginate-Based Electrospun Nanofibers for Carbon Dioxide Removal""]",90.8,"{""Kimia"": 1}"
Innovative Approaches to Metal Recovery and Bioleaching,Polyvinyl Chloride Modification and Dechlorination,Kimia,1,"[""Preparation and characterization of composite from poly(vinyl chloride) hydrochar and hydrolyzate of keratin from chicken feather by hydrothermal carbonization""]",46.8,"{""Kimia"": 1}"
Innovative Control Systems for Autonomous Vehicles,Integrated Control Strategies for Electric Vehicle Stability,Ilmu Komputer dan Elektronika,1,"[""NAVIGATION CONTROL IN AUTONOMOUS VEHICLES USING ARTIFICIAL INTELLIGENCE: A RECENT COMPREHENSIVE STRUCTURED REVIEW""]",70.1,"{""Ilmu Komputer dan Elektronika"": 1}"
Innovative Drug Delivery Systems Using Nanoparticles,Nanoparticle Formulations for Sustained Drug Release,Kimia,1,"[""Optimization of Gelling Agent and Sunscreen Activity Test on 4-OH-chalcone Gel Using In Vitro Method""]",81.2,"{""Kimia"": 1}"
Innovative Materials from Waste for Sustainable Construction,Properties and Applications of Glass Ceramics from Waste,Fisika,1,"[""The effect of additive (SiO2, MgO, and CaO) in the hardness and crystal phase of basalt glass-ceramics""]",24.6,"{""Fisika"": 1}"
Innovative Materials in Conservation and Analysis,Innovative Treatments for Stone Conservation and Protection,Kimia,1,"[""Performance improvement of tetraethylorthosilicate consolidated andesite rock by adding titanium tetraisopropoxyde and silica particles""]",38.4,"{""Kimia"": 1}"
Innovative Methods for Solving Boundary Value Problems,Optimized Domain Decomposition in Numerical Methods,Matematika,1,"[""An adaptive multiscale finite element method enriched with generalized bubble functions for the Helmholtz equation""]",13.4,"{""Matematika"": 1}"
Innovative Solar Technologies for Energy and Water,Integration of Renewable Energy in Desalination Systems,Matematika,1,"[""Concentrated photovoltaics combined with multi-stage flash distillation systems for seawater desalination""]",94.6,"{""Matematika"": 1}"
Innovative Techniques in Image Processing and Rendering,Photometric Stereo for Surface Reconstruction,Fisika,1,"[""LOW-COST DOME FOR MULTI-PURPOSE DIGITALIZATION ON SMALL OBJECT""]",51.3,"{""Fisika"": 1}"
Innovative Techniques in Image Segmentation and Analysis,Facial Feature Modeling and Pose Estimation Techniques,Ilmu Komputer dan Elektronika,1,"[""Face recognition based on cnn 2d-3d reconstruction using shape and texture vectors combined""]",66.3,"{""Ilmu Komputer dan Elektronika"": 1}"
Innovative Techniques in Optical Imaging and Measurement,Holographic Imaging and Deep Learning Innovations,Fisika,1,"[""Nonmechanical parfocal and autofocus features based on wave propagation distribution in lensfree holographic microscopy""]",68.4,"{""Fisika"": 1}"
Insect Diversity and Biological Control Mechanisms,Microbial Dynamics and Forensic Implications of Decomposition,Fisika,1,"[""Application of a Photoacoustic Tomography System: A Case Study on the Monitoring of Pig Tissue Decomposition""]",18.8,"{""Fisika"": 1}"
Institutional Change in Public Sector Management Accounting,Management Control Systems and Performance Measurement,Ilmu Komputer dan Elektronika,1,"[""The impact of digitalization in accounting systems on information quality, cost reduction and decision making: Evidence from SMEs""]",69.8,"{""Ilmu Komputer dan Elektronika"": 1}"
Integrated Circuit Design and Reliability,Fault-Tolerance Techniques for Soft Error Resilience,Ilmu Komputer dan Elektronika,1,"[""Silent Data Corruption: Advancing Detection, Diagnosis, and Mitigation Strategies""]",36.1,"{""Ilmu Komputer dan Elektronika"": 1}"
Integrating Community Forestry and Environmental Governance,Sustainable Management of Tropical Forest Resources,Matematika,1,"[""Innovative and sustainable research-based learning & community services during lockdown by COVID-19""]",52.1,"{""Matematika"": 1}"
Integrating Forestry and Technology for Sustainability,Human Computation and Gamification in Data Annotation,Ilmu Komputer dan Elektronika,1,"[""Benchmarking Ontology Validation Capabilities of LLMs""]",62.7,"{""Ilmu Komputer dan Elektronika"": 1}"
Integration of Robotics and Computational Thinking in Education,Integrating Computational Thinking in Education,Kimia,1,"[""Computational thinking skills profile in solving mathematical problems based on computational thinking attitude""]",91.4,"{""Kimia"": 1}"
Integration of Robotics and Spacecraft Control Systems,Inverse Kinematics Solutions for Robotic Manipulators,Ilmu Komputer dan Elektronika,1,"[""MLP-Based Inverse Kinematics for Efficient Pick and Place Motion Generation of 6-DOF Robotic Manipulators""]",47.5,"{""Ilmu Komputer dan Elektronika"": 1}"
Integration of Search Engines and Case-Based Reasoning,Plagiarism Detection and Duplicate Content Management,Ilmu Komputer dan Elektronika,1,"[""Named entity recognition and dependency parsing for better concept extraction in summary obfuscation detection""]",18.9,"{""Ilmu Komputer dan Elektronika"": 1}"
Interdisciplinary Insights on Particle Dynamics and Life Origins,Innovative Particle Methods in Hydrodynamic Simulations,Kimia,1,"[""Application of Weakly Compressible Smoothed Particle Hydrodynamics Method to The Flow Around NACA 0012 Airfoil""]",58.7,"{""Kimia"": 1}"
Interleukin-33 and Immunoglobulin E in Allergic Responses,Histamine Receptors in Immune and Cellular Responses,Fisika,1,"[""VIRTUAL TARGET CONSTRUCTION FOR DISCOVERY OF HUMAN HISTAMINE H4 RECEPTOR LIGANDS EMPLOYING A STRUCTURE-BASED VIRTUAL SCREENING APPROACH""]",20.3,"{""Fisika"": 1}"
Interplay of Taste and Olfactory Sensations,TRPV4 Channel in Vascular and Cellular Dynamics,Ilmu Komputer dan Elektronika,1,"[""Transcriptome profile of next generation sequence data related to inflammation on nasopharyngeal carcinoma cases in Indonesia""]",76.3,"{""Ilmu Komputer dan Elektronika"": 1}"
Ion Implantation Techniques in Silicon Materials,Defect Dynamics and Diffusion in Silicon Systems,Fisika,1,"[""Atomic Vibrational Effect on Vacancy Concentration of Gray Tin (α-Sn): Computation Based on Density Functional Theory""]",9.0,"{""Fisika"": 1}"
Ischemic Stroke Management and Imaging Techniques,Machine Learning Models for Stroke Prediction,Matematika,1,"[""Enhancing stroke prediction models: A mixing of data augmentation and transfer learning for small-scale dataset in machine learning""]",81.9,"{""Matematika"": 1}"
Islamic Identity and Political Dynamics in Southeast Asia,Javanese Manuscripts and Cultural Narratives,Ilmu Komputer dan Elektronika,1,"[""A method for solving scriptio continua in Javanese manuscript transliteration""]",36.2,"{""Ilmu Komputer dan Elektronika"": 1}"
Laser and Arc Welding Techniques,Ultrasonic Innovations in Aluminum Alloy Processing,Ilmu Komputer dan Elektronika,1,"[""Comparative study of degassing method by using NaF-NaNO3-based tablet degasser, technical argon gas, and pure argon gas in aluminum casting""]",44.3,"{""Ilmu Komputer dan Elektronika"": 1}"
Lipase Enzymes in Biocatalytic Applications,Esterase and Lipase Innovations in Biocatalysis,Kimia,1,"[""Overexpression of lipase gene from Alcaligenes sp. JG3 and its activity toward hydrolysis reaction""]",48.3,"{""Kimia"": 1}"
MIMO Antenna Systems and Channel Estimation,Neural Network Applications in Channel Equalization,Ilmu Komputer dan Elektronika,1,"[""Nonlinear system identification using BBO-based multilayer perceptron network method""]",97.3,"{""Ilmu Komputer dan Elektronika"": 1}"
Macrophage Responses in Tuberculosis and Protein Interactions,Targeting Enzymatic Pathways in Mycobacterium Tuberculosis,Kimia,1,"[""Synthesis, antimalarial activity, and in silico study of pyridine-based N-phenylpyrazoline""]",79.5,"{""Kimia"": 1}"
Magnetic Properties and Coordination Complexes in Chemistry,Magnetic Properties of Layered Copper Hydroxides,Matematika,1,"[""Immobilization of Ascorbic Acid on Ni-Zn Layered Hydroxide Salts and its Application as [AuCl4]- Adsorbent""]",28.1,"{""Matematika"": 1}"
Mammalian Target of Rapamycin in Cancer Pathways,Forkhead Transcription Factors in Cellular Regulation,Matematika,1,"[""Analysis of a mathematical model of the interaction between PIP3, AKT, and FOXO3a in Acute Myeloid Leukemia""]",80.4,"{""Matematika"": 1}"
Mechanical Properties and Cardiac Function in Patients,Thermal Management Strategies in Surgical Settings,Belum terpetakan,1,"[""Determination of chicken blood-specific heat with adiabatic calorimeter based on extrapolation method""]",45.8,"{""Belum terpetakan"": 1}"
Mechanical Strength and Bonding in Dental Materials,Mechanical Properties of Acrylic Denture Resins,Fisika,1,"[""The properties of kenaf/carbon/PMMA hybrid composites by adding chitosan nano and microparticles""]",82.6,"{""Fisika"": 1}"
Melanocyte Function and Vitiligo Treatment Insights,Tyrosinase Inhibition and Melanin Regulation Insights,Kimia,1,"[""Synthesis, cytotoxicity assay, and molecular docking study of hydroxychalcone derivatives as potential tyrosinase inhibitors""]",64.4,"{""Kimia"": 1}"
Memory Architecture and Processor Design,Cache Memory Optimization in Multicore Systems,Ilmu Komputer dan Elektronika,1,"[""DeLoc: A Locality and Memory-Congestion-Aware Task Mapping Method for Modern NUMA Systems""]",17.5,"{""Ilmu Komputer dan Elektronika"": 1}"
Mercury Dynamics in Environmental and Health Contexts,Nutritional Potential of Edible Insects in Food,Kimia,1,"[""Ion exchange fraction of fish by-products protein as a food protein fortification ingredient""]",91.4,"{""Kimia"": 1}"
Mesenchymal Stem Cells in Regenerative Medicine,Mesenchymal Stem Cells in Immune Modulation,Fisika,1,"[""Mathematical Modelling of Lung Cancer Growth with Innate Immune Cell Response and The Role of Mesenchymal Stem Cell""]",84.3,"{""Fisika"": 1}"
Metabolomics and Its Role in Disease Understanding,Metabolomics and Its Role in Disease Understanding,Matematika,1,"[""Robust scaling strategies for outlier handling in orthogonal projection to latent structures discriminant analysis (OPLS-DA)""]",84.6,"{""Matematika"": 1}"
Methane Reduction through Feed Supplementation Strategies,Conjugated Linoleic Acid and Its Health Implications,Ilmu Komputer dan Elektronika,1,"[""Impact of Lactobacillus strains on free fatty acid profile in coconut neera""]",80.1,"{""Ilmu Komputer dan Elektronika"": 1}"
Microbial Solutions for Water Quality and Ecosystem Health,Microbially Induced Carbonate Precipitation in Soil Stabilization,Fisika,1,"[""Shoreline mapping based on beachrocks identification in Krakal-Sadranan beach, Yogyakarta, Indonesia""]",86.8,"{""Fisika"": 1}"
Microfluidic Systems for Enhanced Analytical Applications,Microfluidic Systems for Liquid-Liquid Extraction,Kimia,1,"[""New concept for the study of the fluid dynamics of lithium extraction using calix[4]arene derivatives in t-type microreactor systems""]",79.6,"{""Kimia"": 1}"
Moisture Dynamics and Energy Efficiency in Drying,Foam Mat Drying Techniques for Food Powders,Kimia,1,"[""Microencapsulation of Betacyanin from Dragon Fruit (Hylocereus polyrhizus) Peel by Foam-Mat Drying for Natural Food Colorant Application""]",74.0,"{""Kimia"": 1}"
Molecular Insights into Tumor Dynamics and Treatment,Stem Cell Factor Receptor in Cancer Progression,Kimia,1,"[""A MOLECULAR DOCKING STUDY OF EPOXYXANTHONES TOWARD NON-SMALL AND SMALL CELL LUNG CANCER TARGET PROTEINS""]",36.4,"{""Kimia"": 1}"
Morphometric Insights into Himalayan Landscape Evolution,Morphometric Insights into Watershed Dynamics,Matematika,1,"[""Mapping Potential Surface Runoff Areas in Batam with Geographic Information System for Flood Mitigation""]",16.3,"{""Matematika"": 1}"
Multidrug Resistance Mechanisms in Cancer Treatment,DNA Topoisomerases as Targets for Antibacterial Agents,Kimia,1,"[""The evaluation of dihydroxyxanthones as novel antibiotics against Staphylococcus Aureus and Escherichia Coli through in Vitro assay and molecular docking studies""]",56.6,"{""Kimia"": 1}"
Mushroom Compounds and Their Multifaceted Applications,Medicinal Mushrooms and Their Bioactive Properties,Kimia,1,"[""Effect of Drying Method on the Bioactive Properties of Oyster Mushroom (Pleurotus ostreatus)""]",68.0,"{""Kimia"": 1}"
National Identity and Minority Rights in Europe,Everyday Nationalism and Collective Identity Formation,Matematika,1,"[""Delivery structure of nationalism message on Twitter in the context of Indonesian netizens""]",6.0,"{""Matematika"": 1}"
Network Architecture and Security,Hardware Security Challenges in Integrated Circuit Design,Ilmu Komputer dan Elektronika,1,"[""MultiSAINT: Parallel Multi-Scale GNN for FPGA Hardware Trojan Detection""]",39.8,"{""Ilmu Komputer dan Elektronika"": 1}"
Neural Networks and Memristive Devices in Computing,Memory Effects in Diffusion and Reaction Dynamics,Matematika,1,"[""Fokker-Planck Equation and Its Application in Production Function""]",93.5,"{""Matematika"": 1}"
Neurochemical Mechanisms in Depression and Behavior,Serotonin 5-HT1A Receptor Dynamics in Depression,Ilmu Komputer dan Elektronika,1,"[""Substituted Indole Derivatives against Leucine Transporter (LeuT) as SSRI Antidepressant: Molecular Dynamics Study""]",24.1,"{""Ilmu Komputer dan Elektronika"": 1}"
Nonlinear Optical Properties in Materials,Nonlinear Optical Properties in Complexes,Kimia,1,"[""Performance of density functional theory for calculating the electronic, static, and dynamic nonlinear optical properties of asymmetric (3E,5E)-3,5-dibenzylidene-piperidin-4-one derivatives""]",13.9,"{""Kimia"": 1}"
Nutrient Dynamics and Toxicity in Aquatic Ecosystems,Cytotoxicity and Antioxidant Capacity of Plant Extracts,Fisika,1,"[""Exploring the Cytotoxic Activity of Dillenia serrata Thunb. Leaf Extracts: An In Vitro and In Silico Investigation""]",18.7,"{""Fisika"": 1}"
"Obesity, Metabolic Health, and Quality of Life",Normal Weight Obesity and Cardiometabolic Risks,Ilmu Komputer dan Elektronika,1,"[""A Mathematical Model of Social Interaction between the Sufferers of Cardiovascular and Type 2 Diabetes Mellitus""]",85.7,"{""Ilmu Komputer dan Elektronika"": 1}"
Oligodendrocyte Dynamics in Central Nervous System Recovery,Stem Cell Applications in Spinal Cord Recovery,Fisika,1,"[""Diamond concept as principle for the development of spinal cord scaffold: A literature review""]",73.6,"{""Fisika"": 1}"
Optimizing Query Processing in Information Systems,Geospatial Data Quality and User Interaction,Matematika,1,"[""CLASSIFICATION ANALYSIS FOR LAND SUITABILITY USING LINKED OPEN DATA""]",6.3,"{""Matematika"": 1}"
Optimizing Scheduling in Complex Manufacturing Systems,Integrating Preventive Maintenance in Scheduling Models,Kimia,1,"[""Optimization of Production and Maintenance Multiple Machines Scheduling in Batch Production System: A Case Study on the Pharmaceutical Industry in Central Java, Indonesia""]",88.4,"{""Kimia"": 1}"
Organic Matter Dynamics in Environmental Systems,Humic Acid Contributions to Soil Health,Kimia,1,"[""Characterization of Synthetic Humin from Solid Hydrolysate and Biochar from Hydrothermal Carbonization Products of Chicken Feather Waste""]",66.6,"{""Kimia"": 1}"
Organizational Dynamics in Employee Engagement and Ethics,Authentic Leadership and Its Impact on Work Environments,Ilmu Komputer dan Elektronika,1,"[""Activating empowerment through AI-guided reflection: the role of authentic leadership cues in a randomized controlled experiment""]",95.0,"{""Ilmu Komputer dan Elektronika"": 1}"
Ovarian Cancer Management and Patient Outcomes,Ovarian Cancer Risk Factors and Patient Outcomes,Kimia,1,"[""A promising computational study of ovarian cancer treatment of the isolated compound 5,7-dihydroxy-3(R)-methylphthalide""]",48.7,"{""Kimia"": 1}"
Parasite Infections and Immune Responses,Helminth Infections and Their Socioeconomic Impact,Ilmu Komputer dan Elektronika,1,"[""Essential Advances in Soil-Transmitted Helminth Detection Using Machine Learning and Deep Learning: A Systematic Review""]",31.1,"{""Ilmu Komputer dan Elektronika"": 1}"
"Parkinson's Disease: Gait, Cognition, and Quality of Life",Wearable Sensors for Parkinson's Disease Management,Belum terpetakan,1,"[""Hybrid ConvTransLSTM for spatio-temporal classification: identifying early Parkinson’s disease from gait patterns""]",82.9,"{""Belum terpetakan"": 1}"
Patient Satisfaction in Health Care Systems,Diagnosis-Related Groups in Health Care Systems,Ilmu Komputer dan Elektronika,1,"[""Toward design of an agent-based writing support system for the soap note: A content analysis of the video-based survey""]",29.1,"{""Ilmu Komputer dan Elektronika"": 1}"
Philosophical Foundations of Ethics and Society,Philosophical Foundations of Early German Romanticism,Fisika,1,"[""Investigation of the physics phenomena of weakly damped wave equations with forced force: Theory and simulation""]",4.9,"{""Fisika"": 1}"
Philosophical Foundations of Human Understanding,Kepler Laws and Orbital Dynamics in Celestial Mechanics,Fisika,1,"[""Introducing alternative theories of gravity through analysis of perihelion precession""]",3.9,"{""Fisika"": 1}"
Philosophical Foundations of Scientific Realism and Truth,Epistemic Insights into Computational Simulation Models,Ilmu Komputer dan Elektronika,1,"[""Numerical Estimation of Rice Harvest Growth in West Lombok regency Using Adam-Bashforth-Moulton Method""]",7.5,"{""Ilmu Komputer dan Elektronika"": 1}"
Phytoplasma Diseases and Insect Communication Mechanisms,Citrus Greening Disease and Vector Management,Fisika,1,"[""Finding Hidden Huanglongbing using an Electronic Nose""]",20.4,"{""Fisika"": 1}"
Piezoelectric Energy Harvesting Technologies,Harnessing Acoustic Energy through Piezoelectric Systems,Matematika,1,"[""Optimization of resonator length and loudspeaker's housing length of an acoustic energy harvester""]",98.8,"{""Matematika"": 1}"
Plant Responses to Climate Change and Water Efficiency,Xylem Growth Dynamics Under Climate Variability,Fisika,1,"[""Development and Application of a Low-Cost CT System for Analyzing Growth Ring Formation""]",74.8,"{""Fisika"": 1}"
Polyurethane and Carbon Dioxide Utilization,Innovative Epoxidation Techniques for Vegetable Oils,Kimia,1,"[""Oleate Epoxides Derived from Palm Oil as New Anticancer Agents: Synthesis, Cytotoxicity Evaluation, and Molecular Docking Studies Against FASN Protein""]",80.2,"{""Kimia"": 1}"
Power System Reliability and Control,Integration of Smart Grid Technologies for Power Management,Ilmu Komputer dan Elektronika,1,"[""Ullage level monitoring model using sensors inside and outside the system in the fino-style winemaking aging process""]",71.4,"{""Ilmu Komputer dan Elektronika"": 1}"
Prognostic Factors in Cancer and Inflammation,Inflammation-Based Prognostic Ratios in Cancer Outcomes,Kimia,1,"[""Development of Nomogram for Predicting the Overall Survival of Diffuse Large B-Cell Lymphoma (DLBCL) Patients Based on Clinical Data and Systemic Inflammation Markers""]",59.3,"{""Kimia"": 1}"
Properties of Analytic Functions and Operators,Characterization of Operators in Hilbert Spaces,Matematika,1,"[""Spectrum properties of self-adjoint operator""]",18.0,"{""Matematika"": 1}"
Proteomic Techniques for Biomarker Discovery and Analysis,Optimized Mass Spectrometry for Proteomic Characterization,Kimia,1,"[""ANTIBACTERIAL PEPTIDE FROM SOLID PHASE EXTRACTION (SPE) FRACTIONATION ON TRYPSIN HYDROLYSIS OF JATROPHA (Ricinus communis) SEED PROTEIN ACID EXTRACT""]",56.0,"{""Kimia"": 1}"
Public-Private Partnerships in Construction Management,Risk Management in Construction and Environmental Projects,Fisika,1,"[""The characterization of a photoacoustic tomography imaging system and its application to distinguish healthy liver and worm-infected liver""]",82.1,"{""Fisika"": 1}"
Qualitative Insights into Health and Education Dynamics,Qualitative Insights into Health Experiences and Research,Kimia,1,"[""Evaluation online learning system of PIP Semarang cadet""]",76.8,"{""Kimia"": 1}"
Quality Management Systems in Diverse Industries,ISO Certification and Quality Management Impact,Matematika,1,"[""The Impact of the Covid 19 Pandemic on the Performance of SNI Certified SMEs""]",81.9,"{""Matematika"": 1}"
Quantum Dots and Photovoltaic Innovations in Energy,Concentrator Photovoltaic Systems,Fisika,1,"[""The effect of mirror concentrator shape and size on horizontally installed PV output power""]",57.3,"{""Fisika"": 1}"
Quantum Dots and Their Multifaceted Applications,Zinc Sulfide Nanoparticles in Photonic Applications,Kimia,1,"[""Novel Tailoring of Ternary ZnS-MXene-TiO2 Nanocomposite Heterojunction and Its Tunable Electrochemical Properties With Enhanced Photocatalytic Degradation""]",83.1,"{""Kimia"": 1}"
Radiation Exposure and Kidney Stone Management,Digital Radiography and Image Quality Enhancement,Fisika,1,"[""A multifunctional geometric phantom for digital radiography assessment""]",50.7,"{""Fisika"": 1}"
Raman and Infrared Spectroscopy in Cancer Detection,Fourier Transform Infrared Spectroscopy in Cancer Research,Fisika,1,"[""Fourier transform infrared spectrum pre-processing technique selection for detecting PYLCV-infected chilli plants""]",44.2,"{""Fisika"": 1}"
Reproductive Efficiency in Dairy and Meat Production,Metabolic Health and Performance in Dairy Cows,Ilmu Komputer dan Elektronika,1,"[""Blood metabolite parameters during the pregnancy and lactation of brahman crossbred cows grazed under oil palm plantation in kalimantan, indonesia""]",30.8,"{""Ilmu Komputer dan Elektronika"": 1}"
Resource Management in Software-Defined Networks,Security Frameworks for Software Defined Networking,Ilmu Komputer dan Elektronika,1,"[""XGBoost Classifier for DDOS Attack Detection in Software Defined Network Using sFlow Protocol""]",72.9,"{""Ilmu Komputer dan Elektronika"": 1}"
Rheumatoid Arthritis Management and Patient Outcomes,Dihydroorotate Dehydrogenase in Antiviral Strategies,Kimia,1,"[""Computational Design of Thioxanthone Derivatives as Potential Antimalarial Agents through Plasmodium falciparum Protein Inhibition""]",67.6,"{""Kimia"": 1}"
Robotic Systems for Upper Limb Rehabilitation,Transformative Applications of 3D Printed Orthoses,Fisika,1,"[""Properties of Abaca/Epoxy Composites Modified by Activated Carbon Particles for Orthosis Application""]",84.6,"{""Fisika"": 1}"
Robust Control Systems with Delay Management,Optimal Control Strategies in Digital Systems,Matematika,1,"[""On the Symmetry between State Estimation and Reference Tracking""]",57.6,"{""Matematika"": 1}"
Ruthenium Complexes in Catalysis and Medicine,Dithiocarbamate Complexes and Their Structural Insights,Kimia,1,"[""Cd-ion removal using 1,1,1-tris(methyl N-carbodithioic acid)-9-decene extractant: synthesis, extraction behaviors, and mechanism""]",37.3,"{""Kimia"": 1}"
Ruthenium and Molybdenum Catalysts in Polymerization,Chiral Polymers and Their Cyclopolymerization Applications,Kimia,1,"[""Adsorption of carbon dioxide with nanofibers based on alginate/polyethylene oxide/triton X-100""]",14.8,"{""Kimia"": 1}"
Selenium and Sulfur Compounds in Chemical Synthesis,Elemental Sulfur in Thioamide Synthesis Innovations,Kimia,1,"[""Synthesis of 5-H thiazoles via thioamide dianions with thioformamides: Pyridylmethyl group on the nitrogen atom of thiazole promotes the formation of 5-H thiazoles""]",21.4,"{""Kimia"": 1}"
Shale Gas Reservoirs and Hydrocarbon Source Dynamics,Reservoir Dynamics and Hydrocarbon Potential in Iraq,Fisika,1,"[""Evaluation of Reservoir Properties of Eemoiko Limestone in Menui Sub-Basin, South-East Arm Sulawesi, Indonesia""]",68.1,"{""Fisika"": 1}"
Sleep Quality and Health Across Life Stages,Adolescent Sleep Patterns and Health Implications,Ilmu Komputer dan Elektronika,1,"[""Cluster Analysis of Sleep Health and Lifestyle Data Using Ward Algorithm and Euclidean Distance""]",87.8,"{""Ilmu Komputer dan Elektronika"": 1}"
Soil Erosion and Sediment Transport Dynamics,Land Suitability Assessment for Sustainable Development,Ilmu Komputer dan Elektronika,1,"[""Intelligent Decision Support System Model for Determining Horticultural Crop Suitability""]",59.8,"{""Ilmu Komputer dan Elektronika"": 1}"
Soil Mechanics and Foundation Design,Reinforced Concrete Chimneys and Soil Structure Interactions,Kimia,1,"[""Analysis of potential utilization of centralized PV power generation in penajam sub-district as the new capital city's buffer area""]",69.5,"{""Kimia"": 1}"
Soliton Solutions in Nonlinear Schrödinger Dynamics,Integrable Systems and Separation of Variables,Fisika,1,"[""Generalized fourier transforms for momentum-space construction on Riemannian manifolds""]",70.2,"{""Fisika"": 1}"
Solvent Dynamics and Reaction Mechanisms in Chemistry,Hydrolysis Mechanisms of Amides and Isotopes,Kimia,1,"[""DFT and CBS Study of Ethyl Acetate Conformers in the Neutral Hydrolysis""]",10.5,"{""Kimia"": 1}"
Stability and Synchronization in Neural Networks,Dynamics of Hopf Bifurcation in Neural Networks,Matematika,1,"[""On the multiple time-scales perturbation method for differential-delay equations""]",44.7,"{""Matematika"": 1}"
Star Formation and Emission in Circumstellar Disks,Polycyclic Aromatic Hydrocarbons and Interstellar Chemistry,Kimia,1,"[""Theoretical study of oxygen atom adsorption on a polycyclic aromatic hydrocarbon using density-functional theory""]",58.1,"{""Kimia"": 1}"
Steganography and Watermarking Techniques,Reversible Data Hiding Techniques in Image Processing,Ilmu Komputer dan Elektronika,1,"[""A unified framework for data hiding and image enhancement in grayscale and RGB domains""]",56.9,"{""Ilmu Komputer dan Elektronika"": 1}"
Stochastic Processes and Phase Transitions in Complex Systems,Fractional Brownian Motion and Stochastic Systems,Matematika,1,"[""Finite difference method for pricing of Indonesian option under a mixed fractional Brownian motion""]",10.9,"{""Matematika"": 1}"
Strength and Sustainability in Concrete Structures,Utilization of Seashell Waste in Construction Materials,Fisika,1,"[""Properties of Carbonated Hydroxyapatite-Based Scaffold from Oyster Shells Composited with Honeycomb and Polyethylene Oxide for Bone Tissue Engineering Applications""]",94.0,"{""Fisika"": 1}"
Surface Interactions and Catalytic Mechanisms in Reactions,Interfacial Dynamics of Aluminum Oxide and Sapphire,Ilmu Komputer dan Elektronika,1,"[""Fate of Water Molecules on (11-20) and (1-102) α-Alumina Surfaces: 2D Periodic Self-Consistent Charge-Density Functional Tight-Binding/Molecular Mechanics Molecular Dynamics Study""]",11.1,"{""Ilmu Komputer dan Elektronika"": 1}"
Targeted Antibody Therapies in Cancer Treatment,Trastuzumab and HER2-Positive Breast Cancer Treatment,Belum terpetakan,1,"[""HER2-targeted cytotoxic metabolites from Schleichera oleosa bark: Integrating LC–MS profiling, molecular docking and molecular dynamics simulation""]",72.6,"{""Belum terpetakan"": 1}"
Tau Protein Dynamics in Neurodegenerative Disorders,Therapeutic Advances in Spinal Muscular Atrophy,Fisika,1,"[""Influence of the SMN antibody on quartz crystal microbalance with dissipation (QCM-D) surface as an SMN protein biosensor""]",87.8,"{""Fisika"": 1}"
Taxation Dynamics and Economic Development Strategies,Tax Compliance and Morality in Economic Systems,Fisika,1,"[""PERFORMANCE MEASUREMENT BASED ON SPIRITUAL CULTURE IN EXCELLENT SERVICE (STUDY AT THE REGIONAL OFFICE OF THE DIRECTORATE GENERAL OF TAXES IN EAST JAVA)""]",31.0,"{""Fisika"": 1}"
Thermal Energy Storage and Electrochromic Innovations,Thermal Properties of Phase Change Materials,Fisika,1,"[""Fe3O4–graphene/polyethylene glycol–SiO2 as a phase change material for thermal energy storage""]",97.0,"{""Fisika"": 1}"
Traffic Safety Models and Pedestrian Behavior Insights,Spatial Analysis of Traffic Safety and Pedestrian Risk,Ilmu Komputer dan Elektronika,1,"[""Kernel Density Estimation for Seismic Hazard Mapping in Indonesia: Influence of Kernel Function, Bandwidth Size, and Grid Resolution""]",78.3,"{""Ilmu Komputer dan Elektronika"": 1}"
Trust and Security in Cloud Computing Systems,Identity Management and Data Privacy Solutions,Ilmu Komputer dan Elektronika,1,"[""Random and Sequence Workload for Web-Scale Architecture for NFS, GlusterFS and MooseFS Performance Enhancement""]",44.7,"{""Ilmu Komputer dan Elektronika"": 1}"
Tubulin Dynamics and Drug Resistance in Cancer Therapy,Microtubule Targeting Agents in Cancer Therapy,Kimia,1,"[""3,4,5-Trimethoxychalcones Tubulin Inhibitors with a Stable Colchicine Binding Site as Potential Anticancer Agents""]",14.8,"{""Kimia"": 1}"
Ultrasonic Innovations in Medical Imaging and Treatment,Seismic Imaging through Ambient Noise Interferometry,Ilmu Komputer dan Elektronika,1,"[""Application of Noise Tomography Method on Geothermal Area, Part I: Case Study on “TFQ1”""]",59.5,"{""Ilmu Komputer dan Elektronika"": 1}"
Uranium Contamination and Environmental Impacts,Health Implications of Depleted Uranium Exposure,Matematika,1,"[""A Bioassay Analysis of Uranium and Lead in Urine Samples from a High Natural Background Radiation Area in Indonesia""]",59.1,"{""Matematika"": 1}"
Urban Soundscapes and Health Impacts,Community Responses to Noise Pollution Effects,Ilmu Komputer dan Elektronika,1,"[""Exploring the Alteration and Masking of Everyday Noise Sounds using Auditory Augmented Reality""]",32.8,"{""Ilmu Komputer dan Elektronika"": 1}"
Uric Acid and Inflammatory Disease Management,Uric Acid's Role in Cardiovascular Health,Belum terpetakan,1,"[""Association of serum uric acid, morning home blood pressure and cardiovascular risk factors in a population with previous prehypertension: A cross-sectional study""]",68.8,"{""Belum terpetakan"": 1}"
Value Creation in Supply Chain Management Systems,Optimizing Healthcare Supply Chain Management,Kimia,1,"[""Hybrid Continuous and Periodic Review Policy Model for Drug Inventory Management""]",98.4,"{""Kimia"": 1}"
Vegetation and Climate Change Monitoring and Modeling,Drought Indices and Vegetation Monitoring Techniques,Ilmu Komputer dan Elektronika,1,"[""Satellite imagery and machine learning for aridity disaster classification using vegetation indices""]",94.8,"{""Ilmu Komputer dan Elektronika"": 1}"
Water Resource Management and Agricultural Sustainability,Water Resource Management and Policy in Jordan,Kimia,1,"[""Natural Magnetic Particles/Chitosan Impregnated with Silver Nanoparticles for Antibacterial Agents""]",77.6,"{""Kimia"": 1}"
Wireless Communication and Network Coding,Backscatter Communication Systems for IoT Integration,Ilmu Komputer dan Elektronika,1,"[""Drone-Based Sensor Information Gathering System With Beam-Rotation Forward-Scattering Communications and Wireless Power Transfer""]",50.9,"{""Ilmu Komputer dan Elektronika"": 1}"
Wood Properties and Treatments for Enhanced Performance,Wettability and Surface Properties of Wood Materials,Kimia,1,"[""Adsorption of cd(Ii) ion using α-cellulose immobilized humic acid with crosslinker agent epichlorohydrin""]",48.5,"{""Kimia"": 1}"
